,maturity,rates
0,3.2273972602739724,0.10005965142876637
1,3.723287671232877,0.09319684955493725
2,5.4904109589041115,0.09183104358618444
3,7.4082191780821915,0.09026506212234868
4,11.03013698630137,0.09035571745264928
5,11.915068493150685,0.1017731825612958
6,15.578082191780824,0.09358623738710578
7,20.290410958904108,0.09979843249358859
