,maturity,rates
0,3.1315068493150684,0.10329776317546993
1,3.3424657534246576,0.10845569835838084
2,3.8383561643835615,0.11107378817563655
3,4.3780821917808215,0.0988040412457792
4,5.2602739726027385,0.11699646581238947
5,6.526027397260274,0.12157764609260424
6,7.043835616438358,0.1282649560982617
7,7.6,0.13537276984138416
8,10.536986301369863,4.098615318635242
9,11.145205479452057,0.19132475828760107
10,12.03013698630137,0.20702327568384915
11,20.405479452054795,0.22813624039189506
