,maturity,rates
0,3.1123287671232878,0.10718002523745697
1,3.3232876712328765,0.0993370362604659
2,3.819178082191781,0.1020779553873966
3,4.358904109589041,0.09028703701216559
4,5.241095890410959,0.10065866946145224
5,6.506849315068492,0.1000042896724373
6,7.024657534246575,0.10134466780992041
7,7.580821917808219,0.10068769386869433
8,11.126027397260273,0.1020804773094266
9,12.01095890410959,0.10057909986069177
10,20.386301369863013,0.09130709774288058
