,maturity,rates
0,3.150684931506848,0.09775136026227496
1,5.279452054794521,0.09213409226932553
2,7.619178082191781,0.09228495028202013
3,11.164383561643836,0.08867575620564105
4,12.049315068493149,0.09133102311594564
