,maturity,rates
0,3.1260273972602737,0.10582423174189608
1,3.3369863013698637,0.09908536432817458
2,3.8328767123287673,0.10146682312493635
3,4.3726027397260285,0.08973159402036186
4,5.2547945205479465,0.09873898407559796
5,5.868493150684931,0.09571837329184449
6,6.520547945205481,0.09958490666625797
7,7.038356164383561,0.09968957503787189
8,7.594520547945206,0.09875405618078872
9,11.139726027397261,0.09411246813484336
10,12.024657534246574,0.09785262817450123
11,20.4,0.09136405024251582
