,maturity,rates
0,0.03287671232876712,0.08318213271224932
1,0.26301369863013696,0.009867558455534773
2,0.26301469863013693,0.009542876920769433
3,0.9726027397260274,0.026997931565051366
4,1.1260273972602741,0.02884918337019931
5,1.7589041095890412,0.03763126778308623
6,1.8767123287671232,0.03869212005946971
7,2.334246575342466,0.04072365178842987
8,2.8328767123287677,0.0471251118851393
9,3.0438356164383564,0.04799291621794099
10,3.6191780821917807,0.05105226885605821
11,4.079452054794522,0.05276155831804288
12,4.961643835616439,0.05608645028883906
13,5.306849315068493,0.05738787663463866
14,5.575342465753424,0.056263082417637306
15,6.227397260273973,0.0599625410378485
16,6.7452054794520535,0.06023394984072193
17,7.224657534246575,0.06360168189066545
18,7.301369863013699,0.06166688725105879
19,10.772602739726029,0.06637614795021436
20,11.731506849315071,0.06829480085289359
21,15.394520547945206,0.07032308458472544
22,19.78630136986301,0.07715541558353516
