,maturity,rates
0,0.38904109589041097,0.1634251670146472
1,0.5041095890410959,0.047382554751912824
2,1.021917808219178,0.07283309203779226
3,1.5589041095890408,0.06307604183254346
4,1.5589051095890407,0.08619559280771516
5,2.2684931506849315,0.10364526081278778
6,2.4219178082191783,0.10656965380403205
7,3.054794520547945,0.11278206379904714
8,3.1726027397260275,0.11353080807916778
9,3.572602739726028,0.09333114105198309
10,4.186301369863013,0.35338600898859557
11,4.339726027397259,0.11748090877049017
12,4.9150684931506845,0.12072871342034663
13,5.375342465753425,0.12168943793963706
14,6.257534246575342,0.12053639698599311
15,6.8712328767123285,0.10099052079327059
16,7.523287671232878,0.11737716469414074
17,8.04109589041096,0.11565168572194529
18,8.597260273972603,0.11456926983245896
19,12.068493150684931,0.11602612644640443
20,13.027397260273972,0.11599352563155114
