,maturity,rates
0,0.2054794520547945,0.07496587395704456
1,0.3232876712328767,0.005460402653235503
2,0.7232876712328767,0.011166047566765718
3,0.7808219178082192,0.008257635478877211
4,1.1452054794520548,0.007314804502700319
5,1.2794520547945205,0.017211508798115636
6,1.336986301369863,0.01128747507188982
7,1.4904109589041097,0.01939729122166137
8,2.0657534246575344,0.023687458183589947
9,2.526027397260274,0.026678439553683677
10,3.408219178082192,0.03141307736823059
11,3.7534246575342474,0.033071789293504045
12,4.021917808219178,0.030410777386045272
13,4.079452054794522,0.034655816957701126
14,4.673972602739727,0.03654334058194613
15,5.057534246575343,0.03805876202055616
16,5.191780821917809,0.038625784916048005
17,5.671232876712327,0.040134478268489586
18,5.747945205479453,0.04022291970248507
19,6.917808219178082,0.04387805416542389
20,8.835616438356164,0.047240576147554725
21,9.219178082191783,0.04729391377203236
22,10.178082191780822,0.049382241915532574
23,13.841095890410957,0.05326167849280261
24,15.356164383561644,0.05602039451954807
25,18.232876712328764,0.05818099730099599
