,maturity,rates
0,0.0027397260273972607,0.10776360268350442
1,0.7123287671232876,0.019439671544094487
2,0.8657534246575342,0.022782966164949552
3,1.498630136986301,0.03125897855943093
4,1.6164383561643836,0.03254060280293597
5,2.0739726027397256,0.034846853184925086
6,2.572602739726028,0.041503236297695985
7,2.783561643835617,0.04359498240180518
8,3.3589041095890413,0.04690344118633643
9,3.8191780821917813,0.04860877022498669
10,4.701369863013698,0.05118975739637529
11,5.046575342465753,0.05189125588961116
12,5.315068493150685,0.049952270913589704
13,5.967123287671233,0.05479730300693024
14,6.484931506849315,0.056170611878355606
15,7.041095890410959,0.05686946954122747
16,10.128767123287671,0.06101702396054712
17,10.512328767123286,0.06097804918435502
18,11.471232876712326,0.062272277901637994
19,15.134246575342464,0.06625621947027728
20,19.526027397260272,0.07006037071546733
