,maturity,rates
0,0.0904109589041096,0.06259723208629267
1,0.5506849315068493,0.004772822721742707
2,1.4328767123287671,0.010559072392953011
3,1.7780821917808218,0.012639267190543353
4,2.0465753424657533,0.009153010712475883
5,2.104109589041096,0.014154050178756254
6,2.698630136986301,0.017016451367516304
7,3.0821917808219177,0.018463378087963493
8,3.2164383561643834,0.019365443617441642
9,3.695890410958904,0.018952641346692407
10,3.772602739726028,0.02148400618992879
11,4.30958904109589,0.023421634004460717
12,4.693150684931507,0.02428311452119442
13,4.942465753424657,0.025272587610340437
14,5.786301369863014,0.013658018917291752
15,6.016438356164382,0.027712439182191746
16,6.860273972602741,0.029464006299008853
17,6.917808219178082,0.029612767639881438
18,7.243835616438357,0.030089377529960486
19,8.202739726027398,0.03213822496784591
20,9.545205479452054,0.0342798367357255
21,9.832876712328767,0.026189226856060985
22,10.427397260273972,0.03551582916213066
23,11.865753424657536,0.03757254601875326
24,13.38082191780822,0.0398632855693096
25,14.512328767123286,0.040792643623037805
26,16.257534246575347,0.044634312137507674
27,19.364383561643837,0.04458735853508386
