,maturity,rates
0,0.3397260273972603,0.08822706422353044
1,0.4931506849315068,0.012132098257433777
2,1.1260273972602741,0.022310684061064134
3,1.2438356164383562,0.023115220264313695
4,1.643835616438356,0.022447238679736106
5,1.7013698630136986,0.026153138329658893
6,2.2,0.032685098079323426
7,2.2575342465753425,0.024231007254559702
8,2.410958904109589,0.034898832992622676
9,2.9863013698630136,0.03910734322537782
10,3.4465753424657533,0.04164222169316871
11,4.328767123287672,0.04489864390834071
12,4.673972602739727,0.04605638950776025
13,4.942465753424657,0.04399656460906913
14,5.594520547945206,0.04930977310023453
15,6.112328767123286,0.05101093447234097
16,6.5917808219178085,0.052580841975734816
17,6.668493150684933,0.05264076821864033
18,9.756164383561645,0.059036547786790676
19,10.13972602739726,0.05847654046551319
20,11.098630136986301,0.06037160052508244
21,14.761643835616438,0.06483218772362058
22,19.153424657534245,0.06917321682478596
