,maturity,rates
0,0.06301369863013699,0.07769839053844238
1,0.12054794520547946,0.001429894383446602
2,0.273972602739726,0.0037906289128515794
3,0.8493150684931506,0.010405894626474888
4,1.3095890410958904,0.014963415948310908
5,2.191780821917808,0.02131713766960645
6,2.536986301369863,0.023363481532717327
7,2.8054794520547945,0.019336078309016135
8,2.863013698630137,0.0256910350734405
9,3.4575342465753423,0.02910946346812257
10,3.8410958904109593,0.0306677077067522
11,3.9753424657534246,0.031599985849935265
12,4.454794520547946,0.030942485401504835
13,4.531506849315068,0.03325778001307877
14,5.068493150684932,0.03544529268489753
15,5.701369863013697,0.03730605144012018
16,6.545205479452054,0.019622022862887868
17,7.619178082191781,0.04249196894412591
18,8.002739726027396,0.04265430106261128
19,8.961643835616439,0.04556857976423599
20,10.304109589041095,0.04847199188652869
21,12.624657534246573,0.050482661723924994
22,14.139726027397261,0.05257535322897468
23,15.271232876712327,0.0545814699319521
24,17.016438356164382,0.05511130654623082
