,maturity,rates
0,0.15616438356164386,0.15258628413289554
1,0.2712328767123288,0.02074708159232238
2,0.7890410958904109,0.0471452431342622
3,1.326027397260274,0.04547826626004565
4,1.326028397260274,0.05913184026981167
5,2.0356164383561643,0.0714375026877376
6,2.1890410958904107,0.07492177268143156
7,2.8219178082191783,0.07903049600588562
8,2.9397260273972603,0.07847000501624028
9,3.3972602739726026,0.08027703212801841
10,3.761643835616439,0.08286440898266308
11,4.1068493150684935,0.08425044893016699
12,4.682191780821919,0.08322338716618254
13,5.142465753424657,0.0879621682369703
14,6.0246575342465745,0.09013926838471908
15,6.638356164383563,0.09254174417384478
16,7.290410958904109,0.09230135360725983
17,7.808219178082192,0.09306842873161272
18,8.364383561643837,0.0930020536445002
19,11.835616438356164,0.09468860688039285
20,12.794520547945206,0.0956868578414231
21,20.849315068493148,0.10405728877693284
