,maturity,rates
0,0.0547945205479452,0.05636343670570757
1,0.20821917808219176,0.00276833384325938
2,0.7835616438356164,0.009276616076032161
3,1.2438356164383562,0.013804078577151201
4,2.126027397260274,0.020431119112307394
5,2.4712328767123286,0.023296427868437258
6,2.7397260273972597,0.018851148741019855
7,2.797260273972603,0.025053912709291817
8,3.3917808219178083,0.02869193107449864
9,3.775342465753425,0.030300313764001344
10,3.90958904109589,0.031406457368106995
11,4.389041095890411,0.03115991542521702
12,4.465753424657534,0.03379261760534527
13,5.0027397260273965,0.03555033638471986
14,5.6356164383561635,0.0375224971673574
15,6.479452054794519,0.020652434541910965
16,7.553424657534246,0.04261313546967798
17,7.610958904109589,0.043479230424235876
18,7.9369863013698625,0.04355093271462571
19,8.895890410958904,0.045821110729937733
20,10.238356164383562,0.04914791216681309
21,10.526027397260274,0.031970175942822476
22,12.558904109589042,0.05126227997998262
23,14.073972602739724,0.05363648031818395
24,15.205479452054794,0.055716873917807365
25,16.95068493150685,0.05647565027984874
