,maturity,rates
0,0.16712328767123288,0.09039254710546846
1,0.3972602739726027,0.01414576165127521
2,0.3972612739726027,0.013908126421496095
3,1.1068493150684928,0.02944088989189809
4,1.2602739726027397,0.03182358214311036
5,1.8931506849315067,0.04033576261890217
6,2.010958904109589,0.04101281794859918
7,2.468493150684932,0.04357962382090964
8,2.967123287671233,0.049619310968466696
9,3.024657534246576,0.038967118079742465
10,3.1780821917808217,0.05082219594192138
11,3.7534246575342474,0.05443023642848383
12,4.213698630136986,0.05660049005017206
13,5.095890410958903,0.05932853673881679
14,5.441095890410958,0.06136678708625482
15,5.7095890410958905,0.06005670536079565
16,6.361643835616437,0.06382136487952679
17,6.8794520547945215,0.0651102596139217
18,7.358904109589042,0.06624749809873719
19,7.435616438356163,0.06652953532554895
20,10.906849315068493,0.07044140579425469
21,11.865753424657536,0.07148668097961994
22,13.495890410958905,0.07004763372035935
23,15.528767123287674,0.07380350612915529
24,19.92054794520548,0.07991565374065943
