,maturity,rates
0,0.18904109589041096,0.06458354384779483
1,0.6493150684931507,0.0062400640001051
2,1.5315068493150683,0.012568074416319503
3,1.8767123287671232,0.015048563429574011
4,2.1452054794520548,0.010925240076999451
5,2.202739726027397,0.01694473651401572
6,2.797260273972603,0.01980891255140733
7,3.1808219178082187,0.021339818726048992
8,3.315068493150685,0.022136101592494333
9,3.7945205479452055,0.021442586696062617
10,3.871232876712329,0.024325079935750598
11,4.408219178082192,0.02652356376661744
12,4.791780821917809,0.02734254263868877
13,5.0410958904109595,0.02803008311217658
14,5.884931506849315,0.015299035291431754
15,6.115068493150685,0.03128375931662762
16,6.958904109589041,0.0329708092678994
17,7.016438356164382,0.032835800821930265
18,7.342465753424658,0.033598705419638046
19,8.301369863013699,0.0357358928224832
20,9.643835616438356,0.038021351735897664
21,10.526027397260274,0.03948403415718728
22,11.964383561643837,0.0413850105776972
23,13.47945205479452,0.04365901958705354
24,14.610958904109587,0.04492065153530136
25,16.356164383561644,0.047265080810004224
26,19.46301369863014,0.04819485552531549
