,maturity,rates
0,0.01643835616438356,0.07215457217702345
1,0.13424657534246576,0.0019245696095034329
2,0.5342465753424658,0.007377379431611398
3,0.5917808219178082,0.004886606848268419
4,1.0904109589041096,0.013161276919413883
5,1.147945205479452,0.005805286058222708
6,1.3013698630136987,0.015517598386524478
7,1.8767123287671232,0.020101065728650416
8,2.3369863013698633,0.023031210940937113
9,3.2191780821917813,0.027088733138985775
10,3.564383561643836,0.0289482754650713
11,3.8328767123287673,0.02655047412191572
12,3.8904109589041096,0.03079560020447237
13,4.484931506849315,0.03291045700820165
14,4.868493150684932,0.03401503834780361
15,5.0027397260273965,0.03425992143608753
16,5.4821917808219185,0.0324699276902546
17,5.558904109589042,0.03583353892082658
18,6.72876712328767,0.04004288815387014
19,8.646575342465754,0.043881354877777286
20,9.03013698630137,0.0440186901185922
21,9.98904109589041,0.046453685609527735
22,13.652054794520547,0.05118722037599615
23,15.167123287671233,0.05361329310514717
24,18.04383561643836,0.055460573604870514
