,maturity,rates
0,0.6328767123287671,0.09077266713911464
1,0.7863013698630137,0.019503381294665743
2,1.4191780821917808,0.029097841239015286
3,1.5369863013698633,0.029804857573375847
4,1.9369863013698632,0.029673130979057428
5,1.9945205479452053,0.025432565182109186
6,2.3589041095890413,0.0325951828372856
7,2.4931506849315066,0.031635442967248455
8,2.704109589041096,0.04066232915061814
9,3.2794520547945205,0.04421665259732175
10,3.7397260273972597,0.0463652507385311
11,4.6219178082191785,0.04876673545511918
12,4.9671232876712335,0.05094795447628296
13,5.235616438356164,0.045807162389254294
14,5.887671232876714,0.05288703676107581
15,6.405479452054794,0.053889030363791134
16,6.884931506849315,0.05495392807062519
17,6.961643835616439,0.055145961142915506
18,10.04931506849315,0.058583406920272696
19,10.432876712328767,0.05893496134432297
20,11.391780821917806,0.06041507713869098
21,15.054794520547945,0.06357237490746256
22,19.446575342465753,0.06904487123247442
