,maturity,rates
0,0.2273972602739726,0.08932196109038572
1,0.3808219178082192,0.009725984772643486
2,1.0136986301369864,0.020288110581284765
3,1.1315068493150684,0.02094959772912045
4,1.5890410958904109,0.023206909140480812
5,1.9534246575342469,0.023157667117713235
6,2.0876712328767124,0.030137979508391675
7,2.1452054794520548,0.022564621589530105
8,2.2986301369863016,0.032243935885570424
9,2.8739726027397263,0.03664170978210036
10,3.3342465753424664,0.03913276027269895
11,4.216438356164384,0.043130957346635794
12,4.561643835616438,0.0442390995946937
13,4.83013698630137,0.04242980348247921
14,5.4821917808219185,0.047439219095236254
15,6.0,0.049075844992571664
16,6.479452054794519,0.04905047738774001
17,6.556164383561644,0.05071679046345336
18,9.493150684931509,0.16920824693837375
19,9.643835616438356,0.04669944995958735
20,10.027397260273974,0.046159910269829726
21,10.986301369863014,0.04995768576337313
22,12.616438356164384,0.05871234592257709
23,14.649315068493149,0.05406865137453103
24,19.04109589041096,0.05919904682598259
