,maturity,rates
0,0.2356164383561644,0.06794331562594268
1,0.6958904109589041,0.006831750570673609
2,1.578082191780822,0.013261244907832538
3,1.9232876712328768,0.015587208530467765
4,2.191780821917808,0.01146807775806484
5,2.249315068493151,0.017355571349247916
6,2.8438356164383563,0.020315567744782284
7,3.2273972602739724,0.021772416389747223
8,3.3616438356164378,0.022569461743690157
9,3.8410958904109593,0.021822485509412366
10,3.9178082191780814,0.02468675264659307
11,4.454794520547946,0.02679094356062813
12,4.838356164383562,0.027511258190848178
13,5.087671232876712,0.028394208698535046
14,5.931506849315069,0.007920906016305495
15,6.161643835616437,0.03147445408024989
16,7.005479452054795,0.03296485645329327
17,7.0630136986301375,0.03316399433173696
18,7.389041095890411,0.03384366833481639
19,8.347945205479451,0.03592930169029412
20,9.69041095890411,0.03840696238899067
21,9.97808219178082,0.014119467741628613
22,10.572602739726028,0.04039011403491213
23,12.01095890410959,0.04193280797626454
24,13.526027397260275,0.04439406626442906
25,14.657534246575347,0.045903707207633815
26,16.402739726027402,0.04732453101538762
27,19.50958904109589,0.04880661152165276
