,maturity,rates
0,0.4602739726027397,0.07955393300193715
1,0.5780821917808219,0.010168756162086701
2,0.978082191780822,0.015380776071827527
3,1.0356164383561643,0.013448647795820954
4,1.4,0.009467310357430285
5,1.5342465753424657,0.021317837130149987
6,1.5917808219178082,0.01618984851456578
7,1.7452054794520548,0.02355947812068405
8,2.32054794520548,0.028223900437343834
9,2.780821917808219,0.031585083319828726
10,3.6630136986301367,0.0355847884989171
11,4.008219178082192,0.036973257588543695
12,4.276712328767124,0.03488250500280458
13,4.92876712328767,0.04079690457065233
14,5.312328767123288,0.042050534763649346
15,5.446575342465754,0.04252007048611976
16,5.926027397260274,0.043596335120066484
17,6.002739726027397,0.04371101121702723
18,7.172602739726028,0.04689955385904868
19,8.016438356164384,0.03836669644636865
20,9.090410958904108,0.05020116888669897
21,9.473972602739726,0.04587224496974772
22,10.432876712328767,0.05128471495002488
23,14.095890410958905,0.05565563650781172
24,15.610958904109587,0.058276633442702376
25,18.487671232876714,0.05725732661734768
