,maturity,rates
0,0.0547945205479452,0.0579437918280186
1,0.9369863013698628,0.006402861422941634
2,1.282191780821918,0.008217876423904247
3,1.5506849315068494,0.007226422682095038
4,1.6082191780821915,0.009876765423485964
5,2.202739726027397,0.012346363949698454
6,2.5863013698630137,0.013888949685428201
7,2.7205479452054795,0.014782887887279163
8,3.2,0.015026917452072134
9,3.276712328767123,0.01670439652609444
10,3.410958904109589,0.017379162210675935
11,3.813698630136986,0.01858182398913937
12,4.197260273972603,0.019690885504948637
13,4.446575342465755,0.020766359204672395
14,5.2904109589041095,-0.010038554083789529
15,5.520547945205481,0.023322399426026864
16,6.213698630136986,0.06235871444454646
17,6.3643835616438365,0.02515106140262984
18,6.4219178082191775,0.02535031284712757
19,6.747945205479453,0.02566382683725383
20,7.419178082191781,0.028165088867014697
21,7.706849315068491,0.028149409500473403
22,9.04931506849315,0.030465617574797675
23,9.336986301369864,0.010125315708289801
24,9.931506849315069,0.032647018287131326
25,11.36986301369863,0.034315733035081335
26,12.884931506849314,0.03632019219988136
27,14.016438356164384,0.036700311165196786
28,15.761643835616438,0.039497342386298394
29,18.86849315068493,0.04098065957625839
