,maturity,rates
0,0.2657534246575343,0.07772806350797866
1,0.3232876712328767,0.025801250513706662
2,0.7835616438356164,0.04447252190525257
3,0.8986301369863013,0.04658800089819437
4,1.4164383561643836,0.05598378052415154
5,1.9534246575342469,0.05939261714313591
6,1.9534256575342468,0.06499014772513674
7,2.6630136986301367,0.07085533370994047
8,2.8164383561643835,0.07193246115120402
9,3.4493150684931506,0.0744411106351962
10,3.5671232876712327,0.07470603669433602
11,4.734246575342466,0.07806458677138048
12,5.30958904109589,0.07855833044552499
13,5.769863013698631,0.07938200499046837
14,6.652054794520548,0.08122617965564433
15,7.917808219178082,0.08208775918668132
16,8.435616438356165,0.08157968521957883
17,8.991780821917809,0.08260023531049869
18,12.463013698630135,0.0840130478262197
19,13.421917808219176,0.08548457723325732
20,15.052054794520547,0.09755655109828876
21,21.476712328767125,0.0858546507943529
