,maturity,rates
0,0.4219178082191781,0.05336764735821538
1,1.304109589041096,0.009234460631093995
2,1.6493150684931508,0.011343080339680924
3,1.9178082191780816,0.007149197010320036
4,1.9753424657534249,0.013277737276480087
5,2.5698630136986296,0.01566772632905856
6,2.9534246575342467,0.017516877061303143
7,3.0876712328767124,0.017724889181287007
8,3.5671232876712327,0.01737829342002962
9,3.6438356164383565,0.020019198875548448
10,4.18082191780822,0.02216232832172242
11,4.564383561643836,0.023193693695302792
12,4.8136986301369875,0.024166472633841883
13,5.657534246575342,0.013409705136256026
14,5.887671232876714,0.02725733228001053
15,6.7315068493150685,0.02870825369195089
16,6.789041095890411,0.02890450949946267
17,7.115068493150685,0.029186456114344065
18,7.786301369863014,0.03154192534965949
19,8.073972602739726,0.03126131383626077
20,9.416438356164383,0.03371106402599924
21,9.704109589041096,0.026063552106195965
22,10.2986301369863,0.034961774936514395
23,11.736986301369862,0.03638203991003269
24,13.252054794520548,0.03870275476620525
25,14.383561643835616,0.04024474902100177
26,16.12876712328767,0.042985968200655346
27,19.235616438356164,0.043503421651011016
