,maturity,rates
0,0.1506849315068493,0.062211104108521625
1,0.6109589041095891,0.00583562273263183
2,1.4931506849315068,0.012150058077320721
3,1.8383561643835615,0.014132065038940904
4,2.106849315068493,0.010479368424945987
5,2.164383561643836,0.015801618631052346
6,2.7589041095890408,0.018580768190728486
7,3.1424657534246574,0.020040703384341288
8,3.276712328767123,0.02078416379047429
9,3.7561643835616434,0.020207843412494295
10,3.8328767123287673,0.023167434123104035
11,4.369863013698629,0.024962353447364402
12,4.753424657534247,0.025864520439505052
13,5.0027397260273965,0.026424955337805325
14,5.846575342465752,0.013229877909667911
15,6.076712328767122,0.029311239336952837
16,6.920547945205478,0.031302884770653114
17,6.978082191780822,0.03138692848083236
18,7.304109589041097,0.03178810823322942
19,8.263013698630138,0.03385068409596227
20,9.605479452054793,0.036008071654915784
21,10.487671232876714,0.03713702332407349
22,11.926027397260276,0.03920289535381351
23,13.441095890410958,0.04162106827839782
24,14.572602739726028,0.04269858360264474
25,16.317808219178087,0.04523075043257217
26,19.424657534246574,0.04620301075375382
