,maturity,rates
0,0.12054794520547946,0.06311462014346976
1,0.5808219178082191,0.005191288356437618
2,1.4630136986301367,0.011390742089404948
3,1.808219178082192,0.013224407155077843
4,2.0767123287671234,0.00960852097025508
5,2.1342465753424658,0.014785032104387568
6,2.7287671232876707,0.01757384827668343
7,3.112328767123288,0.018929857039374557
8,3.246575342465753,0.019683548172535297
9,3.7260273972602738,0.01945214062381037
10,3.8027397260273967,0.021808214358400232
11,4.339726027397259,0.023594475496304165
12,4.723287671232876,0.024380866408231103
13,4.972602739726027,0.02539114585371778
14,6.0465753424657525,0.027656929256653463
15,6.890410958904107,0.02962569562132979
16,6.947945205479453,0.029873465596138054
17,7.273972602739726,0.030343618315361382
18,8.232876712328768,0.03244443617632779
19,9.575342465753424,0.03452826941353012
20,9.863013698630136,0.026289365658562134
21,10.45753424657534,0.03593827633377566
22,11.895890410958906,0.03784155651529594
23,13.41095890410959,0.040131431628642966
24,14.54246575342466,0.04072303845044442
25,16.28767123287671,0.04442838161825754
26,19.394520547945206,0.04449604880571521
