,maturity,rates
0,0.19452054794520549,0.0738519916754018
1,0.3123287671232877,0.005229786669597315
2,0.7123287671232876,0.011021549014506079
3,0.7698630136986301,0.008648286907009257
4,1.1342465753424658,0.007705323779039308
5,1.2684931506849315,0.01698621117993333
6,1.326027397260274,0.011234076176246747
7,1.4794520547945205,0.019158373311359986
8,2.054794520547945,0.02344681238310046
9,2.515068493150685,0.026440043018244087
10,3.3972602739726026,0.03128566101959134
11,3.7424657534246575,0.03280166376821367
12,4.0109589041095886,0.029965287571818395
13,4.068493150684931,0.03460362810538291
14,4.663013698630137,0.036314247155969565
15,5.046575342465753,0.037987167265739814
16,5.18082191780822,0.03855346717139934
17,5.660273972602741,0.039462741340655416
18,5.736986301369862,0.04028273223961943
19,6.9068493150684915,0.043910729078959
20,8.824657534246576,0.04706367956203557
21,9.208219178082192,0.04748564329179867
22,10.167123287671233,0.049582610735180485
23,11.797260273972602,0.03629349781419087
24,13.830136986301367,0.055272905274998126
25,15.345205479452055,0.05793493164898848
26,18.221917808219175,0.05933225530319606
