,maturity,rates
0,0.4931506849315068,0.07263419879745034
1,0.9534246575342464,0.010355510563790363
2,1.8356164383561644,0.01699029577003543
3,2.180821917808219,0.019078533010610996
4,2.4493150684931506,0.014974223235652754
5,2.5068493150684934,0.020852443072582647
6,3.1013698630136988,0.023987807027026218
7,3.484931506849315,0.026148396390567853
8,3.6191780821917807,0.02665927265444664
9,4.098630136986301,0.027505911530875938
10,4.175342465753425,0.028986835558505224
11,4.712328767123288,0.030832608624806523
12,5.095890410958903,0.03228030972101299
13,5.345205479452055,0.033157315837717395
14,6.189041095890411,0.022382594115239955
15,6.419178082191781,0.03644148829973077
16,7.263013698630138,0.03786207448170455
17,7.320547945205481,0.03814229474581505
18,7.646575342465752,0.038443300808107136
19,8.605479452054794,0.0405434691052957
20,9.947945205479453,0.04321422287013259
21,10.830136986301367,0.04446063635098784
22,12.268493150684929,0.04571780989959333
23,13.783561643835617,0.04801072613620924
24,14.915068493150685,0.04943519503545702
25,16.660273972602738,0.05259967877581615
