,maturity,rates
0,0.1589041095890411,0.0629418318378457
1,0.6191780821917808,0.005837152740433642
2,1.501369863013699,0.011983825628475515
3,1.8465753424657532,0.01434577878750122
4,2.115068493150685,0.01054497161066806
5,2.1726027397260275,0.01612700540196414
6,2.767123287671233,0.018697630028938355
7,3.150684931506849,0.02023183655390543
8,3.2849315068493152,0.020856890540919024
9,3.764383561643836,0.020315074274889988
10,3.8410958904109593,0.02309076930874944
11,4.3780821917808215,0.02507759967001565
12,4.761643835616439,0.02585593014419364
13,5.0109589041095886,0.026452100959146435
14,5.854794520547945,0.014163382165279209
15,6.084931506849316,0.029536748756898823
16,6.92876712328767,0.03134925004586115
17,6.986301369863014,0.03117767156613792
18,7.312328767123287,0.03192061103032589
19,8.271232876712329,0.03388258130078368
20,9.613698630136986,0.03606992441651675
21,9.901369863013699,0.029367649538253337
22,10.495890410958904,0.037585196970720804
23,11.934246575342465,0.039713342341117445
24,13.449315068493151,0.04199928627463743
25,14.58082191780822,0.042945976625745313
26,16.326027397260273,0.04563601255580547
27,19.432876712328767,0.04633883781515225
