,maturity,rates
0,0.3287671232876712,0.07808265790726629
1,0.4465753424657534,0.007824073087918068
2,0.8465753424657534,0.01287883077472963
3,0.9041095890410958,0.009183717590485163
4,1.4027397260273973,0.01929571006998918
5,1.4602739726027398,0.016028151107685237
6,1.6136986301369862,0.02116610665972549
7,2.1890410958904107,0.025602554110714888
8,2.649315068493151,0.028695739350446933
9,3.5315068493150683,0.03302103530907873
10,3.8767123287671232,0.03493505280361954
11,4.145205479452055,0.032432046049239986
12,4.7972602739726025,0.03824871106940287
13,5.18082191780822,0.039747595047187216
14,5.315068493150685,0.04046563498544338
15,5.794520547945205,0.042767201257211146
16,5.8712328767123285,0.041932796568354594
17,7.041095890410959,0.04471285281763679
18,8.958904109589039,0.0480652961536389
19,9.342465753424657,0.04805887204167898
20,10.301369863013699,0.04998464534993096
21,13.964383561643837,0.05353559816990223
22,15.47945205479452,0.05656834821617789
23,18.356164383561644,0.0597588633232748
