,maturity,rates
0,0.021917808219178082,0.1031940724247372
1,0.5397260273972603,0.024809432734666396
2,0.8465753424657534,0.03461580490349533
3,1.0767123287671232,0.028344672189640985
4,1.0767133287671231,0.041097410403660134
5,1.7863013698630137,0.05407502022659679
6,1.9397260273972603,0.057201212712614406
7,2.572602739726028,0.06460565962548964
8,2.6904109589041094,0.06541912702824461
9,3.0904109589041098,0.06911077261001158
10,3.1479452054794512,0.07015392274067077
11,3.6465753424657534,0.07258729894037072
12,3.857534246575343,0.0745321329880029
13,4.432876712328767,0.07705077908666169
14,4.8931506849315065,0.0796338574391507
15,5.7753424657534245,0.08213209927580997
16,7.041095890410959,0.08480939050281129
17,7.558904109589042,0.0855658612608512
18,8.038356164383561,0.0866292206909087
19,8.115068493150686,0.08719589211829909
20,11.586301369863017,0.08945747056911993
21,12.545205479452054,0.09044842507850359
22,20.6,0.09233651632716247
