,maturity,rates
0,0.273972602739726,0.07309561870424576
1,0.5424657534246575,0.045553468152542104
2,0.6,0.04745342099998024
3,1.0602739726027397,0.05799780631717873
4,1.1753424657534246,0.054939246046665134
5,1.6931506849315068,0.06686569062920167
6,2.0,0.06660005619513704
7,2.2301369863013702,0.07054793745920936
8,2.9397260273972603,0.07129430910608504
9,3.0931506849315067,0.07522421615813436
10,3.7260273972602738,0.07667038321103642
11,3.843835616438356,0.07658344492486446
12,5.0109589041095886,0.0775766634562375
13,5.586301369863015,0.07823406852278537
14,6.0465753424657525,0.07810647305457709
15,6.92876712328767,0.0809526224368362
16,7.542465753424658,0.0778007378727431
17,8.194520547945206,0.0856353045422601
18,8.712328767123287,0.08200216700684637
19,9.26849315068493,0.08343914729705981
20,12.73972602739726,0.0847475296146032
21,13.698630136986301,0.08573601708972779
22,21.753424657534246,0.09144749958508232
