,maturity,rates
0,0.05753424657534247,0.060923051652225925
1,0.4958904109589041,0.0463014868806872
2,0.7643835616438356,0.05293612364586548
3,0.821917808219178,0.05471000454947883
4,1.282191780821918,0.05725225270639869
5,1.3972602739726028,0.05726555675519188
6,1.9150684931506852,0.06256132121576045
7,2.221917808219178,0.06419192380737783
8,2.4520547945205484,0.06306408168911705
9,2.4520557945205486,0.0654623388124367
10,3.1616438356164385,0.06995467719112997
11,3.315068493150685,0.07015072607553688
12,3.9479452054794515,0.07207619473833211
13,4.065753424657534,0.07055687514141902
14,4.465753424657534,0.07853424369527115
15,5.232876712328767,0.07559162849840272
16,5.808219178082192,0.07655349097248433
17,6.268493150684932,0.07469234711784967
18,7.1506849315068495,0.07818327501922259
19,7.764383561643837,0.07514799547589321
20,8.416438356164383,0.07968171595771607
21,8.934246575342465,0.07976896575162759
22,9.490410958904107,0.08075636165328194
23,12.961643835616439,0.08153348855614767
24,13.920547945205481,0.08265987374220808
