,maturity,rates
0,0.0904109589041096,0.09016969470556764
1,0.7232876712328767,0.013980125972951235
2,0.8410958904109589,0.015361184349819793
3,1.2410958904109588,0.014429507006003355
4,1.2986301369863014,0.01850202689977047
5,1.663013698630137,0.017305437807851896
6,1.797260273972603,0.025955673804905446
7,1.8547945205479448,0.022571414736032924
8,2.008219178082192,0.02812914184772087
9,2.5835616438356164,0.03219123893340813
10,3.0438356164383564,0.03454507139054334
11,3.9260273972602735,0.0382485838966033
12,4.271232876712329,0.03932617016229833
13,4.5397260273972595,0.038264286433764554
14,5.191780821917809,0.0416503929682714
15,5.575342465753424,0.04304075094772201
16,5.7095890410958905,0.04292723161831437
17,6.189041095890411,0.047322541715405196
18,6.265753424657534,0.04512558227778735
19,7.435616438356163,0.04780235566232679
20,9.353424657534246,0.05028308526030663
21,9.736986301369864,0.04993591521829841
22,10.695890410958905,0.05256860364976843
23,14.358904109589037,0.05704508160806651
24,15.873972602739727,0.059304445108619805
25,18.75068493150685,0.06132332779120723
