,maturity,rates
0,0.2356164383561644,0.10395024693023666
1,0.5424657534246575,0.021154288937764044
2,0.7726027397260274,0.028045073437967763
3,0.7726037397260275,0.028922980202054034
4,1.4821917808219178,0.042242935052078906
5,1.6356164383561644,0.044363662297390735
6,2.2684931506849315,0.051985213416037734
7,2.3863013698630136,0.05299993022704956
8,2.7863013698630144,0.053218501954274564
9,3.3424657534246576,0.060154876241790826
10,3.5534246575342467,0.0610375985887525
11,4.589041095890411,0.0656501367928187
12,5.471232876712329,0.06906874008948177
13,6.084931506849316,0.0703850700845554
14,6.736986301369862,0.0725372674318066
15,7.2547945205479465,0.07366686274682731
16,7.734246575342466,0.06890935143298142
17,7.810958904109589,0.07474081938522865
18,11.282191780821917,0.07861798438641472
19,12.241095890410962,0.0801095961566747
20,20.295890410958904,0.08663835771202087
