,maturity,rates
0,0.2328767123287671,0.07842565058757989
1,0.2904109589041096,0.024067886250415674
2,0.7506849315068493,0.0447718406607651
3,0.8657534246575342,0.04736585264091514
4,1.3835616438356164,0.058667194761491896
5,1.9205479452054797,0.060910775406938934
6,1.9205489452054796,0.06760586499734442
7,2.6301369863013697,0.07425451820223337
8,2.783561643835617,0.07509316766801097
9,3.416438356164384,0.07842665274140359
10,3.5342465753424657,0.07814741734627385
11,3.991780821917808,0.07648607285152027
12,4.356164383561644,0.08285875577032357
13,4.701369863013698,0.08047388100389476
14,5.276712328767124,0.08322822393944825
15,5.736986301369862,0.08253358317573405
16,6.619178082191781,0.08470158947800695
17,7.232876712328768,0.086772124227004
18,7.884931506849315,0.08567841860270808
19,8.402739726027397,0.08668403604991202
20,8.958904109589039,0.0861773262078017
21,12.43013698630137,0.08784815089707226
22,13.389041095890413,0.08886392828428598
23,21.44383561643836,0.08584962660604233
