,maturity,rates
0,0.2328767123287671,0.0963085073275488
1,0.2328777123287671,0.00829837817476501
2,0.9424657534246575,0.025732358626377932
3,1.095890410958904,0.02814753391810862
4,1.7287671232876711,0.037397620647104717
5,1.8465753424657532,0.03817439658902274
6,2.246575342465753,0.03755892793551585
7,2.304109589041096,0.04196016715674089
8,2.8027397260273967,0.046320776070117635
9,2.8602739726027395,0.03925318683810609
10,3.0136986301369864,0.04763629194756432
11,3.589041095890411,0.050940795872709034
12,4.049315068493152,0.053029301611595615
13,4.931506849315068,0.056119784934350374
14,5.276712328767124,0.057628071857884496
15,5.545205479452054,0.05496081494169593
16,6.197260273972603,0.05987459689298501
17,6.715068493150685,0.060982287120814216
18,7.1945205479452055,0.06437528131613078
19,7.27123287671233,0.06218343748694705
20,10.742465753424657,0.06624357403268526
21,11.7013698630137,0.06772543488609656
22,15.364383561643837,0.07081948529190508
23,19.756164383561643,0.07718475944202427
