,maturity,rates
0,0.23013698630136986,0.012743592839112444
1,0.3643835616438356,0.004867825429865779
2,0.4219178082191781,0.005241554177172566
3,0.5753424657534246,0.007420388545562981
4,1.1506849315068493,0.013398836976088492
5,1.610958904109589,0.01793630397525011
6,2.4931506849315066,0.019900279655088855
7,2.838356164383561,0.027707162938546765
8,3.106849315068493,0.022094897526134024
9,3.1643835616438367,0.02932608108071705
10,3.7589041095890408,0.032229845439526845
11,4.142465753424657,0.03438643719239984
12,4.276712328767124,0.03456266135768133
13,4.756164383561643,0.034578978861341494
14,4.832876712328766,0.036915474643572796
15,5.36986301369863,0.03967874098019391
16,6.002739726027397,0.04109856247216548
17,7.920547945205478,0.04629659577080427
18,8.304109589041095,0.04681715024103407
19,9.263013698630136,0.04896488811194892
20,10.605479452054793,0.05143039187173832
21,12.926027397260276,0.054086356775152625
22,14.441095890410958,0.055914356248498595
23,15.572602739726028,0.05682084425921803
24,17.317808219178087,0.05784006325537106
