,maturity,rates
0,0.4767123287671233,0.09206670467958013
1,0.6301369863013698,0.015813617708383233
2,1.263013698630137,0.02531508388625496
3,1.3808219178082193,0.0264320801149623
4,1.8383561643835615,0.030463870862882842
5,2.3369863013698633,0.03613851689373483
6,2.5479452054794516,0.03801149200107074
7,3.1232876712328768,0.04171743507530763
8,3.5835616438356164,0.044667183568017375
9,4.465753424657534,0.048267875298179906
10,4.810958904109589,0.049502646249206674
11,5.7315068493150685,0.05226155712029157
12,6.249315068493152,0.05375631709875186
13,6.8054794520547945,0.05507224761857546
14,9.89315068493151,0.059456682061770745
15,10.276712328767124,0.059355030136846454
16,11.235616438356164,0.061125215905075345
17,14.898630136986304,0.06484513707780798
18,19.290410958904108,0.06830821042879916
