,maturity,rates
0,0.17534246575342466,0.10372755186551352
1,0.4821917808219178,0.019916666321156663
2,0.7123287671232876,0.026419642352579913
3,1.421917808219178,0.041431009912469355
4,1.5753424657534247,0.04311818988269972
5,2.208219178082192,0.05129875774412183
6,2.326027397260274,0.05253563356283992
7,2.783561643835617,0.05151456947636215
8,3.1479452054794512,0.058286094909396666
9,3.2821917808219183,0.05960482373273072
10,3.493150684931507,0.06050416911250868
11,4.068493150684931,0.06358322666059987
12,4.528767123287671,0.0651089501165832
13,5.410958904109589,0.0679480053954259
14,6.0246575342465745,0.06562772706074425
15,6.676712328767122,0.07174356810212143
16,7.1945205479452055,0.06492339975084517
17,7.673972602739727,0.06994311476939946
18,7.750684931506848,0.07332684075201218
19,11.221917808219178,0.07577610940611453
20,12.18082191780822,0.07711631433072139
21,20.235616438356164,0.08174998957623035
