,maturity,rates
0,0.07945205479452055,0.05894589057441536
1,0.4794520547945205,0.006280796861666597
2,0.536986301369863,0.003914033859009602
3,1.0356164383561643,0.011927088324096445
4,1.0931506849315071,0.007406326859673812
5,1.2465753424657535,0.01427641383182754
6,1.8219178082191783,0.01894688373536088
7,2.282191780821918,0.02188799684314466
8,3.1643835616438367,0.026434861702495087
9,3.5095890410958903,0.027497865378810875
10,3.778082191780822,0.025801717945843156
11,3.8356164383561633,0.029479243262995343
12,4.4301369863013695,0.031446066563298264
13,4.8136986301369875,0.03282614916949096
14,4.947945205479452,0.03308549467203183
15,5.504109589041097,0.03446746220232649
16,6.673972602739727,0.0384775120731096
17,8.591780821917808,0.04221041747900987
18,8.975342465753425,0.039063496218957175
19,9.934246575342463,0.04510511453155043
20,13.597260273972607,0.049418315397056684
21,15.112328767123287,0.05181410233240813
22,17.98904109589041,0.05120336737917293
