,maturity,rates
0,0.4,0.14384395456026386
1,0.5150684931506849,0.040912338229895755
2,2.432876712328768,0.09916829286942644
3,3.0657534246575344,0.10612818671976253
4,5.3863013698630136,0.11750116535117945
5,6.882191780821918,0.11547387133371004
6,8.052054794520547,0.11257457870013532
7,12.079452054794519,0.11126417754165285
8,13.038356164383561,0.11618742026548201
9,21.093150684931512,0.10343942986895277
