,maturity,rates
0,0.273972602739726,0.07279372774080352
1,0.3315068493150685,0.003690902915659495
2,0.4849315068493151,0.006462749120287655
3,1.0602739726027397,0.012641187847483573
4,1.5205479452054795,0.017097566911386655
5,2.4027397260273973,0.02411878000308693
6,2.7479452054794513,0.02648921686079139
7,3.016438356164384,0.021919577895215505
8,3.0739726027397265,0.02855393898132339
9,3.668493150684931,0.03143547763673983
10,4.052054794520549,0.03333445872562465
11,4.186301369863013,0.03437834571189613
12,4.742465753424658,0.03653725548417062
13,5.279452054794521,0.03923199594959792
14,5.912328767123287,0.04127133079072382
15,7.83013698630137,0.04608854430853734
16,8.213698630136987,0.04644349953669127
17,9.172602739726027,0.0488183689452871
18,10.515068493150684,0.051261410752505766
19,12.835616438356164,0.054100064773355785
20,14.350684931506851,0.05629470766048552
21,15.482191780821918,0.0569813630607436
22,17.22739726027397,0.05777115840903504
