,maturity,rates
0,0.3452054794520548,0.15213070438692008
1,0.4602739726027397,0.04144572190177661
2,0.978082191780822,0.06724102401310715
3,1.2849315068493148,0.07812955952521977
4,1.515068493150685,0.06357256744776783
5,1.515069493150685,0.08430477059186033
6,2.2246575342465755,0.09783283742260777
7,2.3780821917808215,0.09885964846677134
8,3.010958904109589,0.10110247314150397
9,3.128767123287671,0.10320700084182215
10,3.5287671232876714,0.10162188775318853
11,4.295890410958904,0.10969231750933259
12,4.8712328767123285,0.11126757436356552
13,6.213698630136986,0.11504052069283369
14,6.8273972602739725,0.1110037299698795
15,7.479452054794519,0.10415378626490995
16,8.476712328767123,0.10652341600684583
17,8.553424657534247,0.11366567515709738
18,10.567123287671233,0.08902498272107377
19,11.490410958904107,3.5072899687052
20,12.024657534246574,0.1087653777854604
21,12.983561643835616,0.11614766052146788
22,21.038356164383558,0.10260930815687123
