,maturity,rates
0,0.589041095890411,0.0914631606126218
1,0.7424657534246575,0.018745436201664165
2,1.3753424657534246,0.027275810747417386
3,1.4931506849315068,0.02897579934559737
4,1.8931506849315067,0.02792676764332479
5,1.9506849315068493,0.03127327958834114
6,2.3150684931506853,0.0309115415270046
7,2.4493150684931506,0.037324088630163614
8,2.5068493150684934,0.029644280804004046
9,2.6602739726027402,0.03860691145852477
10,3.2356164383561645,0.04192159677526009
11,3.695890410958904,0.04504328467038367
12,4.5780821917808225,0.047604190031771555
13,4.923287671232877,0.04938872168774002
14,5.191780821917809,0.04664136715866075
15,5.843835616438357,0.051908095578051164
16,6.361643835616437,0.05343584111791054
17,6.8410958904109584,0.05266212871774407
18,6.917808219178082,0.05410479622049991
19,10.005479452054798,0.058087810875243465
20,10.389041095890413,0.05861282969374347
21,11.347945205479453,0.06010599004548805
22,15.01095890410959,0.06357275025962174
23,19.4027397260274,0.06755267564428748
