,maturity,rates
0,0.14794520547945206,0.04991834533152945
1,1.03013698630137,0.007735611769986633
2,1.3753424657534246,0.010139474686843238
3,1.643835616438356,0.009738511479034886
4,1.7013698630136986,0.012306559514392251
5,2.295890410958904,0.015483142843750299
6,2.6794520547945204,0.017394075675326567
7,2.8136986301369857,0.018310641117936708
8,3.2931506849315073,0.017137150398165723
9,3.3698630136986303,0.02061658346621034
10,3.504109589041096,0.021554354029573876
11,3.906849315068493,0.0228587115939664
12,4.2904109589041095,0.023718228999452202
13,4.5397260273972595,0.02427623864450896
14,5.383561643835616,-0.0023985358433899176
15,5.613698630136986,0.027537062631690607
16,6.306849315068492,0.06767453366782944
17,6.457534246575342,0.02951736107276893
18,6.515068493150685,0.028867775941338644
19,6.8410958904109584,0.029698086684797866
20,7.512328767123287,0.03136834872413124
21,7.8,0.03255975295206402
22,9.142465753424656,0.034447315365608674
23,10.024657534246575,0.035138338036245165
24,11.463013698630135,0.037709460342791996
25,12.97808219178082,0.03890836016989912
26,14.10958904109589,0.04105719459374861
27,15.854794520547946,0.04264482646188042
28,18.961643835616442,0.04428768500118618
