,maturity,rates
0,0.19452054794520549,0.09431299592752347
1,0.3479452054794521,0.008972605937345314
2,0.9808219178082191,0.020202781076140066
3,1.0986301369863014,0.021038239680098922
4,1.498630136986301,0.019438381895991508
5,1.556164383561644,0.0220040492972309
6,2.054794520547945,0.02953907870904265
7,2.112328767123288,0.021382154599177947
8,2.265753424657534,0.0324996979461799
9,2.8410958904109593,0.03580357133912813
10,3.3013698630136985,0.03863299896876376
11,4.183561643835616,0.04202154280418083
12,4.528767123287671,0.0433421105607678
13,4.7972602739726025,0.043101566892903655
14,5.449315068493152,0.046657835730809706
15,5.832876712328768,0.04806054664662562
16,5.967123287671233,0.04815818471607138
17,6.446575342465754,0.05010931384736161
18,6.523287671232878,0.04929237072402672
19,9.46027397260274,0.16721046071990672
20,9.610958904109587,0.04554715452288874
21,9.994520547945202,0.044494083020149046
22,10.953424657534246,0.048999020661256096
23,14.616438356164384,0.053134861261821105
24,19.008219178082193,0.05804473921112718
