,maturity,rates
0,0.3671232876712329,0.14702208748208345
1,0.4821917808219178,0.04214700014481224
2,1.0,0.06471078649290861
3,1.5369863013698633,0.06962081211854039
4,1.5369873013698632,0.08265818816484075
5,2.246575342465753,0.09500936139262221
6,2.4,0.0979231685412507
7,3.032876712328767,0.1019916436973919
8,3.150684931506849,0.10460723517867325
9,4.317808219178081,0.11204420863888094
10,5.353424657534247,0.11186221382274177
11,6.235616438356163,0.11591451955582713
12,6.849315068493151,0.11258599500124027
13,7.5013698630136965,0.11544770870214037
14,8.01917808219178,0.11542687161731116
15,8.498630136986304,0.1111575444510055
16,8.575342465753424,0.11282020013134088
17,10.58904109589041,0.09430651621429158
18,12.046575342465756,0.1126146816500531
19,13.005479452054795,0.11448630670292075
