,maturity,rates
0,0.7671232876712328,0.0401071891504874
1,1.1123287671232878,0.005954241025864062
2,1.3808219178082193,0.005473071417808884
3,1.4383561643835616,0.007597932735821133
4,2.032876712328767,0.00972586770134263
5,2.416438356164384,0.01141842536826561
6,2.5506849315068494,0.011839117142233716
7,3.03013698630137,0.011936371029916163
8,3.106849315068493,0.01392519871402012
9,3.2410958904109592,0.014651142113264905
10,3.6438356164383565,0.01583420572793075
11,4.027397260273974,0.01657695311351149
12,4.276712328767124,0.017457904856358862
13,5.024657534246575,0.02047714373384889
14,5.1205479452054785,-0.020181398636022363
15,5.35068493150685,0.020841076062647856
16,6.043835616438357,0.0565437792818706
17,6.1945205479452055,0.022603763933694936
18,6.252054794520547,0.022635752695117424
19,6.5780821917808225,0.023280482787196632
20,7.249315068493152,0.025742274507716996
21,7.536986301369862,0.026034947216523954
22,8.87945205479452,0.028851181509102087
23,9.167123287671233,-0.0007593915104033862
24,9.761643835616438,0.030236775470866957
25,11.2,0.03205825595077068
26,12.715068493150685,0.03476287643584592
27,13.846575342465751,0.03676326569566376
28,15.035616438356163,0.037594159407450624
29,15.591780821917805,0.038414083417522504
30,18.698630136986306,0.039771643569291665
