,maturity,rates
0,0.12876712328767126,0.044576550478186136
1,0.26301369863013696,0.0036537087795412817
2,0.3205479452054795,0.002497885108156532
3,0.473972602739726,0.0063262685284964535
4,1.0493150684931507,0.012546511477698592
5,1.5095890410958903,0.01703648470036704
6,2.3917808219178083,0.024158089067502716
7,2.736986301369863,0.02658748676613665
8,3.0054794520547947,0.02198330529806896
9,3.063013698630137,0.028859357154225246
10,3.6575342465753424,0.03146113990409183
11,4.0410958904109595,0.03341148920827698
12,4.175342465753425,0.034447728672250044
13,4.654794520547945,0.03401527079912056
14,4.7315068493150685,0.03672447692032511
15,5.268493150684932,0.03958764446920685
16,5.9013698630136995,0.04144833782294727
17,7.81917808219178,0.04644070000837851
18,8.202739726027398,0.046897140887058354
19,9.161643835616438,0.04931788893921604
20,10.504109589041096,0.05187702349632246
21,12.824657534246574,0.054146980007392695
22,14.33972602739726,0.056746077368496815
23,15.471232876712326,0.05754741320448817
24,17.216438356164385,0.05846380990879502
