,maturity,rates
0,0.03287671232876712,0.0911669121124512
1,0.6657534246575343,0.01294201719610229
2,0.7835616438356164,0.014496220407168038
3,1.1835616438356165,0.013154702597624584
4,1.2410958904109588,0.017649327615121835
5,1.6054794520547946,0.01652915138279361
6,1.7397260273972603,0.025171830776076733
7,1.797260273972603,0.02199082735962925
8,1.9506849315068493,0.02754591653226112
9,2.526027397260274,0.03135933355412981
10,2.9863013698630136,0.03447533030384759
11,3.868493150684932,0.03792850655931268
12,4.213698630136986,0.038868354448873474
13,4.4821917808219185,0.03703002295930828
14,5.134246575342465,0.04192412379485883
15,5.5178082191780815,0.04328414334127613
16,5.652054794520548,0.043419048801390143
17,6.131506849315069,0.04639455429110282
18,6.208219178082192,0.04518568978213807
19,7.378082191780821,0.048048940139961624
20,9.295890410958904,0.05045080779738716
21,9.679452054794519,0.04943566847654696
22,10.638356164383561,0.05225107605203565
23,14.301369863013699,0.056134557490477605
24,15.816438356164383,0.05898006123646863
25,18.693150684931506,0.06233968584931973
