,maturity,rates
0,0.03561643835616438,0.05828661283654162
1,0.9178082191780822,0.006071804056338893
2,1.263013698630137,0.007665313264049921
3,1.5315068493150683,0.007125246953311194
4,1.5890410958904109,0.009115851068324606
5,2.1835616438356165,0.01142299766690546
6,2.5671232876712327,0.01285842280097327
7,2.7013698630136984,0.013527356146824546
8,3.1808219178082187,0.014457023904237233
9,3.2575342465753425,0.015375447060702322
10,3.3917808219178083,0.016094290488454552
11,3.7945205479452055,0.017192465015750953
12,4.178082191780821,0.01823675642730994
13,4.427397260273971,0.01927947248556345
14,5.27123287671233,-0.006614449317188527
15,5.501369863013698,0.021887297353631617
16,6.1945205479452055,0.06090421214422063
17,6.345205479452055,0.023297407330835577
18,6.402739726027397,0.02366160728473978
19,6.72876712328767,0.024280511484712122
20,7.4,0.026756831526882675
21,7.687671232876712,0.026871284903420663
22,9.03013698630137,0.02934961275545941
23,9.317808219178081,0.008701117190458787
24,9.912328767123286,0.03127352166299613
25,11.350684931506851,0.03317572589877377
26,12.865753424657536,0.03561913874761436
27,13.997260273972607,0.036041584079247464
28,15.186301369863012,0.03786756111682598
29,15.742465753424653,0.03897366316987318
30,18.849315068493148,0.04056995187128118
