,maturity,rates
0,0.4657534246575342,0.09287548378576414
1,0.6191780821917808,0.015607374871362501
2,1.2520547945205478,0.025042524966662396
3,1.3698630136986298,0.026234591168351768
4,1.7698630136986302,0.025862615059940534
5,1.8273972602739723,0.028826502493808883
6,2.326027397260274,0.035884081644677185
7,2.3835616438356166,0.027527349468233382
8,2.536986301369863,0.03783129417639294
9,3.112328767123288,0.041737986012953865
10,3.572602739726028,0.04465384971444456
11,4.454794520547946,0.04866434325119777
12,4.8,0.04975238157530332
13,5.068493150684932,0.046953790092060105
14,5.720547945205479,0.052754911513388326
15,6.238356164383561,0.05464484698412659
16,6.717808219178082,0.05504311217677472
17,6.794520547945205,0.055188715146646285
18,9.882191780821918,0.060087116897496656
19,10.265753424657532,0.05989487968210643
20,11.224657534246576,0.061854675562482656
21,14.887671232876713,0.06547248351261269
22,19.27945205479452,0.0680469501636279
