,maturity,rates
0,0.2876712328767123,0.09357267241923074
1,0.5945205479452055,0.024662829690398087
2,0.8246575342465754,0.025648107320671118
3,0.8246585342465754,0.031125610485066735
4,1.5342465753424657,0.045260632320433904
5,1.6876712328767125,0.0479919504286226
6,2.32054794520548,0.055621211302145576
7,2.4383561643835616,0.056651066586549344
8,2.838356164383561,0.05660659820017875
9,3.3945205479452056,0.06565537506250484
10,3.4520547945205484,0.050718874467480975
11,3.6054794520547935,0.06490627531090519
12,4.18082191780822,0.06794367991724086
13,4.641095890410959,0.06967543747369578
14,5.523287671232877,0.07260926503176957
15,6.136986301369863,0.07332099905926245
16,6.789041095890411,0.07652860080164603
17,7.306849315068492,0.07744670000873152
18,7.786301369863014,0.07568795325329696
19,7.863013698630137,0.07858617376372855
20,11.334246575342464,0.0816866369956285
21,12.293150684931504,0.08177493616996123
22,13.923287671232874,0.08609370030829905
23,20.34794520547945,0.09291593609021644
