,maturity,rates
0,0.03835616438356165,0.05358446661799928
1,0.0958904109589041,0.0010255567705657223
2,0.4602739726027397,0.006084690850892791
3,0.5945205479452055,0.007569661274415568
4,0.6520547945205479,0.006906363016067962
5,0.8054794520547945,0.009931688454462113
6,1.3808219178082193,0.015327298588371919
7,1.8410958904109591,0.019313969230092102
8,2.723287671232877,0.02497131143151906
9,3.068493150684932,0.02661393671142024
10,3.3369863013698633,0.022739309234953663
11,3.3945205479452056,0.0288331127626837
12,3.989041095890411,0.02668702507811727
13,4.3726027397260285,0.032816707997718755
14,4.506849315068493,0.03258438285401553
15,4.986301369863013,0.03043076492059218
16,5.063013698630137,0.034591798862603544
17,5.6,0.0373269916124579
18,6.232876712328768,0.03892264144400069
19,7.076712328767122,0.016833010186050292
20,8.150684931506849,0.043885346647126226
21,8.534246575342468,0.04440687361646239
22,9.493150684931509,0.046939393247452776
23,10.835616438356164,0.049741436298616194
24,11.123287671232877,0.038358489234712384
25,13.156164383561645,0.05144072533378014
26,14.67123287671233,0.05326550311536848
27,15.802739726027394,0.055327163229143016
28,17.54794520547945,0.05526969651049115
