,maturity,rates
0,0.13972602739726028,0.05109409261191385
1,1.021917808219178,0.007510997250688105
2,1.367123287671233,0.009945923396489784
3,1.6356164383561644,0.009682053999804058
4,1.6931506849315068,0.011812702835778404
5,2.2876712328767117,0.014961016294650065
6,2.6712328767123292,0.01689436283615229
7,2.8054794520547945,0.01782208356607454
8,3.2849315068493152,0.01709653926151366
9,3.3616438356164378,0.020240633065011584
10,3.495890410958904,0.02125533748607787
11,3.898630136986301,0.02244700184920519
12,4.282191780821917,0.02348353294235461
13,4.531506849315068,0.023970505450758243
14,5.375342465753425,-0.0031236914152468933
15,5.6054794520547935,0.027107467908639726
16,6.298630136986303,0.0677596327675553
17,6.449315068493152,0.02927255269567706
18,6.506849315068492,0.028397024009161744
19,6.832876712328768,0.029595914316689145
20,7.504109589041097,0.03108629341406682
21,7.791780821917808,0.03230253092943122
22,9.134246575342466,0.034410908802061005
23,9.421917808219176,0.015361841380681704
24,10.016438356164382,0.035096641994599095
25,11.454794520547946,0.037851015321957525
26,12.96986301369863,0.03886559406935685
27,14.101369863013696,0.04108670422785582
28,15.846575342465751,0.04284500655488145
29,18.953424657534246,0.04406056064301392
