,maturity,rates
0,0.0136986301369863,0.05263765960731763
1,0.07123287671232878,0.0008542908997791999
2,0.4356164383561644,0.004031704850133746
3,0.5698630136986301,0.007258677992723089
4,0.7808219178082192,0.009794777849712923
5,1.356164383561644,0.015123179082603216
6,1.8164383561643835,0.019118690597803505
7,2.698630136986301,0.02493541235553975
8,3.0438356164383564,0.026631094169087897
9,3.3123287671232875,0.023013596613646846
10,3.3698630136986303,0.029305009450853174
11,3.964383561643836,0.03180014488123743
12,4.347945205479451,0.03333208935981818
13,4.4821917808219185,0.03374625762420884
14,4.961643835616439,0.03413904817549133
15,5.038356164383561,0.035083777502770475
16,5.575342465753424,0.037852929292993574
17,6.208219178082192,0.039410921220199555
18,8.126027397260273,0.04365355624268495
19,8.509589041095893,0.04403350062481343
20,9.468493150684932,0.046657560118240494
21,10.810958904109588,0.0489069310687006
22,13.131506849315068,0.050753834556177845
23,14.646575342465756,0.05259000029197535
24,15.778082191780822,0.054409345127969515
25,17.523287671232875,0.054808886424401015
