,maturity,rates
0,0.4164383561643836,0.07873695080216055
1,0.5342465753424658,0.009276858987844812
2,0.9342465753424658,0.015278092870309911
3,0.9917808219178084,0.012452809561957804
4,1.356164383561644,0.013915162005184278
5,1.4904109589041097,0.020846054259873677
6,1.547945205479452,0.017423944863524398
7,1.7013698630136986,0.022734400140280428
8,2.2767123287671227,0.027298325503686514
9,2.736986301369863,0.030292678564187756
10,3.6191780821917807,0.03433693743081592
11,3.964383561643836,0.0363834534340087
12,4.232876712328768,0.03412360561804384
13,4.884931506849315,0.039347415164582976
14,5.268493150684932,0.04081572872206548
15,5.402739726027397,0.04186996012971715
16,5.882191780821918,0.04319366451005944
17,5.958904109589041,0.042660520011147576
18,7.128767123287672,0.045683574474737525
19,9.046575342465754,0.048766148447578615
20,9.43013698630137,0.049271334368231924
21,10.389041095890413,0.050397822110292
22,12.019178082191779,0.06076286318181308
23,14.052054794520547,0.053789548773091944
24,15.567123287671233,0.05668098363588134
25,18.44383561643836,0.06108143586801801
