,maturity,rates
0,0.2904109589041096,0.07607756093151181
1,0.40821917808219177,0.007102317464449451
2,0.8082191780821918,0.01295389316953087
3,0.8657534246575342,0.010407794858773214
4,1.2301369863013698,0.01294898234536774
5,1.3643835616438356,0.0183651537911276
6,1.421917808219178,0.014262047284420215
7,1.5753424657534247,0.020077473171808795
8,2.150684931506849,0.024433564290272363
9,2.6109589041095886,0.0275502393322964
10,3.493150684931507,0.031844026633601225
11,3.8383561643835615,0.03379383325921181
12,4.1068493150684935,0.030891860659806324
13,4.758904109589041,0.03660292137331918
14,5.142465753424657,0.0381043785380181
15,5.276712328767124,0.03864548642261261
16,5.756164383561643,0.04123623013385876
17,5.832876712328768,0.040209264963945564
18,7.002739726027397,0.04339562632867024
19,8.920547945205481,0.04739578168094004
20,9.304109589041095,0.04738230184338362
21,10.263013698630136,0.04930122793158952
22,13.926027397260276,0.05347700132637757
23,15.441095890410958,0.05647732759523302
24,18.317808219178087,0.058909232475833816
