,maturity,rates
0,0.136986301369863,0.10289493219518522
1,0.136987301369863,0.005090733747451222
2,0.8465753424657534,0.023777532647560252
3,1.0,0.025933573675281686
4,1.6328767123287669,0.03537399495392303
5,1.7506849315068491,0.039659044770112555
6,2.7068493150684927,0.044538683761019174
7,2.7643835616438355,0.03736182156667645
8,2.9178082191780823,0.046453916114141194
9,3.493150684931507,0.0489395127284312
10,3.953424657534247,0.05129464219446033
11,4.8356164383561655,0.05435087029813099
12,5.18082191780822,0.05566066114558213
13,5.449315068493152,0.05302504944802844
14,6.101369863013699,0.05789637259357461
15,6.619178082191781,0.05833968353413353
16,7.0986301369863005,0.06078893271256873
17,7.175342465753426,0.05980620704401659
18,9.189041095890412,0.06363529203059347
19,10.646575342465754,0.06373054614040909
20,11.605479452054794,0.0649174383624642
21,13.235616438356164,0.07129578912380526
22,15.268493150684929,0.0684485542593438
23,19.660273972602734,0.07240899005122267
