,maturity,rates
0,0.252054794520548,0.08981469758347227
1,0.4821917808219178,0.017583347577360027
2,0.4821927808219178,0.01660712703232602
3,1.1917808219178083,0.03416584791092997
4,1.3452054794520547,0.037006275323847954
5,1.9780821917808218,0.04617077493559343
6,2.095890410958904,0.04660866156608933
7,2.4958904109589044,0.04713408638748527
8,2.5534246575342467,0.04880223240123932
9,3.0520547945205485,0.05533284929576941
10,3.263013698630137,0.05816227384974613
11,3.8383561643835615,0.061465158666244774
12,4.298630136986302,0.06422136051063321
13,5.18082191780822,0.06743337109269208
14,5.526027397260274,0.06852375398622956
15,6.446575342465754,0.07113762391217922
16,6.964383561643835,0.07271682346270833
17,7.443835616438356,0.07200216025764389
18,7.520547945205481,0.07403156689202621
19,10.991780821917805,0.07761293036834556
20,11.950684931506851,0.07949003619538615
21,13.58082191780822,0.08426010994803672
22,20.005479452054796,0.08437079031490151
