,maturity,rates
0,0.4657534246575342,0.0784425638758892
1,0.5835616438356165,0.010210645413559635
2,0.9835616438356164,0.016291408449021588
3,1.0410958904109588,0.013042612459573123
4,1.5397260273972602,0.021498383121375874
5,1.5972602739726027,0.016390749196277525
6,1.7506849315068491,0.02394296182744884
7,2.326027397260274,0.028459126135188473
8,2.7863013698630144,0.031525661020170105
9,3.668493150684931,0.03566358858477776
10,4.013698630136987,0.0372182243080401
11,4.282191780821917,0.03436100006079914
12,4.934246575342466,0.04101072657577371
13,5.317808219178081,0.04305959156148673
14,5.452054794520548,0.04272318392866306
15,5.931506849315069,0.04363085980708566
16,6.008219178082192,0.043630585613985404
17,7.178082191780822,0.04693583892548276
18,9.095890410958903,0.04957945073204966
19,9.47945205479452,0.04918895884679174
20,10.438356164383563,0.0510534440537342
21,14.101369863013696,0.05516198040703483
22,15.616438356164384,0.057690278740297786
23,18.493150684931507,0.06320814440254792
