,maturity,rates
0,0.2931506849315069,0.026083651936983827
1,0.4273972602739726,0.00579596215669453
2,0.4849315068493151,0.005289972064855474
3,0.6383561643835617,0.00832836076731373
4,1.2136986301369863,0.014359489991810866
5,1.6739726027397257,0.019047307369780997
6,2.556164383561644,0.025197962534695185
7,2.9013698630136986,0.027762848693509506
8,3.1698630136986297,0.02306379681584435
9,3.2273972602739724,0.029798456343194044
10,3.821917808219178,0.03286612700062012
11,4.205479452054795,0.03449407068895065
12,4.339726027397259,0.035075266500845734
13,4.8191780821917805,0.036078124592118635
14,4.895890410958904,0.03726150096666823
15,5.432876712328767,0.039757376006057575
16,6.065753424657534,0.04109176239751146
17,7.983561643835618,0.04634165161304901
18,8.367123287671232,0.04753091620072207
19,9.326027397260274,0.049603835856848126
20,10.668493150684931,0.05189069704359599
21,10.956164383561644,0.036554702395121
22,12.98904109589041,0.05440717865049506
23,14.504109589041095,0.05653555699164528
24,15.635616438356163,0.0579417750625711
25,17.38082191780822,0.05838933444881011
