,maturity,rates
0,0.05753424657534247,0.09979149390235688
1,0.5753424657534246,0.026727191116139404
2,0.8821917808219178,0.0372373872833717
3,1.1123287671232878,0.03169490788352416
4,1.1123297671232877,0.0422096411741498
5,1.8219178082191783,0.0547753777999504
6,1.9753424657534249,0.05746533340785133
7,2.608219178082192,0.06472419849919671
8,2.7260273972602738,0.06579090027161369
9,3.1835616438356165,0.06832544733284066
10,3.6821917808219182,0.07263890878040233
11,4.92876712328767,0.0785760098585156
12,5.810958904109589,0.08208267849232674
13,6.424657534246576,0.08100372321219017
14,7.076712328767122,0.08292564411752337
15,8.150684931506849,0.079479618365643
16,11.62191780821918,0.08760629080099211
17,20.635616438356163,0.09102803772660377
