,maturity,rates
0,0.4465753424657534,0.05621953391573183
1,1.3287671232876712,0.009519142645041896
2,1.6739726027397257,0.011549823299465732
3,1.9424657534246572,0.007414363489070374
4,2.0,0.013149216534059696
5,2.5945205479452054,0.016035993332936392
6,2.9780821917808216,0.017963139419214447
7,3.112328767123288,0.018150296264463846
8,3.591780821917808,0.017725757886587687
9,3.668493150684931,0.020401449221872935
10,4.205479452054795,0.022435421061379624
11,4.589041095890411,0.023464466054745274
12,4.838356164383562,0.024459769509828564
13,5.682191780821919,0.014186806400832613
14,5.912328767123287,0.027488651441555233
15,6.756164383561643,0.028943603728568645
16,6.813698630136987,0.029065258669481477
17,7.139726027397259,0.029385535967319514
18,7.810958904109589,0.0317303378892915
19,8.098630136986301,0.03148414098064282
20,9.441095890410958,0.03399307954384278
21,10.323287671232876,0.0350359592225651
22,11.761643835616438,0.036533718219379306
23,13.276712328767125,0.03908230528433251
24,14.408219178082195,0.040617297737213065
25,16.153424657534245,0.04308042307810067
26,19.26027397260274,0.04373449344713523
