,maturity,rates
0,0.1095890410958904,0.08729701257990259
1,0.7424657534246575,0.014555245899501378
2,0.8602739726027397,0.016247659547559173
3,1.2602739726027397,0.014376781530784843
4,1.3178082191780822,0.01939207394071869
5,1.8164383561643835,0.027065148707536818
6,2.0273972602739727,0.028818488852671426
7,2.602739726027397,0.03279212540948439
8,3.063013698630137,0.03530061308979202
9,3.945205479452055,0.03899748555013991
10,4.2904109589041095,0.040300892727022926
11,4.558904109589041,0.03755797108858212
12,5.210958904109589,0.043246112963489514
13,5.594520547945206,0.044697670372602465
14,5.72876712328767,0.044663971747971
15,6.208219178082192,0.04685245343506797
16,6.284931506849315,0.04647187401730789
17,7.454794520547946,0.04902348573446968
18,9.372602739726027,0.05182797216454932
19,9.756164383561645,0.051153336200714286
20,10.715068493150683,0.05355609281032762
21,14.37808219178082,0.05824453668356439
22,15.893150684931507,0.06065036365057625
23,18.76986301369863,0.06217976018401267
