,maturity,rates
0,0.4547945205479452,0.07807138235692197
1,0.5726027397260274,0.01000824850780554
2,0.9726027397260274,0.015921775449512336
3,1.03013698630137,0.012810916507970175
4,1.5287671232876712,0.02103199047914112
5,1.5863013698630135,0.01563724509861344
6,1.7397260273972603,0.023318774242211494
7,2.3150684931506853,0.028084659145226887
8,2.7753424657534245,0.031105382320699298
9,3.6575342465753424,0.03522715074748402
10,4.002739726027397,0.03670128027184713
11,4.271232876712329,0.034032673874844814
12,4.923287671232877,0.04045593293910713
13,5.306849315068493,0.04200597825222342
14,5.441095890410958,0.04265042312781838
15,5.997260273972603,0.0433238365459505
16,7.167123287671232,0.04673424964623678
17,9.084931506849315,0.04978930784303461
18,9.468493150684932,0.04996840113066374
19,10.427397260273972,0.051120830606522984
20,14.090410958904108,0.05514930704941372
21,15.605479452054794,0.057769523327742094
22,18.48219178082192,0.06098089930132415
