,maturity,rates
0,0.4465753424657534,0.07864250346172239
1,0.5643835616438356,0.009861791887005884
2,0.9643835616438357,0.015854636604335653
3,1.021917808219178,0.012648424296538386
4,1.5205479452054795,0.02107225253756172
5,1.578082191780822,0.014241045403471791
6,1.7315068493150685,0.023309303972732263
7,2.306849315068493,0.027855157272307564
8,2.767123287671233,0.030848812691013056
9,3.6493150684931517,0.03509148181187877
10,3.994520547945205,0.03662682109276699
11,4.263013698630137,0.03494646661090265
12,4.9150684931506845,0.04027112797018052
13,5.298630136986302,0.041765719291627035
14,5.432876712328767,0.04244067856609153
15,5.9890410958904114,0.04323194561538347
16,7.1589041095890416,0.046805526608267645
17,9.076712328767123,0.049663140194501396
18,9.46027397260274,0.04995350504099531
19,10.41917808219178,0.05112532350189426
20,14.082191780821915,0.055032796774474216
21,15.597260273972607,0.05781473961647402
22,18.473972602739728,0.060937946710738995
