,maturity,rates
0,0.2136986301369863,0.07406688180326165
1,0.2712328767123288,0.003485475182415124
2,0.4246575342465753,0.005816750901109074
3,1.0,0.012189873344350849
4,1.4602739726027398,0.017123591004735615
5,2.3424657534246576,0.02380890580290118
6,2.6876712328767125,0.026165300237443453
7,2.9561643835616436,0.021437499624809574
8,3.0136986301369864,0.02818002868105629
9,3.608219178082192,0.030967176473754777
10,3.991780821917808,0.03290166072545664
11,4.126027397260274,0.03365114872446657
12,4.6054794520547935,0.035472813489440654
13,4.682191780821919,0.03589989849771357
14,5.219178082191782,0.03887869272404916
15,5.852054794520547,0.04056433360563054
16,7.769863013698631,0.04555547332371145
17,8.153424657534247,0.04603653335563119
18,9.112328767123287,0.04849892304229005
19,10.454794520547946,0.051855007230434506
20,12.775342465753427,0.0534824330179457
21,14.29041095890411,0.055780213818475005
22,15.421917808219176,0.05744616224485738
23,17.167123287671235,0.05882519591763426
