,maturity,rates
0,0.22465753424657534,0.05450357994781686
1,1.1068493150684928,0.007947424771811462
2,1.452054794520548,0.010221595360324003
3,1.7205479452054795,0.009593088192912382
4,1.7780821917808218,0.01193414634079132
5,2.3726027397260268,0.014831409969255952
6,2.756164383561644,0.016380527411793917
7,2.8904109589041096,0.016937113738815544
8,3.3698630136986303,0.017261331187812336
9,3.4465753424657533,0.01937887199162384
10,3.5808219178082186,0.01905433014334947
11,3.983561643835616,0.02147809061435643
12,4.367123287671233,0.02242908782132033
13,4.616438356164384,0.02287631509749888
14,5.4602739726027405,-0.002740768742739266
15,5.69041095890411,0.025931118309583192
16,6.383561643835616,0.06901013441727148
17,6.534246575342466,0.027032119417564157
18,6.5917808219178085,0.027057860927599993
19,6.917808219178082,0.028613720702929814
20,7.589041095890411,0.030006905557904546
21,7.876712328767122,0.030527767738666677
22,9.219178082191783,0.03314450894849781
23,10.101369863013696,0.033465771670089905
24,11.539726027397261,0.03533407881695584
25,13.054794520547945,0.03807377713426877
26,14.186301369863012,0.040109352488050524
27,15.931506849315069,0.042211714996703655
28,19.038356164383558,0.04295199517357939
