,maturity,rates
0,0.5945205479452055,0.07920362660105443
1,0.7123287671232876,0.012415482151448727
2,1.1123287671232878,0.011547057337969568
3,1.1698630136986299,0.01521053730261771
4,1.6684931506849314,0.023639061684724825
5,1.7260273972602742,0.019409359226426545
6,1.8794520547945208,0.026194930588182966
7,2.4547945205479453,0.030543108158637044
8,2.915068493150685,0.03365544459606808
9,3.797260273972603,0.03748803861880863
10,4.142465753424657,0.03916525592654064
11,4.410958904109589,0.03724816159983866
12,5.063013698630137,0.041692080460423435
13,5.446575342465754,0.043392362014686846
14,5.580821917808219,0.04375864425780078
15,6.06027397260274,0.04424529023777854
16,6.136986301369863,0.044923062876641696
17,7.306849315068492,0.04842286357917983
18,9.224657534246576,0.05092927281541711
19,9.608219178082193,0.04985245360301273
20,10.567123287671233,0.05276128886520102
21,14.23013698630137,0.056523457334778274
22,15.745205479452055,0.05920221688535704
23,18.621917808219177,0.06135891973726052
