,maturity,rates
0,0.21095890410958906,0.07160899838227537
1,0.4794520547945205,0.04082511678093004
2,0.536986301369863,0.040995626884116565
3,0.9972602739726028,0.02939514688688886
4,1.1123287671232878,0.05686472166217226
5,1.6301369863013702,0.061857403949105536
6,2.1671232876712327,0.06635285182238257
7,2.167124287671233,0.0671578549160447
8,2.8767123287671232,0.06993504785188616
9,3.03013698630137,0.06624277349176062
10,3.6630136986301367,0.0730406404089813
11,3.7808219178082187,0.07194325955211965
12,4.947945205479452,0.07373141537595296
13,5.983561643835618,0.06840552666400247
14,6.865753424657536,0.07693293462061332
15,7.479452054794519,0.07214538486019034
16,8.131506849315068,0.07564238808769587
17,8.64931506849315,0.07765189795895464
18,9.205479452054792,0.07902518695602771
19,12.676712328767126,0.08136565300265054
20,13.635616438356163,0.08247009520428142
21,15.265753424657536,0.06769633479324337
