,maturity,rates
0,0.4219178082191781,0.06985586910911695
1,0.8821917808219178,0.009169497933465559
2,1.7643835616438357,0.015855892784394237
3,2.1095890410958904,0.017826320372490066
4,2.3780821917808215,0.013836855473575802
5,2.4356164383561643,0.020130856605199955
6,3.03013698630137,0.022600931291808058
7,3.4136986301369863,0.024659403988976567
8,3.5479452054794516,0.02494245719269962
9,4.027397260273974,0.024754377275435502
10,4.104109589041096,0.027195278253102292
11,4.641095890410959,0.029069104534731206
12,5.024657534246575,0.03006330644082731
13,5.273972602739726,0.031012213954739187
14,6.117808219178082,0.019573077228702166
15,6.347945205479452,0.03428466410243671
16,7.041095890410959,0.03963557280085018
17,7.191780821917808,0.03583704988473632
18,7.249315068493152,0.03611765911926407
19,7.575342465753424,0.03655736354937961
20,8.534246575342468,0.03865934550215911
21,9.876712328767123,0.04095402128241803
22,10.164383561643836,0.03256852837574647
23,10.758904109589038,0.04213984259595945
24,12.197260273972606,0.04367335344129258
25,13.712328767123287,0.04596588877977183
26,14.843835616438355,0.04755381683414384
27,16.589041095890412,0.0510154899860938
28,19.695890410958906,0.05043616455748059
