,maturity,rates
0,0.07123287671232878,0.09077677607853282
1,0.7041095890410959,0.013653805327430855
2,0.821917808219178,0.015220450707404102
3,1.2219178082191782,0.013772622478595883
4,1.2794520547945205,0.018313757796939216
5,1.7780821917808218,0.026024280601792467
6,1.8356164383561644,0.023079361299610843
7,1.9890410958904108,0.028541766605707498
8,2.564383561643836,0.03210484353185661
9,3.024657534246576,0.034757692137942324
10,3.906849315068493,0.03818381120306819
11,4.252054794520548,0.03906963047565262
12,4.520547945205481,0.03790784975595707
13,5.172602739726028,0.04160895905316692
14,5.556164383561644,0.04289911100938952
15,5.69041095890411,0.04347380653664805
16,6.2465753424657535,0.04538588617330888
17,7.416438356164384,0.04803081931771644
18,9.334246575342464,0.050342131221353725
19,9.717808219178082,0.04939025462137292
20,10.676712328767124,0.052174689032863535
21,14.33972602739726,0.05635982981900748
22,15.854794520547946,0.05931567403818859
23,18.731506849315068,0.06278865166865442
