,maturity,rates
0,0.2712328767123288,0.06739828467058273
1,0.7315068493150685,0.007274283233555564
2,1.6136986301369862,0.013722613703254108
3,1.9589041095890407,0.016151556578979043
4,2.2273972602739724,0.011724098305742357
5,2.2849315068493152,0.017917136812104124
6,2.8794520547945206,0.020868721107078575
7,3.263013698630137,0.022442860677875764
8,3.3972602739726026,0.023113500765470568
9,3.8767123287671232,0.02300030578023205
10,3.953424657534247,0.025169456849966174
11,4.490410958904111,0.026597917715777953
12,4.873972602739726,0.02805424978061888
13,5.123287671232877,0.02861984603682639
14,5.967123287671233,0.01583541986461892
15,6.197260273972603,0.03183422673858296
16,7.041095890410959,0.03347853713897505
17,7.0986301369863005,0.033704050703398755
18,7.424657534246576,0.03443777364859492
19,8.383561643835616,0.03649219462162523
20,9.726027397260275,0.039256353465915474
21,10.013698630136986,0.022484927486115764
22,10.608219178082193,0.04062871374024164
23,12.046575342465756,0.042095817585304784
24,13.561643835616438,0.04472487362523393
25,14.693150684931505,0.046239487635127585
26,16.438356164383563,0.047965801862633016
27,19.54520547945205,0.04927303296538556
