,maturity,rates
0,0.4054794520547945,0.06997654671973133
1,0.8657534246575342,0.008944604391096005
2,1.747945205479452,0.015689168989370898
3,2.0931506849315067,0.017747639601958652
4,2.361643835616438,0.013470109995348213
5,2.419178082191781,0.020022256934541214
6,3.0136986301369864,0.022457329166594507
7,3.3972602739726026,0.02457603816349968
8,3.5315068493150683,0.024713993817028632
9,4.0109589041095886,0.024940355899236086
10,4.087671232876712,0.027114981782376514
11,4.624657534246575,0.029023184625617572
12,5.008219178082191,0.0301480143960769
13,5.257534246575342,0.03121744186772777
14,6.101369863013699,0.020800840259807954
15,6.331506849315067,0.034151325589508244
16,7.175342465753426,0.03597841970606441
17,7.232876712328768,0.036210043735948653
18,7.558904109589042,0.03639306659243765
19,8.517808219178082,0.03876133463249439
20,9.86027397260274,0.04116872229776187
21,10.147945205479452,0.02951949454836269
22,10.742465753424657,0.04223135776128369
23,12.18082191780822,0.043605787112922526
24,13.695890410958905,0.04621053070024561
25,14.82739726027397,0.04778624003920617
26,16.572602739726026,0.05075781450059702
27,19.67945205479452,0.05021492978183019
