,maturity,rates
0,0.021917808219178082,0.10431817806950992
1,0.021918808219178083,0.0008428937994196292
2,0.7315068493150685,0.020339613901853404
3,0.8849315068493151,0.023520494708594707
4,1.5178082191780822,0.03225612036157608
5,1.6356164383561644,0.033270148721762045
6,2.0356164383561643,0.03249664768150704
7,2.0931506849315067,0.03596829834053431
8,2.591780821917808,0.04198473697664052
9,2.8027397260273967,0.04445157149010273
10,3.3780821917808215,0.04712426117790827
11,3.8383561643835615,0.04882160369989334
12,4.720547945205479,0.05238954343239738
13,5.065753424657534,0.05287616870287718
14,5.986301369863014,0.055521712053765056
15,6.504109589041097,0.0568469510096175
16,7.06027397260274,0.05802010390870943
17,9.997260273972604,0.41671925996775605
18,10.147945205479452,0.046600253937343475
19,10.531506849315068,0.04577021814977732
20,11.490410958904107,0.049596137395788914
21,15.153424657534249,0.05392132207000639
22,19.54520547945205,0.05829018902728773
