,maturity,rates
0,0.09863013698630137,0.06580744900948797
1,0.2164383561643836,0.0033788316233748393
2,0.6164383561643836,0.00835893934564593
3,0.673972602739726,0.006410057745100552
4,1.0383561643835617,0.002335125250443166
5,1.1726027397260277,0.014241910879184078
6,1.2301369863013698,0.00938223666390454
7,1.3835616438356164,0.01672961155914708
8,1.9589041095890407,0.021360439954106806
9,2.419178082191781,0.02427420909370528
10,3.3013698630136985,0.02852903818141803
11,3.6465753424657534,0.03060360187083693
12,3.915068493150685,0.02767369379697281
13,3.9726027397260273,0.03261197123591579
14,4.567123287671233,0.03388560865105111
15,4.950684931506848,0.03590122493023758
16,5.084931506849316,0.035632698038611875
17,5.564383561643837,0.036872431714161234
18,5.641095890410958,0.03708758941581845
19,6.810958904109589,0.04102498498933852
20,7.654794520547945,0.03048144002510465
21,8.728767123287671,0.04603066879377839
22,9.112328767123287,0.046577871848503365
23,10.071232876712331,0.04885302210429511
24,11.7013698630137,0.040701414760639654
25,13.734246575342464,0.053580426913429076
26,15.24931506849315,0.056450090287564016
27,18.126027397260273,0.05714053692280931
