,maturity,rates
0,0.4958904109589041,0.07284683999363034
1,0.9561643835616438,0.010479965049392482
2,1.8383561643835615,0.017068259194680087
3,2.1835616438356165,0.0191723374450153
4,2.4520547945205484,0.015102437359548792
5,2.5095890410958903,0.020892703983727667
6,3.104109589041096,0.024150847866583502
7,3.4876712328767123,0.02628619206352081
8,3.6219178082191785,0.026688864830675774
9,4.101369863013699,0.027341985416217216
10,4.178082191780821,0.02908705936178374
11,4.715068493150685,0.03105265946315427
12,5.0986301369863005,0.03241024867930874
13,5.347945205479452,0.03308815488401837
14,6.191780821917808,0.01900839208775771
15,6.4219178082191775,0.03667947131488674
16,7.265753424657534,0.038015632102614855
17,7.323287671232878,0.03845439377483605
18,7.64931506849315,0.03877100355443888
19,8.608219178082193,0.04088451653576798
20,9.95068493150685,0.04350036984386103
21,10.832876712328767,0.0444950505371118
22,12.271232876712327,0.04576005200220407
23,13.786301369863011,0.048279345267339326
24,14.917808219178085,0.049849034436810324
25,16.663013698630138,0.05312620780715594
