,maturity,rates
0,0.2684931506849315,0.07616938711443715
1,0.3863013698630137,0.006671255761967219
2,0.7863013698630137,0.012105425984608382
3,0.8438356164383561,0.009260310922548554
4,1.2082191780821918,0.008264707697620208
5,1.3424657534246576,0.018034018255665883
6,1.4,0.013320130629873889
7,1.5534246575342463,0.019882070914681586
8,2.128767123287671,0.024290550639777118
9,2.589041095890411,0.02714666339427467
10,3.4712328767123286,0.03186419806341279
11,3.816438356164384,0.0335686369872174
12,4.084931506849316,0.03074172002395375
13,4.142465753424657,0.034862099253658206
14,4.736986301369863,0.03628672350510691
15,5.1205479452054785,0.03813070662921717
16,5.2547945205479465,0.03872484127289219
17,5.734246575342466,0.04065532273037177
18,5.810958904109589,0.04016114261847052
19,6.980821917808219,0.039833375650335553
20,8.747945205479452,0.2761365831575668
21,8.898630136986304,0.03811137152927904
22,9.282191780821918,0.038139770284442556
23,10.24109589041096,0.04131328124892745
24,13.904109589041095,0.04576418564070442
25,15.41917808219178,0.0514851563912635
26,18.295890410958904,0.05281797323234182
