,maturity,rates
0,0.4,0.14384395456026386
1,0.5150684931506849,0.04068878998694867
2,2.432876712328768,0.0989183398536431
3,3.0657534246575344,0.10589745097598152
4,5.3863013698630136,0.1173327288027054
5,6.882191780821918,0.11318109852843504
6,8.052054794520547,0.1126269442657768
7,12.079452054794519,0.11133438063563256
8,13.038356164383561,0.11624480383299172
9,14.668493150684931,0.11005817088012299
10,21.093150684931512,0.10270701460874025
