,maturity,rates
0,0.24383561643835616,0.08312567322273624
1,0.3013698630136986,0.024350733736888796
2,0.7616438356164383,0.04534648175204206
3,0.8767123287671232,0.04707062882881418
4,1.3945205479452054,0.05768007159563556
5,1.7013698630136986,0.06303160571303809
6,1.9315068493150684,0.056177911850496934
7,1.9315078493150684,0.06731037214532731
8,2.6410958904109587,0.07367437015531932
9,2.794520547945205,0.07403203158061661
10,3.4273972602739726,0.07797110259118824
11,3.5452054794520547,0.07790491033463588
12,3.945205479452055,0.072798864390773
13,4.002739726027397,0.07821905514946077
14,4.712328767123288,0.08156641248769995
15,5.287671232876712,0.08252367012945078
16,5.747945205479453,0.08242550053413618
17,6.63013698630137,0.08436684677588033
18,7.243835616438357,0.08560399870757027
19,7.895890410958903,0.08516411950415982
20,8.413698630136986,0.08496323609277479
21,8.89315068493151,0.08442045758495682
22,8.96986301369863,0.08618477937442227
23,11.906849315068493,3.051072114224484
24,12.441095890410958,0.06892343793050404
25,13.4,0.07233024352310287
26,21.454794520547946,0.06950792458821575
