,maturity,rates
0,0.4356164383561644,0.09616765571023267
1,0.7424657534246575,0.029861397400360576
2,0.9726027397260274,0.035093429380758004
3,0.9726037397260274,0.036115522113499665
4,1.6821917808219178,0.05072795468992357
5,1.8356164383561644,0.053285756810396635
6,2.468493150684932,0.06140564838487688
7,2.5863013698630137,0.06187130732806374
8,2.9863013698630136,0.06123105896822849
9,3.0438356164383564,0.06468670807170764
10,3.5424657534246577,0.06972862419579635
11,3.7534246575342474,0.0715798325199517
12,4.328767123287672,0.07459639163781984
13,5.671232876712327,0.07879256824721251
14,6.9369863013698625,0.08271807722871834
15,7.934246575342466,0.08794619192130311
16,8.01095890410959,0.08431316311202144
17,11.482191780821918,0.08722037801695426
18,12.441095890410958,0.08921704242206516
19,20.495890410958904,0.09123112229087067
