,maturity,rates
0,0.12054794520547946,0.07146171109696771
1,0.38904109589041097,0.031115833611336727
2,0.4465753424657534,0.03498820159428507
3,0.9068493150684932,0.0489761962202363
4,1.021917808219178,0.050752186875651195
5,1.5397260273972602,0.058122282460706234
6,1.8465753424657532,0.05860561161323845
7,2.0767123287671234,0.058245173803934853
8,2.7863013698630144,0.06664710346609638
9,2.9397260273972603,0.06707361591714413
10,3.572602739726028,0.06832787899703391
11,3.690410958904109,0.06843872538274173
12,4.857534246575343,0.07214222823279251
13,5.432876712328767,0.07200635030781365
14,5.8931506849315065,0.07316186491901941
15,6.7753424657534245,0.07439333756052081
16,7.389041095890411,0.07881905543819467
17,8.04109589041096,0.07516189650017147
18,8.558904109589042,0.07587281431835537
19,9.115068493150686,0.07650953318467704
20,11.128767123287673,0.081777170894557
21,12.586301369863017,0.0786742095821606
22,13.545205479452054,0.07943091254013518
23,21.6,0.08711991777990487
