,maturity,rates
0,0.052054794520547946,0.10176999708711652
1,0.5698630136986301,0.026672697646413564
2,0.8767123287671232,0.03714070804774417
3,1.1068493150684928,0.02933496387583638
4,1.1068503150684927,0.04224476090968284
5,1.8164383561643835,0.0549892833495209
6,1.96986301369863,0.057575796047365624
7,2.602739726027397,0.06406496152195575
8,2.7205479452054795,0.0659867864467443
9,3.1205479452054794,0.06638878032516003
10,3.1780821917808217,0.07064371099875978
11,3.676712328767124,0.07228652455241048
12,3.887671232876712,0.07465298161788582
13,4.923287671232877,0.07935639273019592
14,5.8054794520547945,0.08186208980054527
15,6.419178082191781,0.08205204958421546
16,7.07123287671233,0.0844707089727474
17,7.589041095890411,0.0855382216898093
18,8.068493150684931,0.08742952044183737
19,8.145205479452057,0.086669640713727
20,10.158904109589043,0.0705116411704396
21,11.616438356164384,0.09075200332065506
22,12.575342465753426,0.09157672684279726
23,20.630136986301373,0.0916862301614106
