,maturity,rates
0,0.07671232876712329,0.05318598728104254
1,0.19452054794520549,0.0026982976170339466
2,0.6520547945205479,0.0062276808914690385
3,1.1506849315068493,0.013609083202516532
4,1.2082191780821918,0.006419958424407815
5,1.3616438356164384,0.01610584774787433
6,1.9369863013698632,0.020784059548182396
7,2.3972602739726026,0.024137757480672258
8,3.2794520547945205,0.027969412282504158
9,3.624657534246576,0.029904806452224122
10,3.893150684931507,0.025700444450495064
11,3.950684931506849,0.032156826211104945
12,4.545205479452054,0.032894726272048605
13,4.92876712328767,0.03529489175661968
14,5.063013698630137,0.035519722346554414
15,5.542465753424659,0.032764063817169856
16,5.619178082191781,0.036760963595672665
17,6.789041095890411,0.040883639703665084
18,8.706849315068494,0.04537733657030711
19,9.090410958904108,0.04562238627840519
20,10.04931506849315,0.04808521143789675
21,13.712328767123287,0.05218587901467223
22,15.227397260273971,0.05469862385481345
23,18.104109589041094,0.054760790786471183
