,maturity,rates
0,0.473972602739726,0.09191598603940963
1,0.6273972602739726,0.015737767758244453
2,1.2602739726027397,0.025371695062615503
3,1.378082191780822,0.02633489049244203
4,1.7780821917808218,0.026239327381039842
5,2.334246575342466,0.03612292160743376
6,2.5452054794520547,0.037919203292907
7,3.1205479452054794,0.04206057043962037
8,3.5808219178082186,0.044828975510855996
9,4.463013698630137,0.049002881116984746
10,4.808219178082191,0.04921363249347159
11,5.076712328767123,0.04693914078138809
12,5.72876712328767,0.052766775300483876
13,6.2465753424657535,0.054198818764019586
14,6.802739726027397,0.05536865050547311
15,9.89041095890411,0.059948404471662026
16,10.273972602739725,0.05989183741036614
17,11.232876712328768,0.061860138221607505
18,14.895890410958906,0.06560396737484092
19,19.28767123287671,0.06787616983684511
