,maturity,rates
0,0.021917808219178082,0.13177364009893966
1,0.136986301369863,0.009507465967344003
2,0.6547945205479452,0.030921722310072387
3,0.9616438356164384,0.039586453565660935
4,1.1917808219178083,0.03454328604107084
5,1.1917818219178082,0.04522295808329361
6,1.9013698630136984,0.05704780563184447
7,2.054794520547945,0.05868918389433625
8,2.6876712328767125,0.06603424486026879
9,2.8054794520547945,0.06679336978111039
10,3.263013698630137,0.06841853337458643
11,3.9726027397260273,0.07421960537765687
12,4.5479452054794525,0.07275837065137548
13,5.008219178082191,0.07740199791903671
14,5.890410958904107,0.07822907796177031
15,6.504109589041097,0.0821672460364083
16,7.156164383561643,0.08146516985850756
17,7.673972602739727,0.08096355343401258
18,8.153424657534247,0.09028642475612221
19,8.23013698630137,0.0829545763085335
20,11.7013698630137,0.08480563882108832
21,12.66027397260274,0.08632038728644004
22,20.71506849315068,0.09427981710202192
