,maturity,rates
0,0.3972602739726027,0.06922596566997986
1,0.8575342465753425,0.008841635890700745
2,1.7397260273972603,0.015559181801016807
3,2.084931506849315,0.017602009046069598
4,2.3534246575342466,0.013374350454655902
5,2.410958904109589,0.01982190911176621
6,3.0054794520547947,0.02254763959668435
7,3.3890410958904114,0.024387830306453685
8,3.5232876712328767,0.024718469102105022
9,4.002739726027397,0.024374013280576146
10,4.079452054794522,0.026902216665680958
11,4.616438356164384,0.028934533707285957
12,5.0,0.030013106522270894
13,5.249315068493152,0.030964160622291757
14,6.0931506849315085,0.018508974883265077
15,6.323287671232878,0.03419088697868553
16,7.167123287671232,0.03581562842222239
17,7.224657534246575,0.03606314035429778
18,7.550684931506848,0.03630060560230912
19,8.509589041095893,0.038760195327701204
20,9.852054794520548,0.041240027250526105
21,10.734246575342468,0.042159732255554506
22,12.17260273972603,0.04355955383174416
23,13.687671232876713,0.04657022276835921
24,14.81917808219178,0.047498029552542904
25,16.564383561643837,0.05040130930452741
26,19.671232876712327,0.05035461885425288
