,maturity,rates
0,0.0821917808219178,0.10558306917132748
1,0.38904109589041097,0.017707790467276233
2,0.6191780821917808,0.02233228197598611
3,0.6191790821917809,0.023803233597290845
4,1.3287671232876712,0.04012596606136736
5,1.4821917808219178,0.04272766032274804
6,2.115068493150685,0.050339621715380395
7,2.232876712328767,0.05077378510547186
8,2.632876712328767,0.052283888337322684
9,2.6904109589041094,0.05268328351562516
10,3.1890410958904107,0.05805578402041283
11,3.4,0.05990647910450809
12,3.9753424657534246,0.06268888745820667
13,4.435616438356164,0.06457157353293422
14,5.317808219178081,0.06709913274620706
15,5.931506849315069,0.06626578276114821
16,6.583561643835616,0.06978678411771465
17,7.101369863013699,0.07145246897752255
18,7.580821917808219,0.06950345893848252
19,7.657534246575342,0.07217076868402734
20,11.128767123287673,0.07401331817696455
21,12.087671232876714,0.07534701142918077
22,20.142465753424663,0.0827730837482864
