,maturity,rates
0,0.326027397260274,0.08170276370412856
1,0.4602739726027397,0.0063236223843493485
2,0.5178082191780822,0.0066447965537101686
3,0.6712328767123288,0.009019608902389727
4,1.2465753424657535,0.015274980117001083
5,1.7068493150684931,0.01979127180871604
6,2.589041095890411,0.02592598075213664
7,2.9342465753424656,0.02843424683126336
8,3.202739726027397,0.02482356792616761
9,3.2602739726027403,0.030564768187653104
10,3.854794520547945,0.033618904283939634
11,4.238356164383561,0.0358515286532721
12,4.3726027397260285,0.03643439727779351
13,4.852054794520548,0.03747348339724106
14,4.92876712328767,0.038867497518870024
15,5.465753424657534,0.04111029924504854
16,6.0986301369863005,0.04251200052775788
17,6.942465753424657,0.027127001132330616
18,8.016438356164384,0.04877997910954225
19,8.4,0.05021080301603555
20,9.358904109589039,0.051862282337836185
21,10.7013698630137,0.054387560295179854
22,10.98904109589041,0.031775185620550726
23,13.02191780821918,0.05693134544022297
24,14.536986301369865,0.058901548189559894
25,15.668493150684931,0.06008615449132371
26,17.413698630136988,0.060255049061506805
