,maturity,rates
0,0.06301369863013699,0.055234558448096924
1,0.9452054794520548,0.006303594763201055
2,1.2904109589041095,0.008296280297642974
3,1.5589041095890408,0.007480440623873554
4,1.6164383561643836,0.009813986328948041
5,2.2109589041095887,0.012555753533716392
6,2.5945205479452054,0.014077222158779561
7,2.7287671232876707,0.014913057355962963
8,3.208219178082192,0.015203109578934547
9,3.2849315068493152,0.016733646785383118
10,3.4191780821917814,0.01737082201751718
11,3.821917808219178,0.01890576737075892
12,4.205479452054795,0.019879200243511017
13,4.454794520547946,0.02086234345008712
14,5.298630136986302,-0.005206456642922294
15,5.528767123287671,0.023436295780428756
16,6.221917808219177,0.06362373521015247
17,6.372602739726028,0.02533946775162533
18,6.4301369863013695,0.025377733004805652
19,6.756164383561643,0.02566675452227033
20,7.427397260273973,0.028176854143616228
21,7.715068493150685,0.02813045617896702
22,9.057534246575342,0.03041590715384123
23,9.345205479452057,0.018443350244282054
24,9.93972602739726,0.032443424056746134
25,11.37808219178082,0.03406289399566684
26,12.893150684931507,0.03616138367598181
27,14.024657534246574,0.0368403605580951
28,15.76986301369863,0.03959091813984135
29,18.876712328767127,0.040718257234562585
