,maturity,rates
0,0.3095890410958904,0.05063500294283355
1,1.1917808219178083,0.008271692121285487
2,1.5369863013698633,0.010171754588481302
3,1.8054794520547943,0.006613503632467513
4,1.8630136986301369,0.012060619898135335
5,2.4575342465753423,0.014796190542316673
6,2.8410958904109593,0.01622964573906053
7,2.9753424657534246,0.01702410200058717
8,3.4547945205479453,0.01704805078229396
9,3.5315068493150683,0.018683870485544624
10,4.068493150684931,0.020770530704315254
11,4.452054794520548,0.022272403790366855
12,4.701369863013698,0.022858886056122907
13,5.7753424657534245,0.025614893185308425
14,6.468493150684933,0.039483048228014093
15,6.619178082191781,0.027166623895005376
16,6.676712328767122,0.02736184934700915
17,7.002739726027397,0.027692156967692706
18,7.673972602739727,0.030084332292509588
19,7.961643835616439,0.030546402639143558
20,9.304109589041095,0.03235301251773482
21,10.186301369863012,0.033651873302994545
22,11.624657534246573,0.03494922293562537
23,13.139726027397261,0.037214150063749445
24,14.271232876712327,0.03854155284957189
25,16.016438356164382,0.04105064387948493
26,19.12328767123288,0.04211954287248041
