,maturity,rates
0,0.3452054794520548,0.08891077761071843
1,0.4986301369863014,0.00175354931879131
2,1.1315068493150684,0.02244195002919434
3,1.2493150684931509,0.023202748587292883
4,1.7068493150684931,0.026436923078682097
5,2.2054794520547945,0.03269803737697691
6,2.263013698630137,0.024141594459853633
7,2.416438356164384,0.034985310062177685
8,2.9917808219178084,0.03326409506307453
9,3.4520547945205484,0.04152606491419996
10,4.3342465753424655,0.045073841919801495
11,4.6794520547945195,0.04613443558406519
12,4.947945205479452,0.04416487251876356
13,5.6,0.04927389243970879
14,6.117808219178082,0.0510874167880688
15,6.597260273972603,0.05518720141373563
16,6.673972602739727,0.052274923821430175
17,9.761643835616438,0.05848973108849419
18,10.145205479452057,0.058442131480314005
19,11.104109589041094,0.05971159710140325
20,14.767123287671232,0.06447952701160137
21,19.158904109589038,0.06729622857013674
