,maturity,rates
0,0.273972602739726,0.06676917374528596
1,0.3315068493150685,0.0040407470907970295
2,0.6958904109589041,0.006768922645884886
3,0.8301369863013699,0.009463192191856826
4,0.8876712328767123,0.01041907857684587
5,1.0410958904109588,0.011707215020391794
6,1.6164383561643836,0.01660351443031898
7,2.0767123287671234,0.019764787098592536
8,2.958904109589041,0.0245369941981529
9,3.304109589041096,0.026574350863224124
10,3.572602739726028,0.02373842607402618
11,3.6301369863013697,0.02822184651609349
12,4.224657534246576,0.030612456561475293
13,4.608219178082192,0.03153496776186018
14,4.742465753424658,0.03217473213787288
15,5.221917808219177,0.032713160036925204
16,5.298630136986302,0.03382042393948201
17,5.835616438356165,0.036569610156516115
18,6.468493150684933,0.03789669164971945
19,8.386301369863014,0.0422780399138004
20,8.76986301369863,0.0427287722171114
21,9.728767123287671,0.04438527214900198
22,11.07123287671233,0.04654623687964043
23,13.391780821917806,0.04919919693809639
24,14.906849315068493,0.051975169797490006
25,16.03835616438356,0.0525245004686148
26,17.783561643835615,0.053906359403725165
