,maturity,rates
0,0.024657534246575345,0.07322409534800478
1,0.4849315068493151,0.004342785872914544
2,1.367123287671233,0.010174537386736111
3,1.7123287671232876,0.012193541422841559
4,1.9808219178082191,0.008158696821209399
5,2.0383561643835617,0.013812955594680328
6,2.632876712328767,0.016587709812040392
7,3.016438356164384,0.018137962243905705
8,3.150684931506849,0.018867206153655516
9,3.6301369863013697,0.018398105647241408
10,3.7068493150684927,0.021117474075127315
11,4.243835616438357,0.023297208549639615
12,4.6273972602739715,0.024337618144649603
13,4.876712328767123,0.025285753590534147
14,5.720547945205479,0.013438127523335218
15,5.950684931506848,0.02815748953392892
16,6.794520547945205,0.029565922222278926
17,6.852054794520547,0.029720224357655207
18,7.178082191780822,0.03002626135873117
19,8.136986301369863,0.032067584586705986
20,9.47945205479452,0.03429994147916682
21,9.767123287671232,0.026728795628438908
22,10.361643835616439,0.03566570044679285
23,11.8,0.03756862321047394
24,13.315068493150685,0.039888146934068745
25,14.446575342465751,0.04124977864193002
26,16.19178082191781,0.04373112020070501
27,19.2986301369863,0.044803968240701535
