,maturity,rates
0,0.14794520547945206,0.034953618053263746
1,0.2821917808219178,0.0038752838493960966
2,0.3397260273972603,0.004285383024323685
3,0.4931506849315068,0.006588099995628163
4,1.0684931506849316,0.012727605358232027
5,1.5287671232876712,0.01721196369901824
6,2.410958904109589,0.02423393057972899
7,2.756164383561644,0.026626545424713852
8,3.024657534246576,0.02200069049304406
9,3.0821917808219177,0.02865610190335109
10,3.676712328767124,0.031560173659486185
11,4.06027397260274,0.033244456490602016
12,4.1945205479452055,0.03446687615702405
13,4.673972602739727,0.034246680898372045
14,4.750684931506848,0.036514305623317075
15,5.287671232876712,0.039192302615332075
16,5.920547945205478,0.041079663484250614
17,6.764383561643837,0.032231355237820065
18,7.838356164383563,0.04647465790791871
19,8.221917808219178,0.047062732246405455
20,9.18082191780822,0.049305673736751925
21,10.523287671232877,0.051846508225206034
22,12.843835616438355,0.05469016552821042
23,14.358904109589037,0.056687322363612694
24,15.490410958904107,0.05721989003793556
25,17.235616438356164,0.05833499803960575
