,maturity,rates
0,0.536986301369863,0.07996422898774169
1,0.6547945205479452,0.011744636816135893
2,1.0547945205479452,0.010144535388088002
3,1.1123287671232878,0.014034432834384988
4,1.476712328767123,0.01364924132938188
5,1.610958904109589,0.023239304461023857
6,1.6684931506849314,0.02022653377562027
7,1.8219178082191783,0.02549621085741984
8,2.3972602739726026,0.029933545690326798
9,2.8575342465753426,0.03285969743871965
10,3.7397260273972597,0.03705470676562555
11,4.084931506849316,0.038425869181315145
12,4.353424657534247,0.03606643440256792
13,5.005479452054795,0.04149370841651388
14,5.389041095890411,0.04334482115144699
15,5.523287671232877,0.04334834607605816
16,6.002739726027397,0.040663034780735005
17,6.079452054794522,0.044884141356574966
18,7.249315068493152,0.04814702187864147
19,9.167123287671233,0.05077011916249876
20,9.550684931506847,0.04996827344290012
21,10.509589041095893,0.05248049413879615
22,14.17260273972603,0.05622530108847697
23,15.687671232876713,0.05880865227168383
24,18.56438356164384,0.060657086817207606
