,maturity,rates
0,0.13424657534246576,0.1017107165522129
1,0.4410958904109589,0.018384597377493036
2,0.6712328767123288,0.024029727272704794
3,0.6712338767123288,0.024649667833867517
4,1.3808219178082193,0.040609470918224984
5,1.5342465753424657,0.042037404779515335
6,2.1671232876712327,0.05066179768668316
7,2.2849315068493152,0.05153505829629859
8,2.684931506849315,0.05297947589997264
9,2.742465753424657,0.053985369904036504
10,3.2410958904109592,0.05832109216265515
11,3.4520547945205484,0.06034966486065307
12,4.027397260273974,0.062430951828378586
13,4.487671232876712,0.05849365187079856
14,5.36986301369863,0.06700696388161242
15,6.6356164383561635,0.06986688601214001
16,7.153424657534248,0.07046161298677033
17,7.70958904109589,0.07171091426527539
18,11.18082191780822,0.07384713335161593
19,12.139726027397261,0.07483991443775145
20,20.194520547945206,0.07946004559660122
