,maturity,rates
0,0.1726027397260274,0.0784421358844296
1,0.23013698630136986,0.018538464022892828
2,0.6904109589041096,0.03969891474331241
3,0.8054794520547945,0.043093283753751425
4,1.3232876712328767,0.0524775506495063
5,1.86027397260274,0.054513647911974765
6,1.8602749726027399,0.062305346663193914
7,2.5698630136986296,0.06842680986652051
8,2.723287671232877,0.06931530453471028
9,3.3561643835616435,0.07218406392399818
10,3.4739726027397264,0.07321543002322783
11,3.8739726027397263,0.07486491364328299
12,5.216438356164384,0.07746439797351153
13,5.676712328767122,0.07875129894011156
14,6.558904109589042,0.08161526295134428
15,7.172602739726028,0.08349553046525354
16,7.824657534246574,0.08080474198036597
17,8.342465753424658,0.081374878413224
18,8.821917808219178,0.08983023167108375
19,8.898630136986304,0.081247985357851
20,10.912328767123286,0.07000249633755246
21,12.36986301369863,0.08464100707012089
22,13.32876712328767,0.08518671667206752
23,14.958904109589039,0.08301808689897
24,21.383561643835613,0.09161180038366978
