,maturity,rates
0,0.1178082191780822,0.10218355621467463
1,0.1178092191780822,0.00443445046596211
2,0.8273972602739726,0.0231568685673304
3,0.9808219178082191,0.026502785284929598
4,1.6136986301369862,0.03318436463667896
5,1.7315068493150685,0.035648963923007405
6,2.1890410958904107,0.03852817310775122
7,2.6876712328767125,0.04375701687721932
8,2.898630136986301,0.045794485510140544
9,3.4739726027397264,0.0486967894334447
10,3.9342465753424656,0.050688424042638174
11,4.816438356164384,0.053043756968739565
12,5.161643835616438,0.05468077140504242
13,5.4301369863013695,0.052458128974566164
14,6.082191780821918,0.05678591706204775
15,6.6,0.057766999624480106
16,7.079452054794522,0.059277169589813446
17,7.156164383561643,0.05896242089610207
18,10.627397260273973,0.06284084555354211
19,11.586301369863017,0.06416963325262097
20,13.216438356164383,0.06825115310667722
21,15.24931506849315,0.06777566459587002
22,19.641095890410963,0.07081332951033856
