,maturity,rates
0,0.4657534246575342,0.09452662989177596
1,0.7726027397260274,0.030103622326882726
2,1.0027397260273974,0.023975004897158942
3,1.0027407260273973,0.03709975883488599
4,1.7123287671232876,0.05226389907466751
5,1.8657534246575345,0.05406747996645045
6,2.4986301369863013,0.06155683314285246
7,2.616438356164384,0.061984705490294195
8,3.016438356164384,0.06445255059004973
9,3.572602739726028,0.06962976171478069
10,4.358904109589041,0.07348385664144019
11,5.701369863013697,0.07778339726107929
12,6.315068493150685,0.07750141227981398
13,6.967123287671233,0.08203391419332703
14,7.484931506849315,0.08283091143103778
15,7.964383561643835,0.08266563333020753
16,8.04109589041096,0.08418922286726743
17,11.512328767123286,0.08695556186661789
18,12.471232876712326,0.08728144195237293
19,20.526027397260272,0.08923567313948925
