,maturity,rates
0,0.2657534246575343,0.051461530657243536
1,1.147945205479452,0.00782634906404082
2,1.4931506849315068,0.009931834714685232
3,1.7616438356164383,0.006340255760730785
4,1.8191780821917811,0.011510212199186841
5,2.4136986301369863,0.014175316633320565
6,2.797260273972603,0.01571445856704569
7,2.9315068493150687,0.01636466961039086
8,3.410958904109589,0.016697977852091643
9,3.4876712328767123,0.018252513153569305
10,3.6219178082191785,0.018338530518304225
11,4.024657534246575,0.019878306149103846
12,4.408219178082192,0.021042619665296396
13,4.6575342465753415,0.021481855955089273
14,5.7315068493150685,0.024168531470605815
15,6.424657534246576,0.06843900130656907
16,6.575342465753424,0.02522834492623563
17,6.632876712328768,0.025383615901451693
18,6.958904109589041,0.026615554883390836
19,7.63013698630137,0.028096544545007648
20,7.917808219178082,0.028714370879395136
21,9.260273972602741,0.030162999312086842
22,10.142465753424656,0.03151267763603824
23,11.58082191780822,0.03309007825137051
24,13.095890410958905,0.03536388546016379
25,14.227397260273971,0.03687613422383308
26,15.972602739726028,0.04110465224625953
27,19.07945205479452,0.04011143620790611
