,maturity,rates
0,0.3287671232876712,0.05785162226614725
1,0.463013698630137,0.0063391065807465626
2,0.5205479452054794,0.0075990841496038145
3,0.673972602739726,0.00902513445695462
4,1.2493150684931509,0.015560396038299423
5,1.7095890410958905,0.02007355716736522
6,2.591780821917808,0.02661865013997251
7,2.936986301369863,0.029189991899487334
8,3.2054794520547945,0.024893056491059013
9,3.263013698630137,0.03148152059037438
10,3.857534246575343,0.034117525598264094
11,4.241095890410959,0.03672872395033546
12,4.375342465753425,0.03710716503064998
13,4.854794520547945,0.03863078705673901
14,4.931506849315068,0.039729056967283405
15,5.468493150684932,0.042341908784006614
16,6.101369863013699,0.043937981733674907
17,8.01917808219178,0.04916704101470863
18,8.402739726027397,0.05018469450050077
19,9.361643835616439,0.05253748378877307
20,10.704109589041096,0.05464551559729735
21,10.991780821917805,0.022083040795104855
22,13.024657534246574,0.0575672120401773
23,14.539726027397261,0.05934617680995795
24,15.67123287671233,0.06054624412489825
25,17.416438356164385,0.061162211704765164
