,maturity,rates
0,0.6,0.07899612195776093
1,0.7178082191780822,0.012403737940283531
2,1.1178082191780825,0.010911864184401368
3,1.1753424657534246,0.014972133059616899
4,1.6739726027397257,0.02383535535317407
5,1.7315068493150685,0.019608820451123794
6,1.8849315068493149,0.0260084810239622
7,2.46027397260274,0.030541343299818505
8,2.92054794520548,0.03356516154778026
9,3.8027397260273967,0.03751126387187857
10,4.147945205479451,0.03866287421735727
11,5.068493150684932,0.04167292594331792
12,5.452054794520548,0.04341579347958608
13,5.586301369863015,0.043561375992263285
14,6.142465753424657,0.04479759461044806
15,7.312328767123287,0.047928664546957295
16,9.23013698630137,0.050612565331177126
17,9.613698630136986,0.049362130325141994
18,10.572602739726028,0.052496803468416176
19,14.235616438356164,0.056197589180021844
20,15.75068493150685,0.0612755079730763
21,18.627397260273973,0.06076379237691491
