,maturity,rates
0,0.0547945205479452,-0.08351428772440088
1,0.18904109589041096,0.002688226778055669
2,0.2465753424657534,0.002820781506898219
3,0.4,0.005591364714307275
4,0.9753424657534246,0.012235731497353412
5,1.4356164383561645,0.016825743073490485
6,2.317808219178082,0.023646530891985273
7,2.6630136986301367,0.025942640249217573
8,2.9315068493150687,0.021348582285357517
9,2.989041095890411,0.028430203728372384
10,3.5835616438356164,0.030790811697629483
11,3.967123287671233,0.03341370613102957
12,4.101369863013699,0.03372841872162117
13,4.580821917808219,0.033093049526147264
14,4.6575342465753415,0.035926143138898824
15,5.1945205479452055,0.03877022562627685
16,5.8273972602739725,0.04061329680712354
17,7.7452054794520535,0.04558466451447911
18,8.128767123287671,0.04614865654804315
19,9.087671232876714,0.0484893531019327
20,10.43013698630137,0.05174358649995461
21,12.75068493150685,0.05351452406599658
22,14.265753424657536,0.05557557913230999
23,15.397260273972602,0.056948976435231585
24,17.142465753424663,0.058132418907038325
