,maturity,rates
0,0.15342465753424658,0.09042060458013536
1,0.7863013698630137,0.015949158883011155
2,0.9041095890410958,0.01750304206835955
3,1.304109589041096,0.016222821978983053
4,1.3616438356164384,0.019621840122597132
5,1.7260273972602742,0.019552946898572367
6,1.86027397260274,0.02773713164358912
7,1.9178082191780816,0.02526506199375249
8,2.0712328767123287,0.029905080110180914
9,2.646575342465753,0.03381874021218348
10,3.106849315068493,0.03613723130686158
11,3.989041095890411,0.03441661769969876
12,4.3342465753424655,0.04133610834298123
13,4.602739726027396,0.039428935560173725
14,5.2547945205479465,0.04406324619435499
15,5.638356164383563,0.045528029329540795
16,5.772602739726027,0.04584544358841918
17,6.252054794520547,0.04859993332087043
18,6.328767123287673,0.04760787261745215
19,9.265753424657532,0.15659554165906353
20,9.416438356164383,0.043603295379107905
21,9.8,0.04268938283071406
22,10.758904109589038,0.046718212382644835
23,12.389041095890413,0.0522517466509918
24,14.421917808219176,0.05075031364229549
25,15.936986301369865,0.05392880090391375
26,18.813698630136987,0.05706835255075931
