,maturity,rates
0,0.27945205479452057,0.05581893498617669
1,0.336986301369863,0.004117041703157342
2,0.7013698630136986,0.006865976628936468
3,0.8356164383561644,0.00957369384512496
4,0.8931506849315068,0.010771515362044737
5,1.0465753424657531,0.011991562542903046
6,1.6219178082191783,0.016661666814444386
7,2.0821917808219177,0.019736688871400673
8,2.964383561643836,0.024900902625762122
9,3.3095890410958906,0.02654928580288334
10,3.5780821917808217,0.02313962271066512
11,3.635616438356165,0.027887128202338005
12,4.23013698630137,0.030431414983584433
13,4.613698630136986,0.03168999347281534
14,4.747945205479452,0.03213468509173844
15,5.227397260273973,0.03288522806544789
16,5.304109589041096,0.033880734679279934
17,5.8410958904109584,0.03652597720393271
18,6.473972602739726,0.03810263197826187
19,7.317808219178081,0.033662636505842954
20,8.391780821917807,0.04273171033224925
21,8.775342465753425,0.043123149636643376
22,9.734246575342468,0.0448164809955797
23,11.076712328767123,0.04666701512953145
24,13.397260273972602,0.04949664350541573
25,14.912328767123286,0.052390230026471786
26,16.043835616438358,0.05268548767123379
27,17.78904109589041,0.05421472080844169
