,maturity,rates
0,0.4054794520547945,0.14751378659765416
1,1.0383561643835617,0.06540400396763801
2,1.5753424657534247,0.0860750202538218
3,2.2849315068493152,0.09920910204923952
4,2.4383561643835616,0.09984630112272379
5,3.0712328767123287,0.1091830478369741
6,3.6465753424657534,0.07707143972570059
7,4.931506849315068,0.09924391326661151
8,6.273972602739726,0.12112818546876869
9,6.887671232876714,0.11552045530520694
10,7.5397260273972595,0.12004617853840487
11,12.084931506849315,0.116137200423019
12,13.043835616438356,0.11717818949260776
13,21.0986301369863,0.08565985600954486
