,maturity,rates
0,0.04383561643835617,0.08673743511116473
1,0.3506849315068493,0.013551807743377253
2,0.5808219178082191,0.019671924021423842
3,0.5808229178082192,0.020263576432317597
4,1.2904109589041095,0.03598646859554793
5,1.443835616438356,0.03991528374645333
6,2.0767123287671234,0.04699181423198623
7,2.194520547945205,0.04793066017822664
8,2.5945205479452054,0.0437478680269461
9,2.652054794520548,0.05055155837429987
10,3.150684931506849,0.056225842334026256
11,3.3616438356164378,0.056556184622449865
12,3.936986301369863,0.06126133568228854
13,4.397260273972603,0.06287647611005646
14,5.279452054794521,0.0646443477874306
15,7.0630136986301375,0.06892493028829498
16,7.619178082191781,0.07004375368331278
17,11.090410958904108,0.0731866938629757
18,12.049315068493149,0.07482622982659211
19,20.104109589041094,0.08058425344090737
