,maturity,rates
0,0.3424657534246575,0.054001602969502134
1,1.2246575342465753,0.008555720266594216
2,1.5698630136986302,0.010551866189567154
3,1.8383561643835615,0.006936876199690416
4,1.895890410958904,0.012409996183705904
5,2.4904109589041097,0.01508848644060002
6,2.8739726027397263,0.01647289124981812
7,3.008219178082192,0.01675225479694102
8,3.4876712328767123,0.017166489812998672
9,3.564383561643836,0.018785690537598685
10,4.101369863013699,0.020734339559655326
11,4.484931506849315,0.022314599561703594
12,4.734246575342466,0.0227690386393342
13,5.5780821917808225,0.008171089865289327
14,5.808219178082192,0.02575887821074203
15,6.5013698630136965,0.002864350196089637
16,6.652054794520548,0.027762829653132995
17,6.7095890410958905,0.0279972652330698
18,7.035616438356165,0.028228441198796656
19,7.706849315068491,0.030594355790409204
20,7.994520547945205,0.030294429651710638
21,9.336986301369864,0.03263261326978688
22,10.219178082191783,0.03383130903962517
23,11.657534246575347,0.03516396324719836
24,13.17260273972603,0.03732241718357444
25,14.304109589041095,0.038911971859546785
26,16.04931506849315,0.041664375976938395
27,19.156164383561645,0.042162661233435296
