,maturity,rates
0,0.024657534246575345,0.05629532272572699
1,0.4246575342465753,0.005470464145281684
2,0.4821917808219178,0.005637967729248878
3,0.8465753424657534,0.009908789286687267
4,0.9808219178082191,0.011273379585710347
5,1.0383561643835617,0.006782370626213612
6,1.1917808219178083,0.013392216359866612
7,1.7671232876712328,0.017726860070258088
8,2.2273972602739724,0.020639870841284987
9,3.1095890410958904,0.025351713294409276
10,3.4547945205479453,0.0271176850703985
11,3.723287671232877,0.023997683763352692
12,3.7808219178082187,0.028340411936630183
13,4.375342465753425,0.030364782755598983
14,4.758904109589041,0.03174401318847386
15,4.8931506849315065,0.03210683939911083
16,5.449315068493152,0.033949564026222914
17,5.986301369863014,0.03640651055001822
18,6.619178082191781,0.037536267127400366
19,8.386301369863014,0.13621266487523018
20,8.536986301369863,0.03575247433859177
21,8.920547945205481,0.037874321752622064
22,9.87945205479452,0.04054832421580553
23,13.54246575342466,0.04410449990395356
24,15.057534246575342,0.046684923969544836
25,16.18904109589041,0.05022879572571282
26,17.93424657534247,0.05136097503455868
