,maturity,rates
0,0.06027397260273973,0.10588427959290107
1,0.17534246575342466,0.012736367630301459
2,0.6931506849315069,0.03271563855504389
3,1.0,0.04089465144691072
4,1.2301369863013698,0.034237698296513866
5,1.2301379863013697,0.04662731737545294
6,1.9397260273972603,0.05715848100024125
7,2.0931506849315067,0.05955620929336091
8,2.7260273972602738,0.06623701162622482
9,4.0109589041095886,0.07447916463023224
10,4.586301369863014,0.07474539701085649
11,5.92876712328767,0.08080160106977917
12,6.542465753424658,0.0836451620470647
13,7.1945205479452055,0.08326009405547304
14,7.712328767123287,0.0843018214526811
15,8.191780821917808,0.089233859567838
16,8.26849315068493,0.08422512083089181
17,11.73972602739726,0.08527867127586536
18,12.698630136986301,0.08853819699994583
19,14.32876712328767,0.09946258022762974
20,20.753424657534246,0.09256892634740914
