,maturity,rates
0,0.1780821917808219,0.09372967897648228
1,0.40821917808219177,0.014423853060423507
2,0.40822017808219174,0.01418563259696863
3,1.1178082191780825,0.02906173631237934
4,1.2712328767123289,0.031457599330163635
5,2.4219178082191783,0.04262910327008029
6,2.4794520547945207,0.04330166283123581
7,2.9780821917808216,0.04986899457777081
8,3.1890410958904107,0.05116908319640431
9,3.764383561643836,0.05431655080468592
10,4.224657534246576,0.05579346973861811
11,5.1068493150684935,0.05892556052381984
12,5.452054794520548,0.06040088798081216
13,6.372602739726028,0.06309880612460943
14,6.890410958904107,0.06456814379440233
15,7.36986301369863,0.07231185907075117
16,7.446575342465754,0.06524776884742245
17,10.917808219178083,0.06931623210642261
18,11.876712328767125,0.07054375900180995
19,15.539726027397261,0.07242135647121235
20,19.931506849315067,0.07876537327776947
