,maturity,rates
0,0.15616438356164386,0.0720591736273233
1,0.4246575342465753,0.03569006733504155
2,0.4821917808219178,0.03955714859483506
3,0.9424657534246575,0.05012837643396958
4,1.0575342465753426,0.051041561114195264
5,1.5753424657534247,0.058097886792972946
6,1.8821917808219175,0.060518574512489105
7,2.112328767123288,0.05603869532422296
8,2.1123297671232883,0.0634025819310901
9,2.8219178082191783,0.06753224909803258
10,2.9753424657534246,0.06789478001316344
11,3.608219178082192,0.06965783630182555
12,4.126027397260274,0.07015725055246144
13,4.183561643835616,0.05435057222728155
14,4.8931506849315065,0.07176082501739539
15,5.468493150684932,0.07360196071685006
16,5.92876712328767,0.07364452832600354
17,6.810958904109589,0.07509171923013382
18,7.424657534246576,0.07861129017402893
19,8.076712328767123,0.07531881036408433
20,8.594520547945205,0.07606153340403549
21,9.150684931506847,0.07643741946389443
22,12.62191780821918,0.0788852998043699
23,13.58082191780822,0.07951678732428963
