,maturity,rates
0,0.0904109589041096,0.0629328740696795
1,0.14794520547945206,0.0016700682430524393
2,0.6465753424657534,0.007911372039188892
3,0.7041095890410959,0.009241025917056065
4,0.8575342465753425,0.010346731902284818
5,1.4328767123287671,0.015663533971521208
6,1.8931506849315067,0.019439519319504994
7,2.7753424657534245,0.024776737447812516
8,3.1205479452054794,0.026450389998700072
9,3.3890410958904114,0.022527461245991243
10,3.4465753424657533,0.029101055079256564
11,4.0410958904109595,0.030676838345622036
12,4.424657534246577,0.03293825657274727
13,4.558904109589041,0.03315701559258524
14,5.038356164383561,0.03406645924385164
15,5.115068493150685,0.03474005951109744
16,5.652054794520548,0.03740505344743125
17,6.284931506849315,0.038759922360146
18,7.128767123287672,0.016357727179991108
19,8.202739726027398,0.04383129862984412
20,8.586301369863014,0.04496695014761835
21,9.545205479452054,0.046676677478319856
22,10.887671232876713,0.04988490959817036
23,13.208219178082194,0.050761241803090884
24,14.723287671232875,0.0526281682027609
25,15.854794520547946,0.05488534246988749
26,17.6,0.05555209254409256
