,maturity,rates
0,0.3643835616438356,0.07482353927941413
1,0.4986301369863014,-0.0002901739949068473
2,0.5561643835616439,0.007693204944498731
3,0.7095890410958904,0.009198351169733124
4,1.2849315068493148,0.015097892103128844
5,1.7452054794520548,0.019939528443243867
6,2.6273972602739732,0.02605394501896028
7,2.9726027397260277,0.028760941621385462
8,3.2410958904109592,0.021686638461408073
9,3.2986301369863016,0.03080300737863241
10,3.893150684931507,0.03365249701129532
11,4.276712328767124,0.03551430800368704
12,4.410958904109589,0.036604964497476654
13,4.890410958904108,0.0367327177445951
14,4.9671232876712335,0.03879717831440886
15,5.504109589041097,0.0403350728518508
16,6.136986301369863,0.04244279554875718
17,8.054794520547945,0.047141437760369644
18,8.438356164383563,0.048276484739614565
19,9.397260273972602,0.05063009296479004
20,10.73972602739726,0.05289315112288482
21,13.06027397260274,0.05456790276518708
22,14.575342465753426,0.05669970458854255
23,15.706849315068496,0.05828652290804489
24,17.45205479452055,0.05808007863204952
