,maturity,rates
0,0.3041095890410959,0.08572610316586457
1,0.4575342465753425,0.01072713263590928
2,1.0904109589041096,0.021606070826688084
3,1.2082191780821918,0.02241828095128389
4,1.6082191780821915,0.021291781043656935
5,1.6657534246575345,0.025400617682351596
6,2.03013698630137,0.02452187573915368
7,2.164383561643836,0.03166514704478603
8,2.221917808219178,0.024085145540526418
9,2.375342465753425,0.03423202780444667
10,2.9506849315068493,0.03820940147349916
11,3.410958904109589,0.04081693676113661
12,4.293150684931507,0.04288119388971148
13,4.638356164383562,0.04517955466451752
14,4.906849315068493,0.04369726318482019
15,5.558904109589042,0.04863368896001798
16,6.076712328767122,0.04998114302013705
17,6.556164383561644,0.051746993760841575
18,6.632876712328768,0.05172305163632837
19,9.720547945205482,0.05770421381206932
20,10.104109589041096,0.05727526875754503
21,11.063013698630137,0.0595004552436267
22,14.726027397260275,0.06397563844738198
23,19.117808219178084,0.06695940694564571
