,maturity,rates
0,0.2876712328767123,0.0355907066642984
1,0.4219178082191781,0.0056647528568574464
2,0.4794520547945205,0.005264793241112309
3,0.6328767123287671,0.00824947085331753
4,1.2082191780821918,0.01405095301405939
5,1.6684931506849314,0.01881909721583621
6,2.5506849315068494,0.024852603181452514
7,2.8958904109589043,0.027719384666785016
8,3.1643835616438367,0.0224665409114336
9,3.221917808219178,0.029676899456932297
10,3.816438356164384,0.032647492583260204
11,4.2,0.03449646366766361
12,4.3342465753424655,0.035108959788648045
13,4.8136986301369875,0.03585948747916844
14,4.890410958904108,0.0371541154922537
15,5.427397260273971,0.03967646259248383
16,6.06027397260274,0.041048662216355114
17,7.827397260273971,0.04803960180282492
18,7.978082191780822,0.04299452948086772
19,8.361643835616439,0.047410884327493366
20,9.320547945205481,0.04962286687062045
21,10.663013698630136,0.051923256379091426
22,12.983561643835616,0.054205235849794524
23,14.498630136986304,0.05611571820909912
24,15.63013698630137,0.05762682038257799
25,17.375342465753427,0.058244449890496534
