,maturity,rates
0,0.0958904109589041,0.07709614732757307
1,0.3643835616438356,0.03164692335911363
2,0.4219178082191781,0.03366986973952274
3,0.8821917808219178,0.04886093589448142
4,0.9972602739726028,0.02706850594222425
5,1.515068493150685,0.05776162406319936
6,2.052054794520548,0.05886222868600295
7,2.052055794520548,0.06359028470262452
8,2.915068493150685,0.0681136055861225
9,3.5479452054794516,0.06923388337984866
10,3.6657534246575336,0.06987709483022143
11,4.065753424657534,0.07163515449038577
12,4.123287671232877,0.07115528644120338
13,4.832876712328766,0.07330914741688281
14,5.408219178082192,0.07167561779367772
15,5.868493150684931,0.07389840859356284
16,7.3643835616438365,0.07672698133702748
17,8.016438356164384,0.0765734274004799
18,8.534246575342468,0.07715547473866465
19,9.013698630136986,0.07993529644036121
20,9.090410958904108,0.07655555347940798
21,12.561643835616438,0.08037574824553852
22,13.52054794520548,0.08115819539571308
23,15.150684931506849,0.0807839475122401
24,21.575342465753426,0.08718599170223922
