,maturity,rates
0,0.4164383561643836,0.07095584642534619
1,0.6849315068493149,0.05137595307031479
2,0.7424657534246575,0.05171501092585847
3,1.202739726027397,0.06515577887846148
4,1.3178082191780822,0.057411209112613354
5,1.8356164383561644,0.07274298785670213
6,2.1424657534246574,0.07136722343830894
7,2.3726027397260268,0.07501306126931806
8,2.372603739726027,0.07692709663539599
9,3.0821917808219177,0.08181413746323378
10,3.2356164383561645,0.07117123078579315
11,3.868493150684932,0.08278595443026943
12,3.9863013698630136,0.07990432357435663
13,4.3863013698630136,0.0901226543704477
14,5.0,0.32457217884765666
15,5.153424657534247,0.07946034346537838
16,5.72876712328767,0.07775981149917352
17,7.07123287671233,0.08404170872579139
18,7.684931506849315,0.0860918311481795
19,8.336986301369864,0.0774102255176765
20,8.854794520547943,0.08513036069006659
21,9.334246575342464,0.08539844254064073
22,9.41095890410959,0.08702720276314374
23,12.882191780821916,0.08840272544405617
24,13.841095890410957,0.08797878184948753
25,21.895890410958906,0.09502532100154659
