,maturity,rates
0,0.3123287671232877,0.07802705657432638
1,0.4301369863013699,0.0075531589379537
2,0.8301369863013699,0.013920969293083972
3,0.8876712328767123,0.009989239853755704
4,1.2520547945205478,0.005871117216521529
5,1.3863013698630138,0.01882696565050598
6,1.443835616438356,0.013781738938779157
7,1.5972602739726027,0.02075643410353286
8,2.1726027397260275,0.02508202146811117
9,2.632876712328767,0.02821165989159616
10,3.515068493150685,0.032431323673672297
11,3.86027397260274,0.034387944472396764
12,4.780821917808218,0.0375725697031267
13,5.1643835616438345,0.03894485752601605
14,5.298630136986302,0.03969438532019194
15,5.778082191780823,0.04060832693166196
16,5.854794520547945,0.0412983703400277
17,7.0246575342465745,0.04427760542139948
18,8.942465753424658,0.0478848235077789
19,9.326027397260274,0.047951456338645324
20,10.284931506849317,0.04975996657621635
21,11.915068493150685,0.04638419720736415
22,13.947945205479453,0.054441294768418746
23,15.463013698630135,0.05682154468402186
24,18.339726027397266,0.05974678863757618
