,maturity,rates
0,0.20821917808219176,0.04909563427165551
1,0.3424657534246575,0.0047487596364267125
2,0.4,0.004767703215073446
3,0.5534246575342465,0.007310851186957766
4,1.1287671232876713,0.013559125557907167
5,1.5890410958904109,0.017862303844482594
6,2.4712328767123286,0.025281645660144608
7,2.8164383561643835,0.027547025112365245
8,3.084931506849315,0.022898934868324814
9,3.1424657534246574,0.029264192908300922
10,3.736986301369863,0.03208971914919733
11,4.1205479452054785,0.03380810802485746
12,4.2547945205479465,0.03467531085141512
13,4.734246575342466,0.03472348486547026
14,4.810958904109589,0.03690626226785397
15,5.347945205479452,0.039728878170371226
16,5.980821917808219,0.04165155736227805
17,7.898630136986301,0.04635631999984272
18,8.282191780821918,0.04685667894995356
19,9.24109589041096,0.04901066827121544
20,10.583561643835617,0.051484931619087425
21,12.904109589041095,0.053933364942232435
22,14.41917808219178,0.055905772872279304
23,15.550684931506849,0.0570643709222225
24,17.295890410958904,0.057972333620343645
