,maturity,rates
0,0.23013698630136986,0.10321661240795928
1,0.536986301369863,0.021214677577614117
2,0.7671232876712328,0.022050683728129253
3,0.7671242876712329,0.028585728971422402
4,1.476712328767123,0.04252587391268831
5,1.6301369863013702,0.044238940097275414
6,2.263013698630137,0.0520812666993117
7,2.3808219178082197,0.0531131124249325
8,2.780821917808219,0.0524380941829482
9,2.838356164383561,0.05146614208496594
10,3.3369863013698633,0.06035729632394089
11,3.5479452054794516,0.06105738263360823
12,4.123287671232877,0.06388766509814045
13,4.583561643835616,0.06612567538269358
14,5.465753424657534,0.06911803332809781
15,6.079452054794522,0.06776594279707329
16,6.7315068493150685,0.07275124710075026
17,7.249315068493152,0.07422508008176851
18,7.72876712328767,0.06896296687797215
19,7.805479452054794,0.07502870509787539
20,11.276712328767125,0.07902027173702263
21,12.235616438356164,0.08057944989137317
22,20.290410958904108,0.08588025942674916
