,maturity,rates
0,0.7534246575342466,0.04093696778225056
1,1.0986301369863014,0.006227921556136549
2,1.367123287671233,0.005726620806428024
3,1.4246575342465753,0.007482363313017333
4,2.0191780821917806,0.009638815111137329
5,2.4027397260273973,0.011217406175472634
6,2.536986301369863,0.01157970578557966
7,3.016438356164384,0.011929908309277358
8,3.0931506849315067,0.013575978606665933
9,3.2273972602739724,0.014407639807277007
10,3.6301369863013697,0.015622990364042461
11,4.013698630136987,0.016474357833159665
12,4.263013698630137,0.017190789680873352
13,5.0109589041095886,0.020288561502544288
14,5.336986301369863,0.02047825318361252
15,6.03013698630137,0.05582527756279545
16,6.18082191780822,0.02225499884613872
17,6.238356164383561,0.02236415651489337
18,6.564383561643837,0.02303413745651049
19,7.235616438356163,0.02541383386266671
20,7.523287671232878,0.02589202081275201
21,8.865753424657534,0.028524614468182836
22,9.747945205479452,0.029764344116869585
23,11.186301369863012,0.031546837579261966
24,12.7013698630137,0.03423365147187311
25,13.832876712328767,0.035469355513364935
26,15.02191780821918,0.036640353257536035
27,15.578082191780824,0.037964987230630326
28,18.684931506849317,0.03926583018069117
