,maturity,rates
0,0.04383561643835617,0.07490060852441002
1,0.10136986301369864,0.001065259782304305
2,0.4657534246575342,0.007650333159618156
3,0.6,0.007558344095685465
4,0.6575342465753424,0.008810481450322642
5,0.8109589041095892,0.009965006179845366
6,1.3863013698630138,0.015286792555956854
7,1.8465753424657532,0.019307614912575436
8,2.7287671232876707,0.024711939041935613
9,3.0739726027397265,0.026434573362371826
10,3.3424657534246576,0.02218801282170095
11,3.4,0.02877801682208101
12,3.994520547945205,0.030333858663956027
13,4.3780821917808215,0.03264109844045138
14,4.512328767123288,0.03247551939019379
15,4.991780821917809,0.03291688112519703
16,5.068493150684932,0.03422975959923571
17,5.6054794520547935,0.037263619237056324
18,6.238356164383561,0.03877671050763238
19,7.082191780821918,0.016799328810807958
20,8.156164383561642,0.043636459044455296
21,8.53972602739726,0.04406412764514318
22,9.498630136986304,0.04653235598155305
23,10.841095890410957,0.04947141512151399
24,11.128767123287673,0.04010055668547855
25,13.161643835616438,0.05125363008036805
26,14.676712328767126,0.05317730606314151
27,15.808219178082194,0.05516055926300882
28,17.553424657534247,0.05496834117037711
