,maturity,rates
0,0.2493150684931507,0.12609598200702607
1,0.3643835616438356,0.02876025040871108
2,0.8821917808219178,0.052151951079367355
3,1.4191780821917808,0.0544780516617863
4,1.4191790821917807,0.06853966571216878
5,2.128767123287671,0.0810369481622114
6,2.282191780821918,0.08326781376699101
7,2.915068493150685,0.09053679796692692
8,3.032876712328767,0.0922303643720636
9,3.4904109589041097,0.08178132299048047
10,4.2,0.10087473472770568
11,4.7753424657534245,0.09997344195560169
12,6.117808219178082,0.10504626661303833
13,6.7315068493150685,0.08742593022585558
14,7.383561643835616,0.10590356655591791
15,7.9013698630136995,0.1065306601895144
16,8.457534246575342,0.10685737416478498
17,10.471232876712328,0.10278723938430429
18,11.92876712328767,0.10530318509885428
19,12.887671232876713,0.10665240097410739
20,20.942465753424656,0.10519043400151827
