,maturity,rates
0,0.3424657534246575,0.037167558946219294
1,0.4767123287671233,0.006480456889306643
2,0.5342465753424658,0.006362158628573875
3,0.6876712328767123,0.009060133423862096
4,1.263013698630137,0.015160273467868485
5,1.7232876712328766,0.019604952496819407
6,2.6054794520547944,0.026034464707092194
7,2.9506849315068493,0.028982835178844403
8,3.2191780821917813,0.024327792236246197
9,3.276712328767123,0.031375770415556496
10,3.871232876712329,0.033714730258939576
11,4.2547945205479465,0.03651428651915608
12,4.389041095890411,0.037718618746809984
13,4.868493150684932,0.037784311682390444
14,4.945205479452055,0.04009124092226506
15,5.4821917808219185,0.042661486939920286
16,6.115068493150685,0.04419264674391303
17,8.032876712328768,0.04909015856271879
18,8.416438356164383,0.04981633647370753
19,9.375342465753425,0.0520662924064936
20,10.717808219178082,0.05485891403557534
21,13.038356164383561,0.05629519793719621
22,14.553424657534249,0.05865331353974101
23,15.684931506849315,0.05972604692430581
24,17.43013698630137,0.06017124616571094
