,maturity,rates
0,0.2328767123287671,0.05452721539736819
1,1.1150684931506851,0.007838188751964228
2,1.4602739726027398,0.009985635953379188
3,1.7287671232876711,0.009374594979037781
4,1.7863013698630137,0.011506542643749125
5,2.3808219178082197,0.014408331011975965
6,2.7643835616438355,0.015995575984424516
7,2.898630136986301,0.016765508991897597
8,3.3780821917808215,0.01715633299299715
9,3.4547945205479453,0.018946467263550298
10,3.589041095890411,0.01897490783370398
11,3.991780821917808,0.020701094137963293
12,4.375342465753425,0.021948566403804565
13,4.624657534246575,0.022407740673222848
14,5.698630136986301,0.02531580942429963
15,6.391780821917808,0.06952237262596156
16,6.542465753424658,0.026395108028710302
17,6.6,0.0262224253215037
18,6.926027397260274,0.027518000972184434
19,7.597260273972603,0.029106092488129325
20,7.884931506849315,0.030045508001740617
21,9.227397260273973,0.03210304420200513
22,9.515068493150684,0.02149297366680103
23,10.10958904109589,0.032898662990482434
24,11.547945205479452,0.03490663118818736
25,13.063013698630135,0.037332543656869485
26,14.194520547945206,0.03938029186798099
27,15.93972602739726,0.0419536101238305
28,19.046575342465754,0.04176422907448943
