,maturity,rates
0,0.4219178082191781,0.09992979521517664
1,0.7287671232876712,0.027941472724400385
2,0.9589041095890408,0.03698924329915019
3,0.9589051095890408,0.036897085635369586
4,1.6684931506849314,0.05079263240753357
5,1.8219178082191783,0.0533656467884609
6,2.4547945205479453,0.06197050719811532
7,2.572602739726028,0.06188855139801193
8,2.9726027397260277,0.06510959937257982
9,3.03013698630137,0.06686267815593416
10,3.5287671232876714,0.06992823580584659
11,3.7397260273972597,0.07186838438103013
12,4.315068493150685,0.07505009101113509
13,4.7753424657534245,0.07676870243938494
14,5.657534246575342,0.07953553850434635
15,6.27123287671233,0.08027054699427678
16,6.923287671232878,0.08325199031383596
17,7.441095890410958,0.08405978862395783
18,7.920547945205478,0.08532318202860219
19,7.997260273972603,0.08470708203780235
20,11.468493150684932,0.08164023467277101
21,12.427397260273972,0.09065416392042311
22,20.48219178082192,0.09225009901494936
