,maturity,rates
0,0.3863013698630137,0.051171424837328984
1,0.4438356164383562,0.00553552634810755
2,0.8082191780821918,0.009397723756071862
3,0.9424657534246575,0.010523155376732466
4,1.0,0.009664329913397563
5,1.1534246575342466,0.01265488616707929
6,1.7287671232876711,0.016994346671732045
7,2.1890410958904107,0.02022286256060175
8,3.0712328767123287,0.024877458840670757
9,3.416438356164384,0.026617895932015363
10,3.684931506849315,0.02427763634773841
11,3.7424657534246575,0.02806392600944009
12,4.336986301369863,0.029836577278312487
13,4.720547945205479,0.031137425745988368
14,4.854794520547945,0.03179463983509421
15,5.3342465753424655,0.032825261181881324
16,5.410958904109589,0.03365178832333062
17,5.947945205479453,0.03605999754398876
18,6.580821917808219,0.03725501926317313
19,7.424657534246576,0.03780628487741764
20,8.498630136986304,0.04154609214245823
21,8.882191780821918,0.04200597120660323
22,9.841095890410957,0.044236112785533535
23,11.183561643835617,0.04675754872929469
24,13.504109589041095,0.04881329129825818
25,15.019178082191779,0.05116059016939828
26,16.150684931506852,0.05284576465785011
27,17.895890410958906,0.05336674941646838
