,maturity,rates
0,0.20821917808219176,0.07516342437584407
1,0.326027397260274,0.005542819526549821
2,0.726027397260274,0.011418053974916803
3,0.7835616438356164,0.008857359467333684
4,1.147945205479452,0.00826230399117327
5,1.282191780821918,0.017317507485669015
6,1.4931506849315068,0.01948459090168056
7,2.068493150684932,0.023762092903455774
8,2.5287671232876714,0.026819404202874198
9,3.410958904109589,0.03167109082677284
10,3.7561643835616434,0.033218613790065535
11,4.024657534246575,0.03058876813054022
12,4.082191780821918,0.03516944516213403
13,4.676712328767123,0.0366123543198922
14,5.06027397260274,0.038232490928962574
15,5.1945205479452055,0.03891741950438235
16,5.673972602739727,0.040567036222164544
17,5.750684931506848,0.040352465723371755
18,6.920547945205478,0.0440999319308088
19,7.764383561643837,0.02446035682056321
20,8.838356164383562,0.048549743937033915
21,9.221917808219178,0.04868550333999225
22,10.18082191780822,0.05035299245821697
23,11.810958904109588,0.04897436403872766
24,13.843835616438355,0.05473382352805191
25,15.358904109589037,0.057442570318367685
26,18.235616438356164,0.05950675309181372
