,maturity,rates
0,0.04383561643835617,0.08038344743125922
1,0.10136986301369864,0.001352073789759348
2,0.2547945205479452,0.0034903468912110985
3,0.8301369863013699,0.01014850061315749
4,1.2904109589041095,0.014675936286548362
5,2.1726027397260275,0.0211287669425434
6,2.5178082191780824,0.02314671964194817
7,2.7863013698630144,0.0191437182499095
8,2.8438356164383563,0.02554352602511439
9,3.4383561643835616,0.028779712706677264
10,3.821917808219178,0.03039793665277255
11,3.9561643835616436,0.0313495297899182
12,4.435616438356164,0.03109315964299275
13,4.512328767123288,0.03279326350851662
14,5.049315068493152,0.035289018368747815
15,5.682191780821919,0.03717538356411507
16,6.526027397260274,0.020660499294776896
17,7.6,0.04247563614778157
18,7.657534246575342,0.0429285641723519
19,7.983561643835618,0.042597833614621015
20,8.942465753424658,0.04546158613172747
21,10.284931506849317,0.04872667141214242
22,10.572602739726028,0.034305879076652904
23,12.605479452054794,0.05039855929005859
24,14.12054794520548,0.05261456593984775
25,15.252054794520548,0.05505894294327129
26,16.997260273972607,0.05436315326825992
