,maturity,rates
0,0.6164383561643836,0.09178502081130904
1,0.7698630136986301,0.019214560632344977
2,1.4027397260273973,0.02871496634263454
3,1.5205479452054795,0.028918899964394246
4,1.9780821917808218,0.03246136364405002
5,2.4767123287671238,0.038054050913951275
6,2.6876712328767125,0.03942063995083278
7,3.263013698630137,0.04286708449258308
8,3.723287671232877,0.044922469671310604
9,4.6054794520547935,0.04775647088226081
10,4.950684931506848,0.04954235030367422
11,5.219178082191782,0.04779759191680601
12,5.8712328767123285,0.05160848459018063
13,6.389041095890411,0.05275012430400341
14,6.868493150684931,0.054560186219976284
15,6.945205479452055,0.054083352726599254
16,10.032876712328768,0.05728629044494841
17,10.416438356164383,0.05821703842196286
18,11.375342465753427,0.05961206340436062
19,15.038356164383561,0.06315572396791991
20,19.43013698630137,0.06829866315751233
