,maturity,rates
0,0.3616438356164384,0.07664894030204479
1,0.4794520547945205,0.008261987664134546
2,0.8794520547945206,0.013748041937623542
3,0.9369863013698628,0.01088611807266391
4,1.3013698630136987,0.010795308530208278
5,1.4356164383561645,0.01979290808037371
6,1.4931506849315068,0.013887643855677801
7,1.6465753424657534,0.021526002708767356
8,2.221917808219178,0.026069633591805114
9,2.682191780821918,0.02929679793035813
10,3.564383561643836,0.0331575759285572
11,3.90958904109589,0.0352425579103314
12,4.178082191780821,0.032595016971886444
13,4.83013698630137,0.038501150459434884
14,5.213698630136986,0.039551841365757255
15,5.347945205479452,0.04043921781013264
16,5.8273972602739725,0.040229768104683684
17,5.904109589041097,0.041866310914487455
18,7.073972602739726,0.04468500074978799
19,8.991780821917809,0.04740574682219904
20,9.375342465753425,0.04813128134093261
21,10.334246575342464,0.049790070083267766
22,11.964383561643837,0.058078654072318985
23,13.997260273972607,0.05323660259697169
24,15.512328767123286,0.05635018375256125
25,18.389041095890416,0.059639740977066015
