,maturity,rates
0,0.09315068493150687,0.0598286900272199
1,0.4931506849315068,0.006234848427598358
2,0.5506849315068493,0.004224539466703982
3,0.9150684931506852,0.0102383239895795
4,1.0493150684931507,0.01254132978192259
5,1.1068493150684928,0.0070396353248768145
6,1.2602739726027397,0.014820044752066646
7,1.8356164383561644,0.019447817007795253
8,2.295890410958904,0.022391904529101312
9,3.1780821917808217,0.026589490526423686
10,3.5232876712328767,0.027858373496632515
11,3.791780821917808,0.025904511677932295
12,3.8493150684931514,0.02962213466431273
13,4.443835616438356,0.031711569168653246
14,4.8273972602739725,0.03302425954121306
15,4.961643835616439,0.033387773906867035
16,5.441095890410958,0.03240285980825578
17,5.5178082191780815,0.03477832540724333
18,6.6876712328767125,0.03864603503063789
19,8.605479452054794,0.04238646768829879
20,8.98904109589041,0.042557652875268255
21,9.947945205479453,0.04527573436054128
22,13.610958904109587,0.04932510437334554
23,15.126027397260273,0.05170887507744702
24,18.002739726027393,0.05394647121601493
