,maturity,rates
0,0.2712328767123288,0.07308880974861891
1,0.3287671232876712,0.003927320393782179
2,0.4821917808219178,0.006430957055989099
3,1.0575342465753426,0.012691038734275116
4,1.5178082191780822,0.017171210153678756
5,2.4,0.024117376311980035
6,2.7452054794520553,0.02643271052134461
7,3.0136986301369864,0.022168857854918348
8,3.0712328767123287,0.028746543933709002
9,3.6657534246575336,0.031329220142878846
10,4.049315068493152,0.03347789456517622
11,4.183561643835616,0.03436040864337464
12,4.7397260273972615,0.03652463246378657
13,5.276712328767124,0.039520511994279056
14,5.9095890410958924,0.041327080557485844
15,7.827397260273971,0.046153698965058734
16,8.210958904109589,0.04663960327060566
17,9.169863013698633,0.0489507488890893
18,10.512328767123286,0.05166756019269251
19,12.832876712328767,0.054329479801271105
20,14.347945205479453,0.0565247509043042
21,15.47945205479452,0.05732383548436438
22,17.224657534246575,0.05815336404064098
