,maturity,rates
0,0.2712328767123288,0.07631360832745325
1,0.38904109589041097,0.006702020083155435
2,0.7890410958904109,0.012376136596562623
3,0.8465753424657534,0.009282843293979862
4,1.3452054794520547,0.0180843302990851
5,1.4027397260273973,0.013516107920980838
6,1.556164383561644,0.01984115504391192
7,2.1315068493150684,0.02429906002771492
8,2.591780821917808,0.02724947076296992
9,3.4739726027397264,0.03202911458282058
10,3.8191780821917813,0.03352364220380963
11,4.087671232876712,0.03079075857696151
12,4.145205479452055,0.03488891299269893
13,4.7397260273972615,0.0366033847741282
14,5.123287671232877,0.038013468001184055
15,5.257534246575342,0.03860579215580902
16,5.813698630136987,0.040005311273667646
17,6.983561643835618,0.04317179476623418
18,8.901369863013699,0.04731695025962422
19,9.284931506849317,0.04735503255339277
20,10.243835616438355,0.04921331042301126
21,13.906849315068493,0.053313853402504364
22,15.421917808219176,0.055894988339215634
23,18.2986301369863,0.059098206988022046
