,maturity,rates
0,0.12054794520547946,0.06149468305081756
1,0.5589041095890411,0.054046431646181864
2,1.3452054794520547,0.057920066784194355
3,1.9780821917808218,0.06134615085753063
4,2.2849315068493152,0.06423184509886053
5,2.515068493150685,0.065146817988104
6,2.515069493150685,0.06445376950237082
7,3.2246575342465755,0.06772840422274272
8,3.3780821917808215,0.0678598962692591
9,4.0109589041095886,0.06876579513889139
10,4.128767123287672,0.07034905392515503
11,4.528767123287671,0.0767003893332376
12,5.295890410958903,0.07315428230769269
13,5.8712328767123285,0.07392589297580258
14,6.331506849315067,0.07557373280316791
15,7.213698630136986,0.07621959547247872
16,7.827397260273971,0.07636181091256737
17,8.479452054794521,0.07805813110696992
18,8.997260273972604,0.07857603889065906
19,9.553424657534247,0.07936814862492728
20,11.567123287671233,0.0838989051507809
21,13.024657534246574,0.07990395516948023
22,13.983561643835616,0.08158192718230875
23,15.613698630136984,0.07698863356074072
24,22.038356164383558,0.08129910034753225
