,maturity,rates
0,0.2054794520547945,0.09831323901986436
1,0.2054804520547945,0.0072314430943996606
2,0.9150684931506852,0.024840846919519953
3,1.0684931506849316,0.027335571652505487
4,1.7013698630136986,0.03693977831600559
5,1.8191780821917811,0.037623023515504186
6,2.219178082191781,0.03751232860138546
7,2.2767123287671227,0.039513107004508746
8,2.6410958904109587,0.04032743074144435
9,2.7753424657534245,0.04604787528581556
10,2.8328767123287677,0.03934184714332275
11,2.9863013698630136,0.048051452725156915
12,3.5616438356164384,0.0505061575885609
13,4.021917808219178,0.05282003670762513
14,4.904109589041097,0.05574313276934511
15,5.249315068493152,0.056981117645965
16,5.5178082191780815,0.05495101744841067
17,6.16986301369863,0.05916894801945633
18,6.6876712328767125,0.06033599029098376
19,7.167123287671232,0.061590811684680495
20,7.243835616438357,0.06171826454313792
21,10.18082191780822,3.6329918872928544
22,10.715068493150683,0.047472571195143975
23,11.673972602739726,0.05177504530372114
24,13.304109589041095,0.05873370697318904
25,15.336986301369866,0.05726865129865612
26,19.728767123287675,0.06222834267209714
