,maturity,rates
0,0.3835616438356164,0.07150411674298468
1,0.4410958904109589,0.00454954458018667
2,0.5945205479452055,0.0076579395980916265
3,1.1698630136986299,0.013793151390477081
4,1.6301369863013702,0.018114360946893983
5,2.512328767123288,0.02482639040621821
6,2.8575342465753426,0.027663716893395245
7,3.1260273972602737,0.022926641558254746
8,3.1835616438356165,0.02969406906283744
9,3.778082191780822,0.03258826953054453
10,4.161643835616438,0.03452278965918565
11,4.295890410958904,0.0352378071540284
12,4.7753424657534245,0.03534379095936865
13,4.852054794520548,0.037586609801332715
14,5.389041095890411,0.040224715380571104
15,6.021917808219178,0.0420494711882703
16,7.93972602739726,0.047793760107059755
17,8.323287671232876,0.04826304556821619
18,9.282191780821918,0.050507260443103254
19,10.624657534246575,0.05288996236930531
20,12.945205479452055,0.05549106508380641
21,14.460273972602739,0.05359310602854854
22,15.591780821917805,0.05858419498209662
23,17.336986301369862,0.05974144126039015
