,maturity,rates
0,0.7616438356164383,0.04015417142413775
1,1.1068493150684928,0.005930631570718922
2,1.3753424657534246,0.005698506835212387
3,1.4328767123287671,0.007551692300341424
4,2.0273972602739727,0.009699745236141337
5,2.410958904109589,0.011353507331589541
6,2.5452054794520547,0.011653317890112097
7,3.024657534246576,0.01196976768959916
8,3.1013698630136988,0.01367886012212874
9,3.2356164383561645,0.01465215789100573
10,3.6383561643835622,0.01575933023053736
11,4.021917808219178,0.01652210443074602
12,4.271232876712329,0.017533855063094572
13,5.0191780821917815,0.020432031775035123
14,5.115068493150685,-0.030604038015916733
15,5.345205479452055,0.020588732205445534
16,6.038356164383561,0.0577885967598018
17,6.189041095890411,0.02244816502210655
18,6.2465753424657535,0.022334768118853852
19,6.572602739726027,0.023034137456510517
20,7.243835616438357,0.025714914492225405
21,7.531506849315067,0.025944235253156266
22,8.873972602739727,0.028616519615533832
23,9.161643835616438,-0.0007640834907796666
24,9.756164383561645,0.029869479068036185
25,11.194520547945206,0.03159900370793261
26,12.70958904109589,0.03453069346904871
27,13.841095890410957,0.03627987768822324
28,15.03013698630137,0.03694461100652206
29,15.586301369863017,0.038389564362196725
30,18.693150684931506,0.03944286623626697
