,maturity,rates
0,0.4273972602739726,0.09175656061248624
1,0.5808219178082191,0.014476493061594395
2,1.2136986301369863,0.024530152176903457
3,1.3315068493150686,0.02602395309264493
4,1.7315068493150685,0.026720440210779947
5,1.7890410958904108,0.029547528140314357
6,2.2876712328767117,0.03559542760966631
7,2.345205479452055,0.027081002443562003
8,2.4986301369863013,0.037866177061416394
9,3.0739726027397265,0.04159726959508978
10,3.5342465753424657,0.0448233306655979
11,4.416438356164384,0.04885993516625244
12,4.761643835616439,0.04987103898024623
13,5.682191780821919,0.053123085388205475
14,6.2,0.05501083405187604
15,6.679452054794519,0.0551085053645787
16,6.756164383561643,0.056771561591325403
17,9.843835616438355,0.061842814280293715
18,10.227397260273973,0.06194892913710598
19,11.186301369863012,0.06398623644189935
20,14.849315068493151,0.0675384519538774
21,19.24109589041096,0.07038771607132271
