,maturity,rates
0,0.0958904109589041,0.07662068308494435
1,0.6712328767123288,0.008124932000609686
2,1.1315068493150684,0.012388586154900488
3,2.0136986301369864,0.019238531111179336
4,2.3589041095890413,0.0219643047619243
5,2.6273972602739732,0.0174127537818958
6,2.684931506849315,0.02390364221554521
7,3.2794520547945205,0.02726953577485797
8,3.6630136986301367,0.028824828457040045
9,3.797260273972603,0.029660597778473564
10,4.276712328767124,0.0307784533140323
11,4.353424657534247,0.031899215615769756
12,4.890410958904108,0.03427601065920792
13,5.273972602739726,0.03581173700456841
14,5.523287671232877,0.03581119402943323
15,7.441095890410958,0.041106107325669806
16,7.4986301369863035,0.0413089730804837
17,7.824657534246574,0.041325923405565054
18,8.783561643835617,0.044094677004198085
19,10.126027397260273,0.04695893837444631
20,12.446575342465751,0.04958316795714756
21,13.961643835616439,0.04865068057766822
22,15.093150684931507,0.053740348333083714
23,16.838356164383562,0.05557561417046341
