,maturity,rates
0,0.463013698630137,0.07728752037006617
1,0.5808219178082191,0.010140834062487033
2,0.9808219178082191,0.015720420795050646
3,1.0383561643835617,0.01277083917696376
4,1.5369863013698633,0.021502226320395675
5,1.5945205479452054,0.019171612584524378
6,1.747945205479452,0.023601205984628334
7,2.3232876712328765,0.02828659582897409
8,2.783561643835617,0.03156857491644848
9,3.6657534246575336,0.03566215546958599
10,4.0109589041095886,0.03712584088586768
11,4.279452054794521,0.03464328170900164
12,4.931506849315068,0.040813989214978676
13,5.315068493150685,0.04218441547716696
14,5.449315068493152,0.04274098517078362
15,5.92876712328767,0.04407875857938106
16,6.005479452054795,0.04360622957155022
17,7.175342465753426,0.04696554399773686
18,9.093150684931508,0.04976437414773159
19,9.476712328767123,0.04933416750127255
20,10.435616438356163,0.05118636075955178
21,12.065753424657535,0.06332802640947609
22,14.098630136986301,0.0547721304054
23,15.613698630136984,0.0571379022641151
24,18.49041095890411,0.060067352650308437
