,maturity,rates
0,0.20821917808219176,0.10029873111999607
1,0.20822017808219176,0.007366849541152166
2,0.9178082191780822,0.02490236438175096
3,1.0712328767123287,0.03747548584535163
4,1.704109589041096,0.03674245066683341
5,1.8219178082191783,0.045768791834879356
6,2.221917808219178,0.037549186096994716
7,2.2794520547945205,0.04103782757248675
8,2.778082191780822,0.04623855312434814
9,2.989041095890411,0.048056024907972686
10,3.564383561643836,0.05055639713338325
11,4.024657534246575,0.05290082855150413
12,4.906849315068493,0.055705239931559944
13,5.252054794520548,0.05720159057438736
14,5.520547945205481,0.05572216116784706
15,6.172602739726028,0.059538675623137104
16,6.69041095890411,0.060441514254161124
17,7.16986301369863,0.061221460550872076
18,7.2465753424657535,0.06198616282146668
19,10.717808219178082,0.06591643973094409
20,11.676712328767126,0.0669560767103396
21,13.306849315068495,0.09557479987383212
22,15.33972602739726,0.06739481234699737
23,19.731506849315068,0.07293214159897439
