,maturity,rates
0,0.01643835616438356,0.06379219017745807
1,0.4547945205479452,0.050769121704236926
2,0.7232876712328767,0.05525724866563024
3,1.2410958904109588,0.060440972330524326
4,1.356164383561644,0.05937303836572582
5,1.8739726027397257,0.06777031999018945
6,2.180821917808219,0.06915285142610193
7,2.410958904109589,0.06684382669248329
8,2.410959904109589,0.07024808485278246
9,3.1205479452054794,0.07503933558914745
10,3.2739726027397262,0.07620394680342592
11,3.906849315068493,0.07712494447061287
12,4.024657534246575,0.07639812608230648
13,4.424657534246577,0.08745864315267894
14,4.9808219178082185,0.07867828679296457
15,5.191780821917809,0.07990166623829516
16,5.767123287671232,0.08066493481640524
17,6.227397260273973,0.07998920935283088
18,7.109589041095893,0.0808345661616396
19,7.7232876712328755,0.08434381726553049
20,8.375342465753425,0.08141392601400367
21,8.89315068493151,0.0825806328053584
22,9.449315068493153,0.08187451723326766
23,12.920547945205481,0.08335596047612659
24,13.87945205479452,0.08501141857119153
25,21.93424657534247,0.08135733402980586
