,maturity,rates
0,0.2273972602739726,0.10355544327501706
1,0.5342465753424658,0.019908017535748612
2,0.7643835616438356,0.02801848302511191
3,0.7643845616438356,0.02838634872481669
4,1.4739726027397257,0.04279180498240741
5,1.6273972602739726,0.04378952754455548
6,2.2602739726027403,0.05203688822724701
7,2.3780821917808215,0.05287707099224955
8,2.778082191780822,0.052372926505476404
9,2.8356164383561633,0.05897825036428414
10,3.3342465753424664,0.06014692214845242
11,3.5452054794520547,0.06167237523856387
12,4.1205479452054785,0.06363866145206189
13,4.580821917808219,0.06626926638543677
14,5.463013698630136,0.06912463163928881
15,6.076712328767122,0.06801512220544205
16,6.72876712328767,0.07309904138863767
17,7.2465753424657535,0.07436651211571091
18,7.802739726027397,0.07503633258520524
19,11.273972602739725,0.07867546550852746
20,12.232876712328768,0.08039231662377852
21,20.28767123287671,0.08557778759203231
