,maturity,rates
0,0.3287671232876712,0.08841086379743343
1,0.4821917808219178,0.011794532369349171
2,1.1150684931506851,0.022090571949148857
3,1.2328767123287672,0.02276327555899748
4,1.6328767123287669,0.021979780336128543
5,1.6904109589041096,0.02742482633751027
6,2.1890410958904107,0.03235393947047752
7,2.246575342465753,0.02340756447552682
8,2.4,0.03484593941997757
9,2.9753424657534246,0.0389864994704815
10,3.4356164383561643,0.04165467201560236
11,4.317808219178081,0.04499399143072369
12,4.663013698630137,0.04621053636539315
13,4.931506849315068,0.04419449031082726
14,5.583561643835616,0.049145741141605644
15,6.101369863013699,0.05098726452580662
16,6.657534246575342,0.05242420254824248
17,9.745205479452057,0.05877644853829477
18,10.128767123287671,0.058472621908005326
19,11.087671232876714,0.060419136898930664
20,14.75068493150685,0.06482315290050543
21,19.142465753424663,0.0681449309897845
