,maturity,rates
0,0.8082191780821918,0.04291974216117283
1,1.1534246575342466,0.006272759702148039
2,1.421917808219178,0.005691849138202603
3,1.4794520547945205,0.007856216236420606
4,2.0739726027397256,0.009874003430912477
5,2.4575342465753423,0.011685937611696683
6,2.591780821917808,0.011918096754126929
7,3.0712328767123287,0.012193026569183096
8,3.1479452054794512,0.01384760449773454
9,3.2821917808219183,0.01451004473837744
10,3.684931506849315,0.015560562460756133
11,4.068493150684931,0.016328608482121056
12,4.317808219178081,0.01748969066919837
13,5.065753424657534,0.020296832375623897
14,5.161643835616438,-0.01767394188201801
15,5.391780821917808,0.020596048185010096
16,6.084931506849316,0.057291107669033045
17,6.235616438356163,0.022154134930013943
18,6.293150684931509,0.022104427291103897
19,6.619178082191781,0.022707998297694675
20,7.290410958904109,0.025012197958282103
21,7.5780821917808225,0.025039128465681036
22,8.920547945205481,0.02784995903514594
23,9.802739726027397,0.02928087530774427
24,11.241095890410962,0.031130411611010968
25,12.756164383561645,0.03354924842575736
26,13.887671232876713,0.034963531485350655
27,15.076712328767126,0.0364282962428565
28,15.632876712328768,0.03662011346639919
29,18.73972602739726,0.03847786737622481
