,maturity,rates
0,0.021917808219178082,0.04879012331372325
1,0.3863013698630137,0.001983498788349886
2,0.5205479452054794,0.006882392422830226
3,0.5780821917808219,0.007846249604998997
4,0.7315068493150685,0.009484324979663407
5,1.3068493150684932,0.015513075012241891
6,1.7671232876712328,0.019957073364932677
7,2.649315068493151,0.026158349658118592
8,2.9945205479452053,0.028404694640178283
9,3.263013698630137,0.023823672589029125
10,3.32054794520548,0.031080394805999844
11,3.915068493150685,0.03368734370958886
12,4.298630136986302,0.03573659543927431
13,4.432876712328767,0.036874732075967656
14,4.912328767123288,0.03720589456154622
15,4.9890410958904114,0.038317892893473884
16,5.526027397260274,0.04086898064238258
17,6.1589041095890416,0.04246616193206536
18,8.076712328767123,0.047126374658230746
19,8.46027397260274,0.04798951990966966
20,9.41917808219178,0.05046242218989417
21,10.761643835616438,0.05276299008042319
22,13.082191780821915,0.054532027884727476
23,14.597260273972607,0.05653490237225556
24,15.728767123287673,0.0580904808411258
25,17.473972602739725,0.057475624542762095
