,maturity,rates
0,0.12876712328767126,0.07831286189945741
1,0.1863013698630137,0.01554078438723007
2,0.6465753424657534,0.038086365009739116
3,0.7616438356164383,0.04164516909928124
4,1.2794520547945205,0.052079597881297575
5,1.8164383561643835,0.056506752662967494
6,1.8164393561643835,0.06222379618978381
7,2.526027397260274,0.07030601905490824
8,2.6794520547945204,0.069512625853859
9,3.3123287671232875,0.07604816635422887
10,3.4301369863013704,0.07546636531075039
11,3.887671232876712,0.0815005101266939
12,4.252054794520548,0.08286440898266308
13,4.597260273972604,0.0796216925440258
14,5.172602739726028,0.08148142806092783
15,5.632876712328768,0.07859111164353982
16,6.515068493150685,0.08198833825213515
17,7.128767123287672,0.08573937659974215
18,7.780821917808219,0.08464353678123457
19,8.854794520547943,0.08548959018849507
20,12.326027397260274,0.08637688750088884
21,13.284931506849315,0.08667179764336998
22,21.339726027397266,0.08900715270991762
