,maturity,rates
0,0.08493150684931508,0.06410395867822173
1,0.4849315068493151,0.006762744726887108
2,0.5424657534246575,0.00413420678104445
3,0.9068493150684932,0.011285103065764067
4,1.0410958904109588,0.012364561606579156
5,1.0986301369863014,0.00849411571440485
6,1.2520547945205478,0.01465716045038075
7,1.8273972602739723,0.01929755140593128
8,2.2876712328767117,0.022101725125118
9,3.1698630136986297,0.026452642302572122
10,3.515068493150685,0.02780606698399916
11,3.783561643835617,0.025898718513050575
12,3.8410958904109593,0.02941235670698176
13,4.435616438356164,0.03174524855822043
14,4.8191780821917805,0.033466033705212096
15,4.953424657534247,0.03315555716752153
16,5.432876712328767,0.034268393750625396
17,5.509589041095889,0.03467651336375393
18,6.679452054794519,0.03845513486746677
19,8.597260273972603,0.04222727681711822
20,8.980821917808221,0.0437322464742311
21,9.93972602739726,0.04515960738668129
22,11.56986301369863,0.0434213615396816
23,13.602739726027398,0.04959516619400661
24,15.117808219178084,0.05204042740515026
25,17.994520547945207,0.05435037248531627
