,maturity,rates
0,0.04383561643835617,-0.08826373291948644
1,0.19726027397260276,0.0025227882248837867
2,0.7726027397260274,0.008907422856033678
3,1.2328767123287672,0.013418478921111084
4,2.115068493150685,0.020204345026704876
5,2.46027397260274,0.02301176855987483
6,2.7287671232876707,0.018572108450576375
7,2.7863013698630144,0.024855213531789527
8,3.3808219178082197,0.02836210183321329
9,3.764383561643836,0.030146400907744154
10,3.898630136986301,0.031152873563900167
11,4.3780821917808215,0.030756271681902217
12,4.454794520547946,0.03351409566367392
13,4.991780821917809,0.03532069133193526
14,5.624657534246575,0.037244296998389236
15,6.468493150684933,0.016679898027961278
16,7.542465753424658,0.04267795395973499
17,7.6,0.0435097769762927
18,7.926027397260274,0.04446900559754242
19,8.884931506849314,0.04569431501360596
20,10.227397260273973,0.04902681711752018
21,10.515068493150684,0.036410619544385826
22,12.547945205479452,0.05139342840830052
23,14.063013698630135,0.05343028007044217
24,15.194520547945206,0.05553724488022783
25,16.93972602739726,0.05632561952622352
