,maturity,rates
0,0.1095890410958904,0.05334061404651028
1,0.9917808219178084,0.007260329965770379
2,1.336986301369863,0.009243324408689245
3,1.6054794520547946,0.008561843140272989
4,1.663013698630137,0.011013340802393742
5,2.2575342465753425,0.013890889016494707
6,2.6410958904109587,0.0152263084794703
7,2.7753424657534245,0.01621553176139301
8,3.2547945205479447,0.01715633299299715
9,3.331506849315069,0.01928067903598615
10,3.4657534246575343,0.019253680346492358
11,3.868493150684932,0.02043199509032236
12,4.252054794520548,0.021458285330793178
13,4.501369863013698,0.022641744687610026
14,5.345205479452055,0.0021518232390417133
15,5.575342465753424,0.024888360534145372
16,6.268493150684932,0.0657870145709276
17,6.419178082191781,0.028021729640641854
18,6.476712328767122,0.02722631079950025
19,6.802739726027397,0.027498539819937818
20,7.473972602739726,0.029858224057408587
21,7.761643835616439,0.030572993258535026
22,9.104109589041096,0.032970908767113595
23,9.986301369863014,0.03373425070706814
24,11.424657534246574,0.03570317380313718
25,12.93972602739726,0.037572733260398214
26,14.07123287671233,0.038677306643697396
27,15.816438356164383,0.042056885040059964
28,18.923287671232877,0.04280125362442362
