,maturity,rates
0,0.03835616438356165,0.05904006872914355
1,0.4383561643835616,0.005230781803165694
2,0.4958904109589041,0.00632430076959347
3,0.9945205479452056,0.01146571728884725
4,1.0520547945205478,0.005780863871310684
5,1.2054794520547945,0.013542972654612125
6,1.7808219178082192,0.017962800421169847
7,2.2410958904109592,0.020817352083942146
8,3.1232876712328768,0.025477995921662274
9,3.468493150684932,0.027174656277536912
10,3.736986301369863,0.024310863185774422
11,3.7945205479452055,0.028482066101362256
12,4.389041095890411,0.030443317405643544
13,4.772602739726027,0.031780806715787015
14,4.906849315068493,0.032230600057713936
15,5.3863013698630136,0.03214024593556543
16,5.463013698630136,0.03422670847381944
17,6.0,0.03660513645212139
18,6.632876712328768,0.03778450597944081
19,8.550684931506849,0.04147854817691897
20,8.934246575342465,0.0421441766179361
21,9.89315068493151,0.044360676156362674
22,13.556164383561645,0.04897702980440433
23,15.07123287671233,0.05104022514016642
24,16.202739726027392,0.052961363181105794
25,17.947945205479453,0.0537406611569108
