,maturity,rates
0,0.2164383561643836,0.09476084478973736
1,0.2164393561643836,0.007497328099442715
2,0.926027397260274,0.02499822026624385
3,1.0794520547945206,0.027448137343095667
4,1.7123287671232876,0.036622785305380004
5,1.8301369863013703,0.037574381857043836
6,2.2301369863013702,0.03699979626748219
7,2.2876712328767117,0.03898223719276563
8,2.7863013698630144,0.04577722310674346
9,2.997260273972602,0.046897901046715436
10,3.572602739726028,0.050097728098483583
11,4.032876712328767,0.05215589209897009
12,4.9150684931506845,0.054975366832408536
13,5.2602739726027385,0.0564184963959598
14,5.528767123287671,0.053753884704932406
15,6.18082191780822,0.05853815780477138
16,6.698630136986301,0.0597076392871381
17,7.2547945205479465,0.06107496078379773
18,9.26849315068493,0.06095370447004797
19,10.726027397260275,0.06498962614755721
20,11.684931506849315,0.06654063822479048
21,15.347945205479453,0.06945488279619487
22,19.73972602739726,0.07494107713098314
