,maturity,rates
0,0.07671232876712329,-0.04489599979437209
1,0.21095890410958906,0.0029258196507906146
2,0.2684931506849315,0.001511544968790241
3,0.4219178082191781,0.005747802274084692
4,0.9972602739726028,0.006695864476348942
5,1.4575342465753425,0.017030653206032715
6,2.3397260273972598,0.02362275037857124
7,2.684931506849315,0.02619483706596433
8,2.9534246575342467,0.02146666508701956
9,3.010958904109589,0.0281839452272553
10,3.6054794520547935,0.03084065444366888
11,3.989041095890411,0.029144502578329852
12,4.123287671232877,0.03371414958876356
13,4.602739726027396,0.0346732011770467
14,4.6794520547945195,0.03592728435337073
15,5.216438356164384,0.038734095110972706
16,5.849315068493151,0.040626073814641686
17,7.767123287671232,0.04557943753901133
18,8.150684931506849,0.04612156191640657
19,9.10958904109589,0.04847433674881464
20,10.452054794520548,0.05178048158062951
21,12.772602739726029,0.053575172050412526
22,14.287671232876713,0.05570705844743443
23,15.41917808219178,0.05716681954270597
24,17.164383561643838,0.05827734692006731
