,maturity,rates
0,0.021917808219178082,0.10563765301295194
1,0.4821917808219178,0.04013892197629865
2,0.5972602739726027,0.0422315924010969
3,1.1150684931506851,0.060755803294031144
4,1.421917808219178,0.06680693723271867
5,1.652054794520548,0.06551806675270509
6,1.6520557945205478,0.0771299469552802
7,2.361643835616438,0.08838834123830441
8,2.515068493150685,0.0899770656078251
9,3.1479452054794512,0.09497248308676455
10,3.2657534246575337,0.09117717532730964
11,3.6657534246575336,0.09228045225836257
12,3.723287671232877,0.09574284786445048
13,4.279452054794521,0.09179749224132658
14,4.432876712328767,0.10052946482851567
15,5.008219178082191,0.10274669382127029
16,5.468493150684932,0.10165225879634615
17,6.35068493150685,0.10493032421257756
18,6.964383561643835,0.08768040464939009
19,7.616438356164384,0.10718421065266348
20,8.134246575342466,0.10890775105451711
21,8.613698630136986,0.10550874595829349
22,8.69041095890411,0.10701127476447653
23,11.627397260273971,2.8029503728649483
24,12.161643835616438,0.08804606805742875
25,13.12054794520548,0.09370477085632627
26,21.175342465753427,0.09487186211181478
