,maturity,rates
0,0.3479452054794521,0.05390584181266963
1,1.2301369863013698,0.008555720266594216
2,1.5753424657534247,0.010619500025503124
3,1.8438356164383565,0.007111948490731803
4,1.9013698630136984,0.012454351957769776
5,2.4958904109589044,0.014786924519870119
6,2.8794520547945206,0.016628448143321352
7,3.0136986301369864,0.01670548849020434
8,3.493150684931507,0.016865737656019338
9,3.5698630136986296,0.018885588091663918
10,4.1068493150684935,0.02091934257610383
11,4.490410958904111,0.02194341969658449
12,4.7397260273972615,0.022894664843696486
13,5.583561643835616,0.0014400228927135095
14,5.813698630136987,0.025914134064398506
15,6.657534246575342,0.02748445294001575
16,6.715068493150685,0.027611066688653273
17,7.041095890410959,0.027959299915434926
18,7.712328767123287,0.030382284220192023
19,8.0,0.03009711929568259
20,9.342465753424657,0.03247909418253298
21,10.224657534246576,0.03370607439842915
22,11.663013698630134,0.034900398999966616
23,13.178082191780822,0.037078976647071965
24,14.30958904109589,0.03866132076763476
25,16.054794520547947,0.04138029801567107
26,19.16164383561644,0.041996331786260076
