,maturity,rates
0,0.3315068493150685,0.07757458168087182
1,0.44931506849315067,0.007862120742203335
2,0.8493150684931506,0.014393892603713227
3,0.9068493150684932,0.009235527897799611
4,1.2712328767123289,0.007702925927182244
5,1.4054794520547946,0.01922367227745584
6,1.6164383561643836,0.021018222954481868
7,2.191780821917808,0.025549401255258144
8,2.652054794520548,0.028862834862707503
9,3.5342465753424657,0.03308014003586038
10,3.8794520547945206,0.0350880294552815
11,4.147945205479451,0.0320117141912194
12,4.8,0.03839678667575806
13,5.183561643835616,0.039621697218873986
14,5.317808219178081,0.0404503256629683
15,5.7972602739726025,0.04202506162446561
16,5.873972602739726,0.04200363761755526
17,7.043835616438357,0.04479010738051182
18,8.961643835616439,0.04806727050021283
19,9.345205479452057,0.04803224774135685
20,10.304109589041095,0.04993750128503542
21,11.934246575342465,0.04870117548276251
22,13.967123287671232,0.05399939523770749
23,15.482191780821918,0.05682110676529583
24,18.358904109589037,0.05992148291178754
