,maturity,rates
0,0.2328767123287671,0.10461236514862064
1,0.5397260273972603,0.02089709465024377
2,0.7698630136986301,0.02766980013368773
3,0.7698640136986301,0.028944634051084238
4,1.4794520547945205,0.04198066638771971
5,1.6328767123287669,0.043985116789177284
6,2.265753424657534,0.05258892890497795
7,2.3835616438356166,0.05332690510065368
8,2.7835616438356166,0.05457862071907053
9,2.84109589041096,0.054783770907044345
10,3.3397260273972598,0.060705576448982314
11,3.5506849315068494,0.0615884645853361
12,4.126027397260274,0.06408597066469758
13,4.586301369863014,0.06621273213761181
14,5.468493150684932,0.06944024534571565
15,6.082191780821918,0.06883888253815898
16,6.734246575342466,0.07298722802125733
17,7.252054794520547,0.07424425870240392
18,7.808219178082192,0.0751416135339425
19,9.821917808219178,0.08131377433898085
20,11.279452054794517,0.0788430211435123
21,12.238356164383562,0.08063610503713584
22,13.868493150684932,0.08262324418901576
23,20.293150684931508,0.08547133244249525
