,maturity,rates
1,0.3452054794520548,0.027350907946293038
2,0.8630136986301371,0.05070369929797958
3,1.16986301369863,0.06204016014586776
4,1.4,0.05371183508872813
5,1.4000009999999998,0.06715152812466772
6,2.1095890410958904,0.07890029149628325
7,2.263013698630137,0.08045653762523088
8,2.8958904109589043,0.08899084358565403
9,3.0136986301369864,0.08846349965985177
10,3.4712328767123286,0.08655006207270202
11,4.756164383561643,0.0985015287900844
12,5.2164383561643834,0.10200466372698176
13,6.0986301369863005,0.10115958923618147
14,7.3643835616438365,0.10550006018167092
15,7.882191780821918,0.10326339628686963
16,8.438356164383563,0.1025159944629257
17,11.909589041095893,0.10431427085815853
18,12.868493150684932,0.10632523811275124
19,20.923287671232877,0.10696505385734983
