,maturity,rates
1,1.3287671232876712,0.04022821675982314
2,1.4821917808219178,0.04283160001642155
3,2.115068493150685,0.05044517077856853
4,2.232876712328767,0.05087778605235193
5,2.6904109589041094,0.052786430879678936
6,3.4,0.0599646463725075
7,3.9753424657534246,0.06274401314945822
8,4.435616438356164,0.06467800727446044
9,5.317808219178081,0.06714829185347915
10,5.931506849315069,0.0663434337239576
11,6.583561643835616,0.0698284571672332
12,7.101369863013699,0.07149459042957483
13,7.580821917808219,0.06954706267730823
14,7.657534246575342,0.07221592850107175
15,11.128767123287673,0.07399982241168053
16,12.087671232876716,0.0753863873359711
17,20.142465753424663,0.08275868579939591
