,maturity,rates
1,1.2465753424657535,0.00893931832684974
2,1.5917808219178082,0.010824400906213637
3,1.86027397260274,0.0072334561991111565
4,1.9178082191780816,0.012702003993579328
5,2.512328767123288,0.01498606862747775
6,2.8958904109589043,0.016746654743384833
7,3.03013698630137,0.017215797467025708
8,3.5095890410958903,0.017027863750303584
9,3.5863013698630137,0.019157376012998124
10,4.123287671232877,0.021103958633830026
11,4.506849315068493,0.0222016480573658
12,4.756164383561643,0.023040009482544938
13,5.83013698630137,0.025984566217574584
14,6.6739726027397275,0.02760693540686343
15,6.7315068493150685,0.02800973536414324
16,7.057534246575343,0.02828338759433253
17,7.728767123287669,0.030657885842006006
18,8.016438356164384,0.030419153994989682
19,9.358904109589039,0.03264731634626028
20,10.24109589041096,0.033820314426462036
21,11.679452054794519,0.03501015095610674
22,13.194520547945206,0.03732900780176907
23,14.326027397260274,0.0388471673928965
24,16.07123287671233,0.041900129807505626
25,19.17808219178082,0.04207634381614822
