,maturity,rates
1,0.9068493150684932,0.009477376746997234
2,1.7890410958904108,0.01634605163310585
3,2.1342465753424658,0.01818871391646489
4,2.4027397260273973,0.014204074671659269
5,2.46027397260274,0.020566069571520698
6,3.054794520547945,0.02308727508477493
7,3.4383561643835616,0.02512063637586232
8,3.5726027397260283,0.02555679250162252
9,4.052054794520549,0.02553246587208809
10,4.1287671232876715,0.027849861129413626
11,4.665753424657535,0.02972500278351652
12,5.0493150684931525,0.030845229015048138
13,5.298630136986302,0.0316275012109314
14,6.372602739726028,0.034686926385528574
15,7.216438356164383,0.03626619596015535
16,7.273972602739726,0.03644321494661101
17,7.6,0.03634312934861016
18,8.558904109589042,0.03857085066131053
19,9.901369863013699,0.04136448425809849
20,10.783561643835617,0.042397794842585344
21,12.221917808219178,0.04381134327887352
22,13.736986301369862,0.046085873595419616
23,14.868493150684932,0.04749878464229361
24,16.613698630136987,0.050780581781936514
25,19.72054794520548,0.0508505524173291
