,maturity,rates
0,0.1178082191780822,8.488774811302673e-05
1,0.25205479452054796,0.0034991378989551306
2,0.3095890410958904,0.0031518832434730124
3,0.46301369863013697,0.006217902973588455
4,1.0383561643835617,0.012451887885047691
5,1.4986301369863009,0.017114799491722787
6,2.38082191780822,0.02396305612305495
7,2.7260273972602738,0.026525554900534827
8,2.9945205479452053,0.021654838058725152
9,3.0520547945205485,0.027196810783921287
10,3.6465753424657534,0.03164337538395437
11,4.03013698630137,0.0332598467091667
12,4.1643835616438345,0.03436160436103832
13,4.6438356164383565,0.0338167570237484
14,4.720547945205479,0.037004183522692004
15,5.257534246575342,0.03976649696663053
16,5.890410958904107,0.04167946093252664
17,7.808219178082192,0.04674355217900274
18,8.191780821917808,0.047235157123853386
19,9.150684931506847,0.049614631729403696
20,10.493150684931509,0.05240072494628919
21,12.813698630136988,0.054657439598356575
22,14.32876712328767,0.05680478958341127
23,15.460273972602739,0.057478208121169175
24,17.205479452054792,0.05887497575654721
