,maturity,rates
1,0.2712328767123288,0.00375305734417541
2,0.6356164383561644,0.00774392241812549
3,0.7698630136986301,0.009312483795438423
4,0.9808219178082191,0.0118698139816395
5,1.5561643835616439,0.016548743547595845
6,2.0164383561643837,0.019625196055604928
7,2.8986301369863017,0.024608432994766376
8,3.2438356164383566,0.026762925079603383
9,3.512328767123288,0.023309267314345343
10,3.5698630136986296,0.02799661414914071
11,4.1643835616438345,0.030231813102565563
12,4.5479452054794525,0.03183660953066837
13,4.682191780821919,0.031804855948766364
14,5.161643835616438,0.03243089732040934
15,5.238356164383561,0.033482399143547906
16,5.7753424657534245,0.036365066760991965
17,6.4082191780821915,0.037852028756173516
18,8.326027397260274,0.04242777422751227
19,8.70958904109589,0.0428105050887289
20,9.668493150684931,0.04464534145158144
21,11.01095890410959,0.04674370247344222
22,13.331506849315069,0.04963882641295688
23,14.846575342465751,0.05186294015719176
24,15.97808219178082,0.05293505324185172
25,17.723287671232878,0.05392872893145336
