,maturity,rates
0,0.136986301369863,0.09961752756183567
1,0.3671232876712329,0.013464690879930536
2,0.3671242876712329,0.013028657333876936
3,1.0767123287671232,0.02876125443921787
4,1.2301369863013698,0.03145641661545516
5,1.8630136986301369,0.03972411422617992
6,1.9808219178082191,0.04088854200517957
7,2.38082191780822,0.04151470853395528
8,2.936986301369863,0.04826097413685848
9,2.9945205479452053,0.041126846915815786
10,3.1479452054794512,0.04974064867689914
11,3.723287671232877,0.05267495769914365
12,4.183561643835616,0.05449963808372573
13,5.065753424657534,0.05727015825333575
14,5.410958904109589,0.058997977886621825
15,5.679452054794519,0.0583923919076766
16,6.331506849315067,0.061270956101798724
17,6.849315068493151,0.06264080034168898
18,7.328767123287673,0.064026196081502
19,7.405479452054794,0.06412204629794918
21,10.876712328767123,0.05093800519301877
22,11.835616438356164,0.05463667035344918
23,15.498630136986305,0.05741129923891348
24,19.89041095890411,0.06693606263900173
