,maturity,rates
0,0.0410958904109589,0.06309072815871472
1,0.4794520547945205,0.04565239240233452
2,0.7479452054794521,0.05084758883129041
3,0.8054794520547945,0.0512544703886938
4,1.2657534246575342,0.057072317252826237
5,1.3808219178082193,0.057324137279919175
6,1.8986301369863008,0.062170040024783976
7,2.2054794520547945,0.06428729336403646
8,2.4356164383561643,0.06590827534771637
9,3.1452054794520548,0.06990420212363048
10,3.2986301369863016,0.07071320641115375
11,3.9315068493150687,0.07159898508938416
12,4.049315068493152,0.07223129294804935
13,4.449315068493152,0.07857511318022159
14,4.506849315068493,0.04201353144106336
15,5.2164383561643834,0.07557059108486
16,5.791780821917808,0.07671709802455752
17,6.252054794520547,0.07690548749544061
18,7.134246575342464,0.07737087343628135
19,7.747945205479453,0.07512720755665843
20,8.4,0.07865729149238307
21,8.917808219178081,0.07976405291447168
22,9.473972602739726,0.07314981772392055
23,12.945205479452055,0.0810661010646205
24,13.904109589041095,0.08227810094061436
25,21.95890410958904,0.08778830892371701
