,maturity,rates
1,0.07397260273972603,0.00679417073844416
2,0.5342465753424658,0.03516070638528854
3,0.6493150684931507,0.0383092580171617
4,1.167123287671233,0.052620238525527184
5,1.4739726027397255,0.05965928330770779
6,1.704109589041096,0.06311981686775088
7,2.4136986301369863,0.07177216596066964
8,2.5671232876712327,0.07280058350468069
9,3.2,0.07875801415177333
10,3.3178082191780818,0.07720830909325861
11,3.7178082191780817,0.08177597459969359
12,4.484931506849315,0.08184138122435315
13,5.06027397260274,0.08320039768687956
14,5.520547945205481,0.08463738381416475
15,6.402739726027397,0.0853869156109323
16,7.016438356164382,0.08982984476706105
17,7.668493150684933,0.08649769435915766
18,8.186301369863013,0.08635424333101188
19,8.742465753424657,0.0863115317601267
20,12.213698630136989,0.08811064444380483
21,13.17260273972603,0.09012086276329166
22,21.227397260273968,0.09039014434015033
