,maturity,rates
1,1.073972602739726,0.009806230311132272
2,1.4191780821917808,0.012835741166650502
3,1.6876712328767125,0.012095675311495966
4,1.7452054794520548,0.01511745691807223
5,2.33972602739726,0.018954926043201703
6,2.723287671232877,0.021095472723022625
7,2.8575342465753426,0.02187168903820264
8,3.3369863013698637,0.021098627347004
9,3.4136986301369863,0.02482026509367724
10,3.547945205479452,0.024698712695392932
11,3.9506849315068484,0.02802286190986221
12,4.3342465753424655,0.028724824973944033
13,4.583561643835616,0.029935784130095656
14,5.427397260273971,0.006227199541247215
15,5.657534246575342,0.03355986724936441
16,6.35068493150685,0.0735273594274504
17,6.5013698630136965,0.034957998448434294
18,6.558904109589043,0.035063135733535554
19,6.884931506849315,0.03640932323778997
20,7.556164383561644,0.03813991743217375
21,7.843835616438358,0.03928601488798068
22,9.186301369863012,0.0411728794471835
23,9.473972602739726,0.019828609763640544
24,10.068493150684931,0.0429047926088918
25,11.506849315068493,0.04462759129060315
26,13.02191780821918,0.04759412632333198
27,14.153424657534249,0.04980875063985868
28,15.898630136986306,0.050968172584719584
29,19.0054794520548,0.05360137690916018
