,maturity,rates
1,0.273972602739726,0.002906811205192852
2,0.6383561643835617,0.0075071862186316535
3,0.7726027397260274,0.009255309201864669
4,0.8301369863013699,0.010158807166775596
5,0.9835616438356164,0.011929752566813402
6,1.5589041095890408,0.016618595206145975
7,2.0191780821917806,0.01967517457259576
8,2.9013698630136986,0.024407286898968532
9,3.246575342465753,0.026826413766932074
10,3.515068493150685,0.023230303578635002
11,3.5726027397260283,0.02803099594584172
12,4.167123287671233,0.02993131949378122
13,4.550684931506848,0.03193566834506096
14,4.684931506849315,0.032173995379818965
15,5.241095890410959,0.033568416438443244
16,5.778082191780823,0.03632896595880538
17,6.410958904109589,0.0379121304418748
18,8.328767123287669,0.042648222142251516
19,8.712328767123287,0.04309409806587672
20,9.671232876712331,0.04485045956923695
21,11.013698630136986,0.04704050388659689
22,13.334246575342464,0.04974216369798013
23,14.849315068493151,0.052020992477815824
24,15.980821917808221,0.05291366549425794
25,17.72602739726027,0.053853461117234935
