,maturity,rates
0,0.07397260273972603,0.0657672932041809
1,0.5342465753424658,0.004683188150273028
2,1.4164383561643836,0.010571148282941359
3,1.7616438356164383,0.012613829454378285
4,2.03013698630137,0.008954105793037572
5,2.0876712328767124,0.014266322997344797
6,2.682191780821918,0.017220076321824842
7,3.0657534246575344,0.018600955805772826
8,3.2,0.0193491267009368
9,3.67945205479452,0.018866977099673957
10,3.7561643835616434,0.02149228049090181
11,4.293150684931507,0.023685032516463124
12,4.676712328767123,0.024504133096467644
13,4.926027397260274,0.025565482616543917
14,5.769863013698631,0.013515682861175129
15,6.0,0.027892013740219032
16,6.843835616438358,0.02981325926782135
17,6.9013698630137,0.030071726290272324
18,7.227397260273973,0.030385387472537318
19,8.186301369863013,0.03241372589541108
20,9.528767123287672,0.03478184490820551
21,10.41095890410959,0.03604975826561803
22,11.849315068493151,0.037922991798288716
23,13.364383561643837,0.040362135600209716
24,14.495890410958905,0.04126041889623727
25,16.24109589041096,0.04458881903067072
26,19.34794520547945,0.045060590124098764
