,maturity,rates
1,0.8684931506849315,0.022876186907264336
2,1.5013698630136991,0.03132711482479583
3,1.6191780821917807,0.03240701236727544
4,2.0767123287671234,0.0354475426724278
5,2.7863013698630144,0.043468938158135684
6,3.3616438356164378,0.046697900358852136
7,3.8219178082191783,0.04836494082356496
8,4.704109589041097,0.05099623508818352
9,5.0493150684931525,0.051953437142564264
10,5.317808219178081,0.05038363867265115
11,5.96986301369863,0.05480964964544652
12,6.487671232876713,0.05568888415310206
13,7.043835616438358,0.056621867734773734
14,10.131506849315068,0.06124468548181216
15,10.515068493150684,0.0606910700178735
16,11.473972602739725,0.062159587225754785
17,15.136986301369864,0.06603144903174325
18,19.528767123287672,0.07012798467155162
