,maturity,rates
1,0.7369863013698629,0.013201390956589305
2,1.1945205479452057,0.01585778633034366
3,1.904109589041096,0.026625358940864468
4,2.4794520547945207,0.031004204643574243
5,2.9397260273972603,0.03400533221334055
6,3.8219178082191783,0.037911507523277474
7,4.167123287671233,0.03939514848295906
8,4.435616438356164,0.036662784680292416
9,5.087671232876712,0.04269350491692149
10,5.471232876712329,0.04430633372712095
11,5.6054794520547935,0.04448266951074844
12,6.084931506849316,0.04411410334486278
13,6.161643835616437,0.04625184892405057
14,7.331506849315067,0.049422717318347326
15,9.24931506849315,0.052249608490301885
16,9.632876712328768,0.05107562745364666
17,10.591780821917807,0.05356919162295523
18,14.254794520547945,0.05725605898728665
19,15.76986301369863,0.05986101425917941
20,18.646575342465752,0.060752637997847005
