,maturity,rates
1,0.9753424657534246,0.010790441213217202
2,1.8575342465753424,0.016620174939808458
3,2.202739726027397,0.01956062419494704
4,2.4712328767123286,0.015221351958871037
5,2.5287671232876714,0.021433742075995982
6,3.1232876712328768,0.0245869704251088
7,3.506849315068493,0.02623540210099795
8,3.641095890410959,0.027117149916611075
9,4.120547945205479,0.028208697835595143
10,4.197260273972603,0.029406096687124107
11,4.734246575342466,0.03145499459308575
12,5.117808219178082,0.032605076668947415
13,5.367123287671234,0.03346895199959736
14,6.210958904109589,0.02273486812033056
15,6.441095890410957,0.03679318843933239
16,7.284931506849315,0.03858660695353966
17,7.342465753424658,0.03875543118848068
18,7.668493150684933,0.03891778638852008
19,8.627397260273973,0.04114700197485775
20,9.96986301369863,0.04402092888976425
21,10.257534246575343,0.03005187187699509
22,10.852054794520548,0.04489483910716227
23,12.29041095890411,0.04652194956032665
24,13.805479452054794,0.04912248110957334
25,14.936986301369865,0.05044249718463376
26,16.682191780821913,0.05370458476679429
