,maturity,rates
1,1.4136986301369865,0.010538868121593171
2,1.7589041095890412,0.012548717909206577
3,2.0273972602739727,0.008848452962233397
4,2.084931506849315,0.014081102075762159
5,2.6794520547945204,0.01718388592632925
6,3.063013698630137,0.01855691191463426
7,3.1972602739726037,0.01919977057153003
8,3.676712328767124,0.01896699342486326
9,3.753424657534248,0.021444196737780998
10,4.2904109589041095,0.023507894066948944
11,4.673972602739727,0.024453863319954274
12,4.923287671232877,0.02543244092530891
13,5.997260273972603,0.02787379677634231
14,6.8410958904109584,0.02973319578015205
15,6.898630136986301,0.0298779356168468
16,7.224657534246575,0.030302260195440443
17,8.183561643835617,0.032362916558104984
18,9.526027397260274,0.03459125563635266
19,10.408219178082193,0.03591041049291106
20,11.846575342465751,0.037583616208689434
21,13.361643835616439,0.040093741260216566
22,14.493150684931507,0.04120357781036578
23,16.23835616438356,0.04462144629804577
24,19.34520547945205,0.0450095021847401
