,maturity,rates
0,0.12876712328767126,0.06193912384831453
1,0.589041095890411,0.00533153382336983
2,1.4712328767123288,0.01162039807012722
3,1.8164383561643835,0.0134072339701243
4,2.084931506849315,0.00983753000207815
5,2.1424657534246574,0.015015700796203778
6,2.736986301369863,0.017755675875095838
7,3.1205479452054794,0.019128955790478543
8,3.2547945205479447,0.01976758079100898
9,3.7342465753424654,0.019556387598625557
10,3.810958904109589,0.021928617058460262
11,4.347945205479451,0.023926911177814127
12,4.7315068493150685,0.0246058725803462
13,4.9808219178082185,0.02551173462156946
14,5.824657534246574,0.014681688583441304
15,6.054794520547945,0.028082240846812212
16,6.898630136986301,0.02979807910279294
17,6.956164383561642,0.030098507430643393
18,7.282191780821918,0.030627555156107225
19,8.241095890410959,0.03275111288609418
20,9.583561643835617,0.03480617098180487
21,9.871232876712329,0.0272698584994838
22,10.465753424657533,0.03638739342172373
23,11.904109589041095,0.038163833246923295
24,13.41917808219178,0.04037425923169227
25,14.550684931506849,0.04111923685069165
26,16.295890410958904,0.04449930363926725
27,19.4027397260274,0.04458942273403496
