,maturity,rates
1,1.0,0.011811119546721005
2,1.5753424657534247,0.016465624005197025
3,2.0356164383561643,0.01947847471889643
4,2.9178082191780823,0.02469945615489172
5,3.263013698630137,0.026427457586588644
6,3.5315068493150683,0.023052436825051183
7,3.589041095890411,0.02787698482383316
8,4.183561643835616,0.030309133912357213
9,4.567123287671233,0.0316042625128822
10,4.701369863013698,0.03215150558346007
11,5.1808219178082195,0.032663888699611995
12,5.257534246575342,0.03380503991008387
13,5.794520547945205,0.03645014635999616
14,6.427397260273973,0.03810134926508935
15,8.345205479452055,0.042605979530161146
16,8.728767123287671,0.04308713598084538
17,9.687671232876713,0.04474646164574648
18,11.03013698630137,0.04668199391044247
19,13.350684931506851,0.049488011512193404
20,14.865753424657536,0.0519574176966529
21,15.997260273972607,0.052783739344030765
22,17.742465753424657,0.0538310031525704
