,maturity,rates
1,1.2246575342465753,0.007039980585174791
2,1.4931506849315068,0.006268014384801391
3,1.5506849315068494,0.008338362951510624
4,2.1452054794520548,0.010931271346205522
5,2.5287671232876714,0.012324720556387472
6,2.6630136986301367,0.012767854791786909
7,3.1424657534246574,0.013303299935901144
8,3.2191780821917813,0.014725176214010071
9,3.3534246575342466,0.015104979175047238
10,3.7561643835616434,0.016410858049632597
11,4.139726027397259,0.017437306189240383
12,4.389041095890411,0.018353210617397583
13,5.463013698630136,0.02120388790714109
14,6.306849315068492,0.022398568046908617
15,6.3643835616438365,0.02263179360258717
16,6.69041095890411,0.023023218499912203
17,7.361643835616437,0.025264012668102426
18,7.64931506849315,0.02527111136211167
19,8.991780821917809,0.027786086877092227
20,9.873972602739727,0.029215904707341832
21,11.312328767123287,0.030953147493830418
22,12.82739726027397,0.03334433394892127
23,13.958904109589039,0.034863995961619994
24,15.147945205479452,0.03603914091365187
25,15.704109589041094,0.03666523911295855
26,18.81095890410959,0.03797032654832553
