,maturity,rates
0,0.1178082191780822,0.08063853757182264
1,0.17534246575342466,0.014067026706692071
2,0.6356164383561644,0.03766641894249244
3,0.7506849315068493,0.04148887718072214
4,1.2684931506849315,0.051564391892710594
5,1.8054794520547943,0.055217625592194265
6,1.8054804520547945,0.06252112121342175
7,2.515068493150685,0.0707642315063736
8,2.6684931506849314,0.07145540891560709
9,3.3013698630136985,0.07554463653602507
10,3.419178082191781,0.07572178863352752
11,3.8767123287671232,0.06832676386736136
12,4.586301369863014,0.07924710303732978
13,5.161643835616438,0.08157634936178201
14,6.504109589041097,0.08195660665992165
15,7.117808219178082,0.08376530822520774
16,7.769863013698631,0.08541080945151666
17,8.287671232876713,0.08575678077165519
18,8.767123287671232,0.0873293534035764
19,8.843835616438358,0.08541021172886784
20,10.857534246575344,0.06799100896652077
21,12.315068493150685,0.09062228231227012
22,13.273972602739725,0.09140082807807104
23,21.32876712328768,0.08862556111765034
