,maturity,rates
0,0.03287671232876712,0.09355845377546547
1,0.03287771232876712,0.0011906552797116825
2,0.7424657534246575,0.020571796025404862
3,0.8958904109589041,0.023708784606397186
4,1.5287671232876712,0.032525919116198974
5,1.6465753424657534,0.03334914988122309
6,2.0465753424657533,0.03395035208955285
7,2.104109589041096,0.03601170289558035
8,2.602739726027397,0.04238817112632029
9,2.8136986301369857,0.044326987498836096
10,3.389041095890412,0.047418057868362326
11,3.849315068493152,0.0489413678043303
12,4.7315068493150685,0.051891478706111084
13,5.076712328767123,0.053028397022495316
14,5.345205479452055,0.05143728963234955
15,5.997260273972603,0.05509534124347351
16,6.515068493150685,0.05718941843277315
17,6.994520547945205,0.05772330919872419
18,7.0712328767123305,0.05804151344651413
19,10.158904109589043,0.062380306160435814
20,10.54246575342466,0.062144780990655624
21,11.501369863013695,0.06345314606117693
22,15.164383561643836,0.06759676182796145
23,19.556164383561644,0.0666312159134023
