,maturity,rates
0,0.03561643835616438,0.09451793023298806
1,0.6684931506849315,0.013101102854458192
2,0.7863013698630137,0.014669248106283275
3,1.1863013698630136,0.013240909313040332
4,1.2438356164383562,0.017863228147552368
5,1.7424657534246577,0.025377494220871658
6,1.9534246575342469,0.027858012204017582
7,2.5287671232876714,0.031517832531106287
8,2.989041095890411,0.0344299510397989
9,3.871232876712329,0.038090205057330864
10,4.2164383561643834,0.0389067587457053
11,4.484931506849315,0.03713708670824385
12,5.136986301369864,0.041849115770144905
13,5.520547945205481,0.04334309032267682
14,5.654794520547945,0.04363645848785692
15,6.134246575342464,0.0464983932747493
16,6.210958904109589,0.04546760491546056
17,7.380821917808219,0.04818736425070178
18,9.2986301369863,0.050615217625684716
19,9.682191780821919,0.04946229958178617
20,10.641095890410961,0.05195143758681256
21,14.304109589041095,0.057301462936773864
22,15.81917808219178,0.05877006554259982
23,18.695890410958906,0.06215655542303933
