,maturity,rates
0,0.5534246575342465,0.09599044134442396
1,0.6684931506849315,0.09160974263894528
2,1.1863013698630136,0.09313882612923406
3,1.7232876712328766,0.09449838406840384
4,2.432876712328768,0.097944537087105
5,2.5863013698630137,0.0990533028910259
6,3.2191780821917813,0.09865309664945157
7,3.3369863013698633,0.09818326401158085
8,5.079452054794522,0.0978182411582491
9,6.4219178082191775,0.09881728293919376
10,7.035616438356165,0.08960807003237917
11,7.687671232876712,0.09859924812834689
12,8.205479452054794,0.09767575190746339
13,8.684931506849315,0.10179328706899264
14,8.761643835616438,0.09369826454092164
15,12.232876712328768,0.09632902973049996
16,13.191780821917806,0.09699274751564105
17,21.246575342465754,0.09190711042292456
