,maturity,rates
0,0.5726027397260274,0.06058019181945268
1,0.8410958904109589,0.05886044331393584
2,0.8986301369863013,0.05965544022501508
3,1.3589041095890408,0.06014531251989137
4,1.4739726027397257,0.05960172147756193
5,1.991780821917808,0.06216927971644455
6,2.5287671232876714,0.06500042585760281
7,3.238356164383561,0.06775258213256248
8,3.3917808219178083,0.0681808317877163
9,4.024657534246575,0.06922070463949664
10,4.142465753424657,0.06897207342802901
11,5.30958904109589,0.07232483377069382
12,5.884931506849315,0.07313056885159616
13,6.345205479452055,0.07437183043475135
14,7.227397260273973,0.07497689586297934
15,7.8410958904109584,0.07856674798529471
16,8.493150684931509,0.07675906763063012
17,9.01095890410959,0.0766957515071904
18,9.567123287671233,0.07884494694172156
19,13.038356164383561,0.08000916833183862
20,13.997260273972607,0.08140360166730444
21,22.052054794520544,0.08443523868027558
