,maturity,rates
0,0.8383561643835616,0.09093418679851127
1,0.9561643835616438,0.08557921806396421
2,1.4136986301369865,0.07935469525800393
3,2.1232876712328768,0.08042698124044936
4,2.698630136986301,0.07948813173769308
5,3.1589041095890407,0.0779805092945742
6,4.0410958904109595,0.0776734786810101
7,4.3863013698630136,0.07680952404228879
8,4.654794520547945,0.07635975426523565
9,5.306849315068493,0.07595348691925811
10,5.69041095890411,0.0766458803237442
11,5.824657534246574,0.07590257940122701
12,6.304109589041097,0.08579119703902843
13,6.380821917808219,0.076316062015071
14,9.468493150684932,0.07703462750857991
15,9.852054794520548,0.07499616445938126
16,10.810958904109588,0.07700969414600164
17,14.473972602739725,0.07822242798768068
18,15.98904109589041,0.07893466388588516
19,18.86575342465753,0.07891196062966087
