,maturity,rates
0,0.3041095890410959,0.067551144600161
1,0.7643835616438356,0.007668524908588223
2,1.6465753424657534,0.01428740286431706
3,1.9917808219178081,0.01681672902222656
4,2.2602739726027403,0.012099135333790926
5,2.317808219178082,0.01862636894476312
6,2.912328767123288,0.02155232766775
7,3.2958904109589042,0.02306425798402214
8,3.4301369863013704,0.023743802023175345
9,3.9095890410958902,0.02329054069849152
10,3.9863013698630136,0.02593640323429126
11,4.523287671232877,0.027572695911943848
12,4.906849315068493,0.02899443563280548
13,5.156164383561643,0.02961753468661853
14,6.0,0.008763587250011253
15,6.230136986301369,0.03297955188004522
16,7.073972602739726,0.034673095639258814
17,7.131506849315069,0.034635839584872166
18,7.457534246575342,0.035183993723931564
19,8.416438356164383,0.037252019781130526
20,9.75890410958904,0.039883072521782366
21,10.046575342465754,0.02410832972912794
22,10.641095890410961,0.0414601548783721
23,12.079452054794519,0.04234946466274052
24,13.594520547945207,0.04487830630483181
25,14.726027397260275,0.04685474662405812
26,16.471232876712328,0.0494322444376714
27,19.578082191780826,0.049643962706649634
