,maturity,rates
0,0.8027397260273973,0.08894054689739353
1,0.9205479452054794,0.08506802478945892
2,1.378082191780822,0.08568154868831493
3,2.0876712328767124,0.08202479066558124
4,2.6630136986301367,0.08043737251985765
5,3.1232876712328768,0.0788377166276276
6,4.005479452054795,0.07755685135694874
7,4.3506849315068505,0.07743750120706298
8,4.619178082191781,0.07794551135165696
9,5.27123287671233,0.07608774411305902
10,5.654794520547945,0.07700244326522439
11,5.789041095890411,0.07653288806168847
12,6.345205479452055,0.07758348305766573
13,9.432876712328767,0.07828041451357547
14,9.816438356164383,0.07573322852453002
15,10.775342465753424,0.07787781465131766
16,14.438356164383562,0.07878616657023739
17,15.953424657534244,0.08024229527859365
18,18.830136986301373,0.08154805818136986
