,maturity,rates
0,0.07945205479452055,0.097227446883884
1,0.2328767123287671,0.006220203483984413
2,0.8657534246575342,0.018337359441739327
3,0.9835616438356164,0.019767862289029558
4,1.3835616438356164,0.01827467776802394
5,1.4410958904109592,0.021566902301566705
6,1.8054794520547943,0.0201187228892063
7,1.9397260273972603,0.02899456654270355
8,1.9972602739726024,0.025582354550744632
9,2.150684931506849,0.031034262362070082
10,2.7260273972602738,0.03473356185635049
11,3.186301369863014,0.03732851723408282
12,4.068493150684931,0.040272014564208
13,4.413698630136986,0.04220457085844307
14,4.682191780821919,0.04185529280445186
15,5.3342465753424655,0.04483448997139615
16,5.717808219178082,0.04657724860911473
17,5.852054794520547,0.046691117741483684
18,6.331506849315067,0.05000373391757637
19,6.4082191780821915,0.04834484031584152
20,9.495890410958904,0.0537117009505943
21,9.87945205479452,0.053213416415367816
22,10.838356164383562,0.05573673288039667
23,12.468493150684932,0.05863312307481796
24,14.501369863013695,0.05932192553466869
25,16.016438356164382,0.0613472219598859
26,18.893150684931506,0.06389647895226612
