,maturity,rates
0,0.021917808219178082,0.07562903133161925
1,0.5972602739726027,0.006896922916723114
2,1.0575342465753426,0.011402479253171722
3,1.9397260273972603,0.01884863810427293
4,2.2849315068493152,0.020969895999607958
5,2.5534246575342467,0.01645199624388452
6,2.6109589041095886,0.02272526099649772
7,3.2054794520547945,0.026481977947539145
8,3.589041095890411,0.028035810569188645
9,3.723287671232877,0.028821341757054583
10,4.2027397260273975,0.029177770005895377
11,4.279452054794521,0.031235706415887812
12,4.816438356164384,0.033413283505732964
13,5.2,0.03488070410846293
14,5.449315068493153,0.0355342709484759
15,6.293150684931509,0.022642241669027088
16,7.216438356164383,0.03701375742412795
17,7.367123287671232,0.04098898351125475
18,7.424657534246576,0.0416869321325476
19,7.750684931506847,0.0413576962971276
20,8.70958904109589,0.04380162943695237
21,10.052054794520547,0.046038445235775084
22,10.33972602739726,0.037449827274523874
23,10.934246575342462,0.0479048565328194
24,12.372602739726029,0.04980413857490538
25,13.887671232876713,0.05244045185944148
26,15.019178082191779,0.05326612540779978
27,16.764383561643836,0.05547067551927033
