,maturity,rates
1,1.2712328767123289,0.0146167177393777
2,1.7315068493150685,0.019291465007366483
3,2.6136986301369864,0.025529641164257637
4,2.958904109589041,0.0283716737978294
5,3.2273972602739724,0.02415898695536071
6,3.2849315068493152,0.03049259116853388
7,3.8794520547945206,0.03339677864702389
8,4.263013698630137,0.03540306879833783
9,4.397260273972603,0.03631849461050185
10,4.876712328767123,0.037040995883418255
11,4.953424657534247,0.03879523189860385
12,5.4904109589041115,0.040234619855460486
13,6.123287671232878,0.04146885068207134
14,8.04109589041096,0.04723922119952248
15,8.424657534246576,0.04768430217370495
16,9.383561643835618,0.05066663036751401
17,10.726027397260275,0.052888649912853365
18,13.046575342465756,0.05462766583943635
19,14.561643835616438,0.05656263616591919
20,15.693150684931505,0.05810587322916739
21,17.438356164383563,0.058581813790809664
