,maturity,rates
0,0.4547945205479452,0.05619044829533933
1,1.336986301369863,0.009599065291666084
2,1.6821917808219178,0.011582629218092786
3,1.9506849315068493,0.007851887162056988
4,2.008219178082192,0.013098395164175509
5,2.602739726027397,0.016123469120211276
6,2.9863013698630136,0.01790808699810095
7,3.1205479452054794,0.01824935708389109
8,3.6,0.01770010692599368
9,3.676712328767124,0.020580777787416755
10,4.213698630136986,0.022441387596708582
11,4.597260273972604,0.023549292146279568
12,4.846575342465753,0.024578270848879098
13,5.69041095890411,0.01283861000053422
14,5.9205479452054774,0.027345300986211424
15,6.764383561643838,0.028859023554337133
16,6.821917808219178,0.029009355165528727
17,7.147945205479453,0.029430443041226582
18,7.8191780821917805,0.031741075549016194
19,8.10684931506849,0.031527934140743834
20,9.449315068493153,0.033927477547218025
21,9.736986301369864,0.025887122540351932
22,10.331506849315069,0.03509514679014116
23,11.76986301369863,0.03685061144595712
24,13.284931506849315,0.03908170523223218
25,14.416438356164385,0.04057181746261665
26,16.161643835616438,0.04300245136225896
27,19.268493150684925,0.043890127542335886
