,maturity,rates
1,1.3808219178082193,0.015348735458210062
2,1.8410958904109591,0.01933917838308993
3,2.723287671232877,0.025000525963977033
4,3.068493150684932,0.02664396377582114
5,3.3369863013698637,0.02276622860151188
6,3.3945205479452056,0.02886418438830765
7,3.989041095890411,0.026714097340255767
8,4.3726027397260285,0.032848901116148216
9,4.506849315068493,0.03261619749797437
10,4.986301369863012,0.03045983349253075
11,5.063013698630137,0.03462388817212751
12,5.6,0.03735996737192072
13,6.232876712328768,0.03895541338134592
14,8.150684931506849,0.04336912436657337
15,8.534246575342468,0.04392400974643991
16,9.493150684931509,0.0460078796251442
17,10.835616438356164,0.04884615128799495
18,13.156164383561645,0.05062384569452296
19,14.67123287671233,0.05246321990361297
20,15.802739726027394,0.054221648293059234
21,17.54794520547945,0.054820269571483234
