,maturity,rates
1,1.3397260273972602,0.01598521807422256
2,1.9150684931506847,0.020559525781672677
3,2.3753424657534246,0.02353934063689569
4,3.2575342465753425,0.027569982726497855
5,3.602739726027397,0.029615091469258094
6,3.871232876712329,0.02668135893110356
7,3.9287671232876713,0.03162409887928146
8,4.523287671232877,0.032727146127417346
9,4.906849315068493,0.034754810447383294
10,5.04109589041096,0.0348129243591366
11,5.520547945205481,0.034480171116048335
12,5.597260273972603,0.036384200230768486
13,6.767123287671232,0.04054066760935205
14,8.684931506849315,0.04503312414815696
15,9.068493150684931,0.04502402276278845
16,10.027397260273975,0.04745251214566261
17,13.69041095890411,0.051816034628541216
18,15.205479452054794,0.05441972536577551
19,18.082191780821926,0.055419089336042116
