,maturity,rates
1,0.32602739726027397,0.026191903420454937
2,0.8438356164383561,0.050101180985485376
3,1.1506849315068493,0.054956855462232
4,1.3808219178082193,0.05198639078794156
5,1.3808229178082192,0.06490217591752748
6,2.0904109589041098,0.07818191497317692
7,2.243835616438356,0.07986237136264819
8,2.8767123287671232,0.08690176830221348
9,2.9945205479452053,0.08695145796404616
10,4.736986301369863,0.09702251808191394
11,5.197260273972604,0.09072230607956708
12,6.0794520547945226,0.10354246200250616
13,6.693150684931508,0.1083957778685187
14,7.863013698630137,0.08753284588523616
15,8.342465753424658,0.10552441348736794
16,11.89041095890411,0.10940805008437933
17,12.849315068493151,0.11188461917011704
18,20.904109589041095,0.1074840281628912
