,maturity,rates
0,0.03561643835616438,0.0555266051084662
1,0.5342465753424658,0.007138187572785226
2,0.5917808219178082,0.006434240543701058
3,0.7452054794520548,0.009828071214527764
4,1.3205479452054794,0.015592514249165834
5,1.7808219178082192,0.02035954529727425
6,2.6630136986301367,0.026127716288893318
7,3.008219178082192,0.02887891540636772
8,3.276712328767123,0.023685676004258437
9,3.3342465753424664,0.03131824641063208
10,3.9287671232876713,0.03411252926039431
11,4.3123287671232875,0.035879371544594515
12,4.446575342465755,0.03691629090630955
13,4.926027397260274,0.036815926657244674
14,5.0027397260273965,0.03840577178267104
15,5.53972602739726,0.0405012768466677
16,6.1726027397260275,0.04220526788088623
17,7.016438356164382,0.026968336793623284
18,7.93972602739726,0.195644728377682
19,8.09041095890411,0.043312592781834865
20,8.473972602739726,0.044136792935183605
21,9.432876712328767,0.04647632465921829
22,10.775342465753424,0.04966191813000721
23,11.063013698630137,0.029970966317099963
24,13.095890410958905,0.0515224310761326
25,14.610958904109587,0.053848520960320286
26,15.742465753424652,0.05589258978149236
27,17.487671232876714,0.055464445767694014
