,maturity,rates
0,0.15342465753424658,0.0666072634714857
1,0.21095890410958906,0.0028194835178280914
2,0.5753424657534246,0.008817034795084784
3,0.7095890410958904,0.008693326541849794
4,0.7671232876712328,0.00964875885922874
5,0.9205479452054794,0.011147917933970018
6,1.4958904109589042,0.010701764755006069
7,1.956164383561644,0.019639970152599443
8,2.838356164383561,0.024576923124493062
9,3.1835616438356165,0.026189651161935213
10,3.4520547945205484,0.023243540745129368
11,3.5095890410958903,0.02789983950754291
12,4.104109589041096,0.03033148021057644
13,4.487671232876712,0.02796480929254333
14,4.6219178082191785,0.032094145848359235
15,5.101369863013699,0.03333058362657255
16,5.178082191780822,0.033775942588776885
17,5.715068493150685,0.03664133941353009
18,6.347945205479452,0.038135886818010216
19,8.265753424657534,0.04320882821461641
20,8.64931506849315,0.04371721004887332
21,9.608219178082193,0.045460507836316166
22,10.950684931506851,0.04779019286048409
23,13.271232876712327,0.04982092437466346
24,14.786301369863011,0.05222583809976885
25,15.917808219178085,0.05326555321705855
26,17.663013698630138,0.053825374859188264
