,maturity,rates
0,0.9068493150684932,0.09474488206788427
1,1.0602739726027397,0.09062420680350677
2,1.6931506849315068,0.09132890718011362
3,1.8109589041095893,0.08976057080353338
4,2.2684931506849315,0.09528339348860174
5,2.9780821917808216,0.08946114816232048
6,3.5534246575342467,0.08849700502494912
7,4.013698630136987,0.08819404739251556
8,4.895890410958904,0.08626205873231078
9,5.241095890410959,0.0873045777588136
10,5.509589041095889,0.08680618022400208
11,6.161643835616437,0.08671531986575845
12,6.679452054794519,0.08607492978548159
13,7.1589041095890416,0.08894591995222369
14,7.235616438356163,0.08579431849157115
15,10.706849315068494,0.08408179100881569
16,11.665753424657536,0.0843468210139113
17,15.32876712328767,0.08483223990946014
18,19.72054794520548,0.08794007892976126
