,maturity,rates
1,0.5616438356164384,0.04392223274922668
2,1.021917808219178,0.055748442731800636
3,1.1369863013698631,0.05581839547498993
4,1.6547945205479453,0.062056677856564386
5,1.9616438356164383,0.06379059825023489
6,2.191780821917808,0.06232076945240669
7,2.191781821917808,0.06692837758655208
8,2.9013698630136986,0.07272745157866167
9,3.054794520547945,0.0703579236805095
10,3.6876712328767125,0.07288900057746121
11,3.8054794520547945,0.07286807151508949
12,4.972602739726027,0.0744011842659358
13,5.5479452054794525,0.07662789193212663
14,6.008219178082192,0.07595082601701883
15,6.890410958904107,0.07675640568681617
16,7.504109589041097,0.08195297930245078
17,8.156164383561642,0.07780272147839283
18,8.673972602739726,0.07818735901047448
19,9.23013698630137,0.07906090449877591
20,12.7013698630137,0.08182532572290081
21,13.66027397260274,0.08211734506656578
