,maturity,rates
1,0.4821917808219178,0.039906623898063785
2,0.9424657534246575,0.05042680881181593
3,1.0575342465753426,0.051327836012827664
4,1.5753424657534247,0.05834207860781849
5,2.112328767123288,0.06346577608932089
6,2.8219178082191783,0.06765402960910487
7,2.9753424657534246,0.06791734820604041
8,3.6082191780821917,0.06971679217133167
9,4.8931506849315065,0.07180823371159623
10,5.468493150684932,0.07358703443464673
11,5.9287671232876695,0.07367856542289758
12,6.810958904109589,0.07512648712026927
13,7.424657534246576,0.07836012665261545
14,8.076712328767123,0.07534301528860166
15,8.594520547945205,0.07606195292726155
16,9.150684931506847,0.07610182286759726
17,12.62191780821918,0.07899895140244087
18,13.58082191780822,0.07950009061569316
