,maturity,rates
1,0.3835616438356164,0.0066416970063473465
2,0.8410958904109589,0.009167087711971077
3,1.5506849315068494,0.019810717853468742
4,2.126027397260274,0.02426208238513484
5,2.5863013698630137,0.027200490373377385
6,3.4684931506849317,0.03201867077354184
7,3.813698630136986,0.03360706500591959
8,4.082191780821918,0.031033392735482317
9,4.139726027397259,0.03487485231178064
10,4.734246575342466,0.03665432577490356
11,5.117808219178082,0.03813220765230749
12,5.252054794520548,0.03854282205448168
13,5.808219178082192,0.04011039229145361
14,6.978082191780822,0.04367708812664327
15,8.895890410958904,0.04738866369897269
16,9.279452054794518,0.047485092195852834
17,10.238356164383562,0.04933336085691325
18,13.901369863013699,0.053362473289894234
19,15.416438356164385,0.055948931960069725
20,18.293150684931508,0.05910100949287157
