,maturity,rates
1,0.2821917808219178,0.010464866228058058
2,0.2821927808219178,0.010483410608794862
3,0.9917808219178084,0.027331391409570853
4,1.1452054794520548,0.029521336900251632
5,1.7780821917808218,0.03841144065159597
6,1.895890410958904,0.039583011311122775
7,2.3534246575342466,0.04355351225715979
8,2.8520547945205488,0.04815740391542949
9,2.9095890410958902,0.041371780132541384
10,3.063013698630137,0.04907826843655631
11,3.638356164383562,0.0523494749035526
12,4.098630136986301,0.0540436160218205
13,4.9808219178082185,0.057552341360312786
14,5.326027397260273,0.05927827548742976
15,6.2465753424657535,0.061548736927058235
16,6.764383561643838,0.0626265465439189
17,7.243835616438358,0.06443799057932764
18,7.320547945205481,0.06392791102023777
19,10.791780821917806,0.06846220019027244
20,11.75068493150685,0.06943130570685166
21,15.413698630136983,0.07313508467427451
22,19.8054794520548,0.07713042944120865
