,maturity,rates
1,1.2054794520547945,0.008385530592535675
2,1.5506849315068494,0.010350481295370336
3,1.819178082191781,0.006767085182556639
4,1.8767123287671232,0.012268945176734635
5,2.4712328767123286,0.014876688710765853
6,2.854794520547945,0.016340597753350356
7,2.989041095890411,0.016987703339807782
8,3.4684931506849317,0.0170762951666656
9,3.5452054794520547,0.018767130135494626
10,4.082191780821918,0.020868507794224105
11,4.465753424657534,0.022468195328110428
12,4.715068493150685,0.02305472293567266
13,5.789041095890411,0.02585881668458154
14,6.632876712328768,0.027550097907745427
15,6.69041095890411,0.0276966530272307
16,7.016438356164382,0.02805493845002235
17,7.687671232876713,0.030328038237793814
18,7.9753424657534255,0.030626025288708912
19,9.317808219178081,0.032453805112990314
20,10.2,0.033854423145444325
21,11.638356164383561,0.035136660691227915
22,13.153424657534249,0.03735538252118479
23,14.284931506849315,0.03889248436266221
24,16.03013698630137,0.04131315026313077
25,19.136986301369863,0.04239414147398695
