,maturity,rates
0,0.1726027397260274,0.06542378401548582
1,0.23013698630136986,0.003118875590618409
2,0.7287671232876712,0.008774921257168689
3,0.7863013698630137,0.009987875012201249
4,0.9397260273972604,0.011351082483297708
5,1.515068493150685,0.016132380388112467
6,1.9753424657534249,0.019682956961345727
7,2.8575342465753426,0.024326521579626392
8,3.202739726027397,0.02624623365278089
9,3.4712328767123286,0.023282624962189254
10,3.5287671232876714,0.027455676000733342
11,4.123287671232877,0.02969689453311052
12,4.506849315068493,0.031089398953308593
13,4.641095890410959,0.03179455017130976
14,5.120547945205479,0.0320577164105661
15,5.197260273972604,0.03329176987437661
16,5.734246575342466,0.03607171322740254
17,6.367123287671232,0.037488436768450185
18,7.210958904109589,0.02951180672434761
19,8.284931506849315,0.04240201499760495
20,8.668493150684931,0.04335675618069037
21,9.627397260273973,0.04498963705413984
22,10.96986301369863,0.045655512107466864
23,11.257534246575343,0.0406290734766998
24,13.29041095890411,0.049841404932872486
25,14.805479452054794,0.05194144125150063
26,15.936986301369865,0.05318946209200645
27,17.682191780821913,0.05405102067709265
