,maturity,rates
0,0.2136986301369863,0.1373804519185098
1,0.3287671232876712,0.026680407269713644
2,0.8465753424657534,0.049198258380395495
3,1.1534246575342466,0.05209086795272445
4,1.3835616438356164,0.05180968045260824
5,1.3835626438356163,0.06478102712568244
6,2.0931506849315067,0.07871447853983092
7,2.246575342465753,0.07840794732714866
8,2.8794520547945206,0.0887241089544076
9,2.9972602739726018,0.08882985710625525
10,3.3972602739726026,0.09147980964924404
11,3.4547945205479453,0.09177505588093464
12,4.7397260273972615,0.09792837247406427
13,5.2,0.10094274115231801
14,6.082191780821918,0.10124356329035317
15,7.347945205479452,0.10501883359705153
16,7.865753424657536,0.10607532831659253
17,8.421917808219177,0.10436071878181316
18,11.893150684931507,0.10713216532463238
19,12.852054794520548,0.1096750547131499
20,20.906849315068488,0.10980776322477297
