,maturity,rates
1,1.1534246575342466,0.04379175523586731
2,1.8630136986301369,0.0580268791601795
3,2.0164383561643837,0.058560375999189035
4,2.649315068493151,0.06705408530128483
5,2.767123287671233,0.06756575669643554
6,4.5095890410958885,0.07719209748658361
7,6.465753424657534,0.08565274376464617
8,7.117808219178082,0.08356066925807124
9,7.6356164383561635,0.08322832462964369
10,8.191780821917808,0.08493283183438796
11,11.663013698630134,0.08797099179389861
12,12.62191780821918,0.08789469290662004
