,maturity,rates
0,0.0821917808219178,0.0911145960811434
1,0.7150684931506849,0.013815806710267196
2,0.8328767123287671,0.015303882468381678
3,1.2328767123287672,0.014367128817323962
4,1.2904109589041095,0.01849152537795777
5,1.7890410958904108,0.025838763017957244
6,1.8465753424657527,0.022304807308341668
7,2.0,0.027974705346639223
8,2.5753424657534247,0.03192676714330829
9,3.0356164383561643,0.034334878606430815
10,3.9178082191780814,0.03821940338907285
11,4.263013698630137,0.038973097712991935
12,4.531506849315068,0.03767023204453145
13,5.183561643835616,0.04166730823164954
14,5.567123287671233,0.042748058502866115
15,5.701369863013697,0.04394985526698823
16,6.1808219178082195,0.04772601358648992
17,6.257534246575342,0.04512691449872218
18,7.427397260273973,0.04779981959854646
19,9.345205479452057,0.05016053400096175
20,9.728767123287671,0.049563106197190815
21,10.687671232876713,0.052226648906383816
22,12.317808219178081,0.05253978621419582
23,14.350684931506851,0.057064968715922974
24,15.865753424657536,0.059496304608361625
25,18.742465753424657,0.06250434729742835
