,maturity,rates
1,0.9917808219178084,0.012460806924715998
2,1.452054794520548,0.017134558022337647
3,2.334246575342466,0.023703313548037442
4,2.6794520547945204,0.026238826692865043
5,2.9479452054794515,0.02139404225334834
6,3.0054794520547947,0.028300602827202162
7,3.6,0.03131336694164562
8,3.9835616438356163,0.03358031110082328
9,4.117808219178082,0.033750193142364444
10,4.597260273972604,0.03348132233360333
11,4.673972602739727,0.03604248355817755
12,5.210958904109589,0.038912647456369236
13,5.843835616438358,0.04075486104295236
14,7.761643835616439,0.045536080593909366
15,8.145205479452057,0.046110521576214265
16,9.104109589041096,0.04854877995200568
17,10.446575342465753,0.05199150922780554
18,12.767123287671232,0.05363982046093299
19,14.282191780821915,0.05582655296565258
20,15.413698630136983,0.05727149947857577
21,17.158904109589038,0.058114319025542475
