,maturity,rates
1,1.3424657534246576,0.009901107315934302
2,1.6876712328767125,0.011862126190029543
3,1.956164383561644,0.008131956126486244
4,2.0136986301369864,0.013432344337908186
5,2.6082191780821917,0.01629564573620689
6,2.9917808219178084,0.014277172527759759
7,3.1260273972602737,0.01866399285977836
8,3.6054794520547935,0.0181729927017768
9,3.6821917808219182,0.020860198652564683
10,4.219178082191782,0.02290733668472349
11,4.602739726027396,0.023899824213875712
12,4.852054794520548,0.02493608287169561
13,5.695890410958903,0.013368945447132557
14,5.926027397260274,0.027880219430139408
15,6.769863013698631,0.029222006680033663
16,6.8273972602739725,0.02946862208137092
17,7.153424657534248,0.02968191275775575
18,7.824657534246574,0.03209002233753118
19,8.112328767123287,0.03188821652666303
20,9.454794520547946,0.03426342697932378
21,9.742465753424657,0.026930137589995625
22,10.336986301369864,0.03539736145802716
23,11.775342465753427,0.037013246224371237
24,13.29041095890411,0.03970216417737911
25,14.421917808219176,0.04081860629993644
26,16.167123287671235,0.04341889789147189
27,19.27397260273973,0.044418409352464834
