,maturity,rates
1,1.4712328767123288,0.01163363691773425
2,1.8164383561643835,0.013421902919245316
3,2.084931506849315,0.00984893324206888
4,2.1424657534246574,0.015031552334638557
5,2.736986301369863,0.017773271572062124
6,3.1205479452054794,0.019147244258260355
7,3.2547945205479447,0.019786160690088227
8,3.7342465753424654,0.01957469148780901
9,3.810958904109589,0.02194819399120357
10,4.347945205479451,0.023947257239601952
11,4.7315068493150685,0.024626337944994067
12,4.9808219178082185,0.025532395378738162
13,6.054794520547945,0.02810356578298601
14,6.898630136986301,0.029819494024983555
15,6.956164383561642,0.030120063234097688
16,7.282191780821918,0.03064922015882656
17,8.241095890410959,0.032772809252009205
18,9.583561643835617,0.03482766731053635
19,10.465753424657533,0.036221514238535146
20,11.904109589041095,0.037999034240208715
21,13.41917808219178,0.04023035643094988
22,14.550684931506849,0.0411688199837203
23,16.295890410958904,0.044367341128744464
24,19.4027397260274,0.044468477621506214
