,maturity,rates
1,1.4712328767123288,0.016219784675235268
2,1.9315068493150684,0.01997992786906011
3,2.8136986301369857,0.02526483579811144
4,3.1589041095890407,0.02702500754003488
5,3.4273972602739726,0.023553911366692604
6,3.484931506849315,0.029628260709202374
7,4.079452054794522,0.03133915811867327
8,4.463013698630137,0.03379842243892358
9,4.597260273972604,0.033269843162293936
10,5.076712328767123,0.0336224711983855
11,5.153424657534247,0.03558500935758687
12,5.69041095890411,0.037992472789091535
13,6.323287671232878,0.039246745611434
14,8.241095890410959,0.04362367310891699
15,8.624657534246575,0.04404525394359341
16,9.583561643835617,0.04605230525593973
17,10.926027397260272,0.04845365718656723
18,13.246575342465755,0.05027156121694842
19,14.761643835616438,0.05219990338070128
20,15.893150684931507,0.05331264603612133
21,17.638356164383566,0.05405650717411666
