,maturity,rates
0,0.3863013698630137,0.06916766799000643
1,0.8465753424657534,0.0086951004249357
2,1.7287671232876711,0.015234744251732685
3,2.0739726027397256,0.017390933488359992
4,2.3424657534246576,0.013263182705671173
5,2.4,0.01948826804691252
6,2.9945205479452053,0.022062148527320226
7,3.378082191780821,0.024174898724682082
8,3.512328767123288,0.024401158753564613
9,3.991780821917808,0.023845260153456414
10,4.068493150684931,0.026615272563337608
11,4.6054794520547935,0.02861913928652826
12,4.9890410958904114,0.029587911492458686
13,5.238356164383561,0.03060793082807855
14,6.082191780821918,0.022005491798281814
15,6.312328767123287,0.033820855714691525
16,7.156164383561642,0.03541401932751995
17,7.213698630136986,0.03559083610526915
18,7.5397260273972595,0.035794007691871264
19,8.498630136986304,0.03810988617044876
20,9.841095890410957,0.04066978780979655
21,10.723287671232876,0.04177774895400388
22,12.161643835616438,0.04303737763132617
23,13.676712328767126,0.04563613745621018
24,14.808219178082194,0.047051743648470784
25,16.553424657534247,0.0500793586446033
26,19.660273972602734,0.05053766960891822
