,maturity,rates
1,0.3698630136986301,0.03209219963221577
2,0.4273972602739726,0.033582836602403215
3,0.8876712328767123,0.049099650652853724
4,1.0027397260273974,0.04806165750072888
5,1.5205479452054795,0.057701734470217085
6,1.8273972602739723,0.05990998112418111
7,2.0575342465753423,0.05511824955328395
8,2.0575352465753425,0.062445994332025676
9,2.767123287671233,0.06739620351551305
10,2.9205479452054797,0.06795526289386589
11,3.5534246575342467,0.06967763076222873
12,4.071232876712329,0.07949365697559226
13,4.838356164383562,0.07295681681396744
14,5.413698630136985,0.07198475770740702
15,5.873972602739726,0.07436409042695813
16,6.756164383561642,0.07577010098528587
17,7.36986301369863,0.07758945365312467
18,8.021917808219179,0.07684337640633376
19,8.53972602739726,0.07664664595071619
20,9.095890410958903,0.07709377333881752
21,12.567123287671233,0.07990080535095079
22,13.526027397260275,0.08065526263077795
23,21.58082191780822,0.08490236819369956
