,maturity,rates
1,0.9150684931506852,0.010962426011237264
2,1.3753424657534246,0.01558711591404604
3,2.2575342465753425,0.02201010132751401
4,2.602739726027397,0.0243975738213684
5,2.871232876712329,0.020010315547558888
6,2.928767123287672,0.026962634544224758
7,3.5232876712328767,0.029245773382938718
8,3.906849315068493,0.03168259308937884
9,4.04109589041096,0.03202897467986118
10,4.5205479452054815,0.032098235987605174
11,4.597260273972604,0.03443793121001257
12,5.134246575342465,0.036869120773617606
13,5.767123287671232,0.03874648840963869
14,7.684931506849315,0.04347581479339948
15,8.068493150684931,0.04393231363700407
16,9.027397260273975,0.04623218192223282
17,10.36986301369863,0.049277890874142506
18,12.69041095890411,0.05137791263488168
19,14.205479452054794,0.05331601650435632
20,15.336986301369866,0.05492467195880478
21,17.08219178082192,0.05674666238682422
