,maturity,rates
1,1.4219178082191783,0.010587221791942124
2,1.7671232876712328,0.012644182247374364
3,2.0356164383561643,0.00905571954698538
4,2.0931506849315067,0.014230061797284954
5,2.6876712328767125,0.017242807633811766
6,3.0712328767123287,0.01855365878393504
7,3.2054794520547945,0.01957108993982837
8,3.684931506849315,0.018883506989372783
9,3.761643835616439,0.02156945689364744
10,4.298630136986302,0.023697112697249462
11,4.682191780821919,0.024588613038706304
12,4.931506849315068,0.025489949304765815
13,6.005479452054795,0.027978320300212727
14,6.849315068493151,0.029856277387192938
15,6.906849315068492,0.030030153590473695
16,7.232876712328768,0.03046062194923461
17,8.191780821917808,0.032488464074410354
18,9.534246575342467,0.03453005279540042
19,10.416438356164383,0.03596109879658288
20,11.854794520547946,0.03789784890986577
21,13.36986301369863,0.0401768187882285
22,14.501369863013695,0.04133435895293485
23,16.246575342465757,0.04440158750875795
24,19.353424657534248,0.04500041651052918
