,maturity,rates
0,0.25205479452054796,0.12933187917070255
1,0.3671232876712329,0.03013006209616665
2,0.8849315068493151,0.053293616120418386
3,1.1917808219178083,0.061560436751696125
4,1.4219178082191783,0.04837635123128351
5,1.4219188082191778,0.07095917715738126
6,2.1315068493150684,0.08211063699695748
7,2.2849315068493152,0.08570359547551959
8,2.9178082191780823,0.092968236705761
9,3.0356164383561643,0.09326284460915207
10,3.493150684931507,0.09278762409419472
11,4.2027397260273975,0.10213130498776757
12,4.778082191780824,0.10368996478714924
13,5.238356164383561,0.1068426405328758
14,6.120547945205479,0.106440306099658
15,6.734246575342466,0.11170215638306548
16,7.386301369863013,0.10922449172795536
17,8.383561643835616,0.10505044456857728
18,8.46027397260274,0.10638206780388232
20,11.931506849315069,0.08436740244899862
21,12.89041095890411,0.08909868561192896
22,20.94520547945205,0.08653617857579543
