,maturity,rates
1,0.5534246575342465,0.04757034180095802
2,1.0712328767123287,0.07160922022724937
3,1.6082191780821915,0.07802092943065364
4,1.6082201780821914,0.08334883053326665
5,2.317808219178082,0.09900952105794354
6,2.4712328767123286,0.10094201857404106
7,3.104109589041096,0.0730229858305702
8,3.221917808219178,0.10743740103903746
9,3.6219178082191785,0.10836304601625364
10,4.389041095890411,0.1141722142096909
11,4.964383561643834,0.1170402746054351
12,6.306849315068492,0.11613719872841854
13,6.9205479452054774,0.11076816629345984
14,7.572602739726027,0.11408000522250135
15,8.646575342465754,0.11017894350042402
16,12.117808219178086,0.10724573493701704
17,13.076712328767126,0.10978562529141657
18,21.13150684931507,0.10816934939593112
