,maturity,rates
1,0.9369863013698628,0.009797544821746024
2,1.819178082191781,0.016599699335681933
3,2.164383561643836,0.01853102324546301
4,2.4328767123287682,0.014883336716008043
5,2.4904109589041097,0.020747196529585156
6,3.084931506849315,0.023181627891639963
7,3.4684931506849317,0.02542176510824303
8,3.602739726027397,0.025295414410161927
9,4.082191780821918,0.026508186631653618
10,4.158904109589041,0.02805167947591692
11,4.695890410958904,0.030006053742975863
12,5.079452054794522,0.031160464105106693
13,5.328767123287672,0.03199263212619188
14,6.402739726027397,0.035379528309117614
15,7.2465753424657535,0.03620053929775869
16,7.304109589041097,0.036442877973288684
17,7.63013698630137,0.036571807799004936
18,8.58904109589041,0.03875632025507696
19,9.931506849315069,0.04155876879202613
20,10.813698630136988,0.04264744979912935
21,12.252054794520548,0.04395188085775442
22,13.767123287671232,0.04601302806951975
23,14.898630136986306,0.04759114162078447
24,16.643835616438356,0.050608547911008495
25,19.75068493150685,0.051125326609133034
