,maturity,rates
1,0.7643835616438356,0.01374740544223223
2,1.2219178082191782,0.016927303175320124
3,1.9315068493150684,0.02677789642567276
4,2.5068493150684934,0.030611336261546288
5,2.967123287671233,0.0337555351684975
6,3.849315068493152,0.037610214510717686
7,4.1945205479452055,0.03872393675800233
8,4.463013698630137,0.03587791947855023
9,5.115068493150685,0.04152421406849917
10,5.498630136986302,0.04291634980709822
11,5.632876712328768,0.04354623486467466
12,6.112328767123286,0.04492400311357152
13,6.189041095890411,0.045059435815443936
14,7.358904109589043,0.048113677377056616
15,9.276712328767124,0.05058100248490826
16,9.66027397260274,0.04946196549339125
17,10.61917808219178,0.05222921385701075
18,14.282191780821915,0.056052603920455836
19,15.797260273972602,0.05906599045113499
20,18.673972602739727,0.06185697282927768
