,maturity,rates
1,0.8082191780821918,0.05836178942518772
2,0.8657534246575342,0.05464436034170991
3,1.326027397260274,0.06034686995139753
4,1.4410958904109592,0.058848067087022074
5,1.9589041095890407,0.06188078346685615
6,2.4958904109589044,0.06665640169676973
7,3.2054794520547945,0.07055987662726658
8,3.3589041095890413,0.07017452341695635
9,3.991780821917808,0.0710415353081266
10,4.109589041095891,0.07361917966107435
11,5.276712328767124,0.07495126863963789
12,5.852054794520547,0.07524609713893167
13,6.312328767123287,0.07619915413934472
14,7.1945205479452055,0.0771585025513326
15,8.46027397260274,0.07739412694861805
16,8.97808219178082,0.07825175619585595
17,9.534246575342467,0.07889067489347101
18,13.005479452054795,0.07995631023352534
19,13.964383561643837,0.08136417948046427
20,22.019178082191786,0.08767232005514315
