,maturity,rates
1,0.8684931506849315,0.03402381707258908
2,1.5780821917808217,0.05002812052834798
3,1.7315068493150685,0.052533435057592434
4,2.364383561643836,0.060575463872356586
5,2.4821917808219176,0.06210692095451345
6,3.649315068493152,0.0708322098126505
7,4.224657534246576,0.07391294830885395
8,4.684931506849315,0.07603520494731678
9,5.567123287671233,0.07949834774414154
10,6.1808219178082195,0.07585041895936878
11,6.832876712328768,0.08254953719083223
12,7.35068493150685,0.08352620271675641
13,7.83013698630137,0.08442050987934283
14,7.9068493150684915,0.08510981478144017
15,11.37808219178082,0.0873988961254788
16,12.336986301369866,0.08790755416752016
17,20.39178082191781,0.09168536498865336
