,maturity,rates
1,1.095890410958904,0.02821599404726276
2,1.7287671232876711,0.03747490391680863
3,1.8465753424657527,0.03825130962653326
4,2.304109589041096,0.042041048510033235
5,3.0136986301369864,0.0476949730185197
6,3.589041095890411,0.0509980991802453
7,4.049315068493152,0.05308662698213501
8,4.931506849315068,0.05616958071331616
9,5.276712328767124,0.057679236853536715
10,5.545205479452053,0.05501414664584907
11,6.197260273972603,0.060106498459059125
12,6.715068493150685,0.06102200286030539
13,7.1945205479452055,0.064573619267203
14,7.271232876712331,0.062217516859528775
15,10.742465753424657,0.06627120389568837
16,11.7013698630137,0.06775401541734702
17,15.364383561643837,0.07084628374898852
18,19.756164383561643,0.07720733111096327
