,maturity,rates
0,0.4246575342465753,0.07745712783845571
1,0.4821917808219178,0.07808347785560302
2,0.9424657534246575,0.07515394309226098
3,1.0575342465753426,0.07443757033395837
4,1.5753424657534247,0.076104594213695
5,2.112328767123288,0.07797697074714649
6,2.8219178082191783,0.0793384377271701
7,2.9753424657534246,0.0789107522681452
8,3.608219178082192,0.07917086431760982
9,4.8931506849315065,0.07904718917813286
10,5.468493150684932,0.0802465762884782
11,5.92876712328767,0.07977972248963239
12,6.810958904109589,0.08081554779873325
13,7.424657534246576,0.08759378654622758
14,8.076712328767123,0.08005609044024527
15,8.594520547945205,0.08054167496696454
16,9.150684931506847,0.08043020283741151
17,12.62191780821918,0.0824363401905427
18,13.58082191780822,0.08264452068156221
