,maturity,rates
1,0.6876712328767123,0.012444699496375777
2,1.1452054794520548,0.015864568319271237
3,1.8547945205479448,0.02612420190231712
4,2.4301369863013704,0.03066084223007628
5,2.8904109589041096,0.033834288260648535
6,3.7726027397260284,0.03784449889510407
7,4.117808219178082,0.039352131443741147
8,4.3863013698630136,0.035854225988141385
9,5.038356164383561,0.04236012227866868
10,5.4219178082191775,0.04440099356990865
11,5.556164383561644,0.04418287417512007
12,6.035616438356165,0.04487586915778486
13,6.112328767123286,0.04574987447341679
14,7.282191780821918,0.04879568851113062
15,9.2,0.05191540237498903
16,9.583561643835617,0.05089855411405327
17,10.54246575342466,0.05380098623436864
18,14.205479452054794,0.05719488582733924
19,15.720547945205483,0.05969385580424965
20,18.5972602739726,0.060203630455950286
