,maturity,rates
1,0.9808219178082191,0.012239121851651096
2,1.4410958904109592,0.0168427523734531
3,2.3232876712328765,0.02388554719844493
4,2.6684931506849314,0.02603597858977245
5,2.936986301369863,0.021678859254816846
6,2.9945205479452053,0.02804452403494729
7,3.589041095890411,0.031231548374265363
8,3.9726027397260273,0.0335149803163176
9,4.1068493150684935,0.033881190461929764
10,4.586301369863014,0.03282233187830167
11,4.663013698630137,0.036084787682347234
12,5.2,0.038973763850270966
13,5.832876712328768,0.04076339535562873
14,7.750684931506847,0.0459678730263237
15,8.134246575342466,0.046441762742723235
16,9.093150684931508,0.04896640171485135
17,10.435616438356163,0.05212459527514477
18,12.756164383561645,0.05386520827808094
19,14.271232876712327,0.056249699906269615
20,15.402739726027393,0.057538540923418084
21,17.147945205479452,0.05800862542194015
