,maturity,rates
1,1.1178082191780825,0.012121628338806544
2,1.6931506849315068,0.016755054561368672
3,2.1534246575342464,0.019539332074015828
4,3.0356164383561643,0.0242825889998134
5,3.38082191780822,0.026171791717244017
6,3.649315068493152,0.0237810902350485
7,3.7068493150684927,0.027414766016260857
8,4.301369863013698,0.02936676896457132
9,4.684931506849315,0.030605329385728658
10,4.8191780821917805,0.030833597531756806
11,5.298630136986302,0.03225039723599585
12,5.375342465753425,0.03273930463304737
13,5.912328767123287,0.03552249696701569
14,6.545205479452053,0.03648093935717619
15,8.463013698630137,0.041185026632811164
16,8.846575342465753,0.04142689308656111
17,9.805479452054792,0.04382414251841173
18,11.147945205479452,0.04603223994778279
19,13.468493150684932,0.04797132829342338
20,14.983561643835616,0.0508737112036448
21,16.115068493150684,0.052479118485151584
22,17.86027397260274,0.052378324442052496
