,maturity,rates
1,0.8794520547945206,0.058382700098824986
2,0.9369863013698628,0.05852659228680615
3,1.3972602739726028,0.060542342141791834
4,1.5123287671232877,0.059534125644616465
5,2.03013698630137,0.0628513127345702
6,2.5671232876712327,0.06501175593746503
7,3.276712328767123,0.06801610775805972
8,3.4301369863013704,0.06830815952486655
9,4.063013698630137,0.06824669287985931
10,5.923287671232878,0.07090933924458252
11,6.383561643835616,0.07295145934069967
12,7.265753424657534,0.07381223832603251
13,7.8794520547945215,0.07846151775588928
14,8.531506849315068,0.07504251686528217
15,9.04931506849315,0.07493569328083254
16,9.528767123287672,0.0592440770714834
17,9.605479452054793,0.07778970087769417
18,13.076712328767126,0.07858177141204972
19,14.035616438356163,0.08004538158832604
20,22.09041095890411,0.08121728054282469
