,maturity,rates
1,1.1863013698630136,0.04564335563092964
2,1.895890410958904,0.057828890258872966
3,2.0493150684931507,0.05897141446643307
4,2.682191780821918,0.06606522133985702
5,2.8,0.06715318657774705
6,3.967123287671233,0.07426178032250995
7,4.542465753424658,0.0767203968430327
8,5.0027397260273965,0.07757549501369518
9,5.884931506849315,0.08101431788812999
10,6.498630136986304,0.08398507223736976
11,7.1506849315068495,0.08334921582593194
12,7.668493150684933,0.08277501173290135
13,8.147945205479452,0.08905560539524579
14,8.224657534246575,0.08279939987787155
15,11.695890410958905,0.08579946918062778
16,12.654794520547945,0.08751091325913228
17,20.709589041095885,0.09426793810376226
