,maturity,rates
1,0.136986301369863,0.0018109180678436989
2,0.2904109589041096,0.00397750290365185
3,0.8657534246575342,0.010521559310790444
4,1.326027397260274,0.015223623869728897
5,2.208219178082192,0.021726653827072014
6,2.5534246575342467,0.02398445754379437
7,2.8219178082191783,0.019979976743655804
8,2.8794520547945206,0.0262070500422857
9,3.4739726027397264,0.029497862220486632
10,3.857534246575343,0.03139720125872438
11,3.991780821917808,0.031364873444925535
12,4.471232876712329,0.03219890437655184
13,4.5479452054794525,0.03397144345592412
14,5.084931506849316,0.03627948802007134
15,5.717808219178082,0.03813586236845843
16,7.6356164383561635,0.04280604208900341
17,8.01917808219178,0.04340920262788592
18,8.97808219178082,0.04572356188182928
19,10.320547945205481,0.04886450803985415
20,12.641095890410964,0.05074154109081701
21,14.156164383561645,0.052816686325733865
22,15.287671232876713,0.05488208218338627
23,17.032876712328772,0.055934865261661366
