,maturity,rates
1,1.1506849315068493,0.032011924335536436
2,1.3041095890410959,0.03501173218558768
3,1.9369863013698632,0.04393785627317725
4,2.054794520547945,0.044422162634535765
5,2.512328767123288,0.04710548121370908
6,3.221917808219178,0.055290725900059935
7,3.797260273972603,0.058651171863826276
8,4.257534246575342,0.0608744154523825
9,5.139726027397259,0.06373840238733289
10,5.484931506849315,0.06150948765483229
11,5.753424657534247,0.06285832010119663
12,6.405479452054794,0.06856327827616393
13,6.923287671232878,0.06966988756773425
14,7.479452054794519,0.06536536835496254
15,10.950684931506851,0.07506933836244285
16,11.909589041095893,0.07621692321350634
17,15.572602739726028,0.07901844976705621
18,19.964383561643835,0.08276449998698505
