,maturity,rates
1,0.7123287671232876,0.054763372018624
2,1.2301369863013698,0.06045525645848935
3,1.8630136986301369,0.06895957141137161
4,2.4,0.07533961033933675
5,3.1095890410958904,0.07743363061368147
6,3.263013698630137,0.07731965035618946
7,3.895890410958904,0.08037346040899088
8,4.013698630136987,0.07446889922229129
9,5.1808219178082195,0.08212526988464702
10,5.756164383561642,0.07584809450046437
11,6.2164383561643834,0.08276367339349887
12,7.0986301369863005,0.08318824768409419
13,7.712328767123287,0.08210120204125981
14,8.364383561643837,0.08394804769313514
15,8.882191780821918,0.08403024291679027
16,9.361643835616439,0.08091867191035065
17,9.438356164383563,0.08436777772444247
18,12.909589041095893,0.08467421038727442
19,13.868493150684932,0.08621798723579145
20,21.923287671232877,0.07616856193152781
