,maturity,rates
1,1.2027397260273969,0.008314149868753094
2,1.547945205479452,0.010246645538802572
3,1.8164383561643835,0.006745047127695525
4,1.8739726027397257,0.01217167890336663
5,2.4684931506849317,0.01481868073400181
6,2.8520547945205488,0.016334077749003532
7,2.9863013698630136,0.017014913680218832
8,3.4657534246575343,0.017109028412481662
9,3.5424657534246577,0.018785296681623768
10,4.079452054794522,0.02085576968148565
11,4.463013698630137,0.02232542717400878
12,4.712328767123288,0.02296463804715728
13,5.786301369863014,0.025886840089623057
14,6.63013698630137,0.027510412136935985
15,6.6876712328767125,0.027534477256516973
16,7.013698630136986,0.02803095761437053
17,7.684931506849315,0.0303647284045012
18,7.972602739726027,0.03044849634603356
19,9.315068493150683,0.032627246651462424
20,10.197260273972603,0.033835288537880405
21,11.635616438356163,0.03510204634309142
22,13.150684931506849,0.03737311032463262
23,14.282191780821915,0.03889143117326773
24,16.027397260273972,0.04117459112769686
25,19.134246575342466,0.04228774604392328
