,maturity,rates
1,0.28493150684931506,0.004684529640317561
2,0.6849315068493149,0.01029716412096749
3,0.7424657534246575,0.007611098167584733
4,1.2410958904109588,0.016144302842262023
5,1.2986301369863014,0.012238458054266828
6,1.452054794520548,0.018390744152436432
7,2.0273972602739727,0.02256682101749009
8,2.4876712328767123,0.02631607212368603
9,3.3698630136986303,0.03053295930025078
10,3.7150684931506848,0.032122899718130635
11,3.9835616438356163,0.029530121181135818
12,4.04109589041096,0.03422970921706833
13,4.635616438356164,0.03569644647321932
14,5.0191780821917815,0.03725085630389399
15,5.153424657534247,0.03774065844847065
16,5.632876712328768,0.038327288114451234
17,5.7095890410958905,0.03942552542641936
18,6.8794520547945215,0.04269206391175622
19,8.797260273972602,0.04647971210148585
20,9.18082191780822,0.04655880258749205
21,10.13972602739726,0.0488759961824672
22,13.802739726027394,0.05291255045691553
23,15.317808219178081,0.055713406927787854
24,18.194520547945206,0.05793521812829034
