,maturity,rates
1,1.5397260273972602,0.012720475459838256
2,1.8849315068493149,0.015162318711883655
3,2.1534246575342464,0.011030440011416887
4,2.2109589041095887,0.016982595747830082
5,2.8054794520547945,0.01991543332042886
6,3.1890410958904107,0.0214391359433547
7,3.3232876712328765,0.022164721972495215
8,3.8027397260273967,0.02114809777632244
9,3.8794520547945206,0.02435105281020205
10,4.416438356164384,0.026528516238532397
11,4.8,0.027553578277347748
12,5.0493150684931525,0.02808545669021929
13,6.123287671232878,0.031059162064282844
14,6.967123287671233,0.03301030271242485
15,7.024657534246575,0.032651166688589084
16,7.35068493150685,0.033609954646882316
17,8.30958904109589,0.03585271395949769
18,9.652054794520547,0.03809230753372166
19,10.534246575342467,0.039289207296892566
20,11.972602739726028,0.040812673056618134
21,13.487671232876716,0.04357007590873585
22,14.61917808219178,0.04506123378932388
23,16.364383561643837,0.0472892209234826
24,19.471232876712328,0.04818047713051393
