,maturity,rates
1,1.0575342465753426,0.01225512171918475
2,1.6328767123287669,0.016931614793284595
3,2.0931506849315067,0.02040162949774137
4,2.9753424657534246,0.02526483579811144
5,3.32054794520548,0.027075364126333882
6,3.589041095890411,0.02405223220831238
7,3.6465753424657534,0.028418732820185283
8,4.241095890410959,0.03049490276664807
9,4.624657534246575,0.0319760067606824
10,4.758904109589041,0.03237225393083619
11,5.238356164383561,0.033264342181996615
12,5.315068493150685,0.03407350028847303
13,5.852054794520547,0.03664383075451727
14,6.484931506849315,0.037625667790075916
15,8.402739726027397,0.04242202860687296
16,8.786301369863013,0.042606720671364964
17,9.745205479452057,0.044557826361753435
18,11.087671232876714,0.04670041780979152
19,13.408219178082195,0.0491225371036176
20,14.923287671232874,0.051964517949309404
21,16.054794520547947,0.05283532066864742
22,17.8,0.05417484785716399
