,maturity,rates
0,0.06027397260273973,0.1028622394513302
1,0.06027497260273972,0.0023139728197191585
2,0.7698630136986301,0.021158215563490543
3,0.9232876712328768,0.02432141843473597
4,1.5561643835616439,0.033099256881286884
5,1.6739726027397257,0.03383835812756955
6,2.0739726027397256,0.033897951330962836
7,2.1315068493150684,0.0365717378978717
8,2.6301369863013697,0.042282929512908934
9,2.6876712328767125,0.03696265651235743
10,2.84109589041096,0.044457078701976536
11,3.416438356164384,0.04709669029957931
12,3.8767123287671232,0.04907698975813335
13,4.758904109589041,0.051682768376834186
14,5.104109589041096,0.05267176045867273
15,5.3726027397260285,0.051850389517635834
16,6.024657534246575,0.054705743846566735
17,6.542465753424658,0.055736918386690114
18,7.0986301369863005,0.057128805879746926
19,10.186301369863012,0.06150034641301499
20,10.56986301369863,0.06009040160587975
21,11.528767123287675,0.061634889167021326
22,15.191780821917806,0.06544152401217057
23,19.583561643835615,0.06922821841812203
