,maturity,rates
0,0.3479452054794521,0.13262851098014194
1,0.8657534246575342,0.12213999983736003
2,1.4027397260273973,0.12363842609239097
3,2.112328767123288,0.12604239021966318
4,2.265753424657534,0.12677765545504407
5,2.898630136986301,0.1284753166657223
6,3.016438356164384,0.12706614885306378
7,3.4739726027397264,0.13442754838860296
8,4.183561643835616,0.12435741128271459
9,6.101369863013699,0.12538284131343388
10,7.367123287671232,0.12237122767803289
11,7.884931506849315,0.12420399911339768
12,11.912328767123286,0.11761271777642242
13,12.871232876712327,0.11893791816839094
14,20.926027397260274,0.11447774805660126
