,maturity,rates
0,0.3808219178082192,0.0545149677779998
1,1.263013698630137,0.008892022904013827
2,1.6082191780821915,0.011042365770694262
3,1.8767123287671232,0.006909325836512779
4,1.9342465753424656,0.012809756315043249
5,2.5287671232876714,0.015153602151426212
6,2.912328767123288,0.017000246621795747
7,3.0465753424657533,0.01724126597010984
8,3.5260273972602736,0.01672193112249167
9,3.602739726027397,0.019478810671999115
10,4.139726027397259,0.021684438872524348
11,4.523287671232877,0.022753289429063524
12,4.772602739726027,0.023644463148120392
13,5.616438356164384,0.0065499904938440155
14,5.846575342465752,0.026797343035675308
15,6.69041095890411,0.028303845422539813
16,6.747945205479453,0.028487927851416732
17,7.073972602739726,0.028667799985531463
18,7.745205479452053,0.031011155880402763
19,8.032876712328768,0.030836791979648732
20,9.375342465753425,0.03322237537821671
21,9.663013698630136,0.024917229565464504
22,10.257534246575343,0.0343562333743936
23,11.695890410958905,0.035913907962129385
24,13.210958904109587,0.038300003910628884
25,14.342465753424651,0.039942720343878885
26,16.087671232876712,0.041432788490685886
27,19.194520547945206,0.04320060741499602
