,maturity,rates
0,0.24383561643835616,0.10371368027148864
1,0.5506849315068493,0.023585906608154596
2,0.7808219178082192,0.02817567052985234
3,0.7808229178082192,0.02872736260571941
4,1.4904109589041097,0.04316327796920759
5,1.643835616438356,0.044747238952768435
6,2.2767123287671227,0.05196654816365755
7,2.3945205479452056,0.05310713411916935
8,2.794520547945205,0.053334149126036894
9,3.3506849315068483,0.0601085817613367
10,3.5616438356164384,0.06114931129390488
11,4.136986301369864,0.06386296996993036
12,4.597260273972604,0.06618968932506418
13,5.479452054794519,0.06895867755809099
14,6.0931506849315085,0.06823522589467503
15,6.7452054794520535,0.07264794575170669
16,7.263013698630138,0.07351929298333734
17,7.742465753424658,0.06907160913460741
18,7.8191780821917805,0.07523907243769704
19,11.29041095890411,0.07885165204901362
20,12.24931506849315,0.08030520536396711
21,13.87945205479452,0.08393673683475368
22,20.304109589041094,0.0879368924109335
