,maturity,rates
1,0.7123287671232876,0.007024748933574547
2,1.4219178082191783,0.01799805627515658
3,1.9972602739726024,0.022217977862185632
4,2.4575342465753423,0.02570005485864913
5,3.3397260273972598,0.030057528785234457
6,3.684931506849315,0.031521877266032686
7,3.953424657534247,0.029179619312503482
8,4.0109589041095886,0.033433686975081936
9,4.6054794520547935,0.03498298567267994
10,4.9890410958904114,0.03656092976082883
11,5.123287671232877,0.037101030764338114
12,5.602739726027397,0.03840949433632256
13,5.679452054794519,0.038547541533001786
14,6.849315068493151,0.04212404994106458
15,8.767123287671232,0.04613998102541221
16,9.150684931506847,0.046246949822956455
17,10.10958904109589,0.048610457910341916
18,13.772602739726029,0.0526280201079582
19,15.287671232876713,0.05547871503705183
20,18.164383561643838,0.057982466705403135
