,maturity,rates
1,0.6931506849315069,0.0176270774146695
2,1.326027397260274,0.026545643347603644
3,1.4438356164383561,0.027822879529417675
4,1.9013698630136984,0.030219084604230593
5,2.4,0.0365054494912776
6,2.4575342465753423,0.028927608818229762
7,2.6109589041095886,0.03810918440211295
8,3.186301369863014,0.041696768314895216
9,3.6465753424657534,0.04394088785246531
10,4.528767123287671,0.046726101331469316
11,4.873972602739726,0.0482999598947156
12,5.142465753424657,0.04588519361218823
13,5.794520547945205,0.05094240069223546
14,6.312328767123287,0.05231903507469495
15,6.868493150684931,0.053435599060024735
16,9.956164383561644,0.05785732852404123
17,10.33972602739726,0.05766394557603813
18,11.2986301369863,0.059117074038927485
19,14.961643835616439,0.06250885879474763
20,19.353424657534248,0.06700631586364511
