,maturity,rates
0,0.09863013698630137,0.056722212522006224
1,0.9808219178082191,0.007140205498458434
2,1.326027397260274,0.00918855119667727
3,1.5945205479452054,0.008316546705421061
4,1.652054794520548,0.010923208796853752
5,2.246575342465753,0.013645383815095457
6,2.6301369863013697,0.015100567453013313
7,2.7643835616438355,0.01601375368328193
8,3.2438356164383566,0.01662944204616487
9,3.32054794520548,0.01810424802203337
10,3.4547945205479453,0.01903950007558352
11,3.857534246575343,0.020131831050189324
12,4.241095890410959,0.02122425800517544
13,4.4904109589041115,0.02211693825259694
14,5.3342465753424655,0.004851662951121622
15,5.564383561643837,0.024963940496590738
16,6.257534246575342,0.06452159507327349
17,6.4082191780821915,0.02711573242204247
18,6.465753424657534,0.02692312472780811
19,6.791780821917808,0.02730418107153968
20,7.463013698630138,0.029932409813538164
21,7.750684931506847,0.029988247244852006
22,9.093150684931508,0.03173393050826042
23,9.975342465753425,0.033191534541072515
24,11.413698630136983,0.035440401998462684
25,12.92876712328767,0.03760676290299395
26,14.06027397260274,0.03842686089211221
27,15.805479452054794,0.0395681600943325
28,18.912328767123288,0.042255006260702464
