,maturity,rates
1,0.8849315068493151,0.0164079530447121
2,1.3424657534246576,0.019620221505798008
3,2.052054794520548,0.02845104850151063
4,2.627397260273973,0.032710065176503184
5,3.0876712328767124,0.03547265464031118
6,3.96986301369863,0.03888783463668647
7,4.315068493150685,0.03985736337187218
8,4.583561643835616,0.03774812072201
9,5.235616438356164,0.042958187399269265
10,5.619178082191781,0.0443384560109574
11,5.753424657534247,0.04476073699044742
12,6.232876712328768,0.047599046811294336
13,6.30958904109589,0.04636123760714922
14,9.397260273972602,0.05165401956838332
15,9.780821917808217,0.05124742634879722
16,10.73972602739726,0.053628968298411864
17,14.402739726027393,0.05816712925391317
18,15.917808219178085,0.06077360049061883
19,18.794520547945204,0.06365720622904644
