,maturity,rates
1,0.9945205479452056,0.020125748461670312
2,1.452054794520548,0.02100075827420137
3,2.1616438356164385,0.031257572671601806
4,2.736986301369863,0.0352149291739459
5,3.1972602739726037,0.03756697682623161
6,4.079452054794522,0.040629940265612584
7,4.424657534246577,0.04241093392886024
8,4.693150684931507,0.041765192502999225
9,5.345205479452055,0.04514044048121425
10,5.728767123287669,0.04676628689567848
11,5.863013698630137,0.04720838419686934
12,6.419178082191781,0.048421858251141175
13,9.506849315068491,0.0540055107570059
14,9.89041095890411,0.053761123839351735
15,10.849315068493151,0.056298163941174664
16,14.512328767123284,0.05947151364767241
17,16.027397260273972,0.061585126939508475
18,18.904109589041095,0.06489450527664004
