,maturity,rates
0,0.07671232876712329,0.07677499321732249
1,0.13424657534246576,0.0014716647681451039
2,0.2876712328767123,0.003964017507496028
3,0.8630136986301371,0.010506940558330326
4,1.3232876712328767,0.015180162375583962
5,2.2054794520547945,0.021701539233252968
6,2.5506849315068494,0.023832354855580672
7,2.8191780821917813,0.019494182639501808
8,2.8767123287671232,0.026125404784041018
9,3.4712328767123286,0.029369011601653817
10,3.854794520547945,0.031133325712376713
11,3.989041095890411,0.02807343487845865
12,4.468493150684932,0.0320899141675335
13,4.545205479452054,0.0337522460248485
14,5.082191780821918,0.036070555006559236
15,5.715068493150685,0.03793609414433937
16,6.558904109589043,0.02329790311905429
17,7.632876712328768,0.04313385925196332
18,8.016438356164384,0.043458620955388085
19,8.975342465753425,0.043033905745938385
20,10.317808219178081,0.04928857391015247
21,12.638356164383561,0.05126030175272204
22,14.153424657534249,0.0533830917610769
23,15.284931506849315,0.05523707398861856
24,17.03013698630137,0.05611625189379372
