,maturity,rates
1,0.9616438356164384,0.010556624415747612
2,1.8438356164383565,0.017171416120110843
3,2.1890410958904107,0.019455999298110538
4,2.4575342465753423,0.015068644842880704
5,2.515068493150685,0.021053606359332136
6,3.1095890410958904,0.024169170244925774
7,3.493150684931507,0.02572639722816442
8,3.627397260273973,0.0267438632944458
9,4.1068493150684935,0.02732594510563116
10,4.183561643835616,0.029088257869171626
11,4.720547945205479,0.031100697685631812
12,5.104109589041096,0.032364871836627014
13,5.353424657534247,0.03319759043208115
14,6.197260273972603,0.02098088163061964
15,6.427397260273973,0.0365246990741371
16,7.271232876712331,0.03785616188289216
17,7.328767123287673,0.03833532011805661
18,7.654794520547945,0.03863315987353021
19,8.613698630136986,0.040751311086520865
20,9.956164383561644,0.04343405955858656
21,10.838356164383562,0.04459779734776256
22,12.276712328767125,0.045799803116499976
23,13.791780821917806,0.04820642823493102
24,14.923287671232874,0.04967575276013006
25,16.668493150684927,0.053228996621049456
