,maturity,rates
1,1.5315068493150683,0.012582489677533695
2,1.8767123287671232,0.015065028548205694
3,2.1452054794520548,0.01093790516939048
4,2.202739726027397,0.016962625371799378
5,2.797260273972603,0.019828544834131632
6,3.1808219178082187,0.021360224017531116
7,3.315068493150685,0.022156910921362863
8,3.7945205479452055,0.021462658969048948
9,3.871232876712329,0.024346801102860475
10,4.4082191780821915,0.026546124748288772
11,4.791780821917809,0.02736529452412465
12,5.04109589041096,0.028053075882122743
13,6.115068493150685,0.031068033769163436
14,6.958904109589041,0.032994531782723345
15,7.016438356164382,0.032592350676686116
16,7.342465753424658,0.03362649871946466
17,8.301369863013699,0.03576301364091228
18,9.643835616438356,0.038048042344688615
19,10.526027397260274,0.03926750039558833
20,11.964383561643837,0.04141811505534389
21,13.47945205479452,0.04345356515782888
22,14.610958904109587,0.044970375388691364
23,16.356164383561644,0.04730842683586881
24,19.46301369863014,0.048070601650789635
