,maturity,rates
1,0.21095890410958906,0.002930500962231884
2,0.2684931506849315,0.0015139366538674509
3,0.4219178082191781,0.0057566359865960995
4,0.9972602739726028,0.006705180670696123
5,1.4575342465753425,0.017052733807293417
6,2.33972602739726,0.02365008995829517
7,2.684931506849315,0.026224039357579627
8,2.9534246575342467,0.021491837527465567
9,3.010958904109589,0.028214315790552117
10,3.6054794520547935,0.030871954714703564
11,3.989041095890411,0.029172709884722176
12,4.123287671232877,0.03374662257268145
13,4.602739726027396,0.03470634249645524
14,4.67945205479452,0.03596020892999404
15,5.2164383561643834,0.0387679224880562
16,5.849315068493151,0.040659966544907666
17,7.767123287671232,0.045643116602941264
18,8.150684931506849,0.046152858843438734
19,9.10958904109589,0.04850531592675042
20,10.452054794520548,0.05181112067718823
21,12.772602739726029,0.05360430019546527
22,14.287671232876713,0.05573521522437019
23,15.41917808219178,0.057194406316139125
24,17.164383561643838,0.058381611962273164
