,maturity,rates
1,0.8383561643835616,0.008456893179625403
2,1.7205479452054795,0.015032050020393576
3,2.0657534246575344,0.017209428209753883
4,2.334246575342466,0.012898892106892256
5,2.3917808219178083,0.019240496038313286
6,2.9863013698630136,0.022192193349969257
7,3.3698630136986303,0.023878484402609017
8,3.504109589041096,0.02404526553818706
9,3.9835616438356163,0.024777390239934662
10,4.06027397260274,0.026390098874523375
11,4.597260273972604,0.028442165111018613
12,4.9808219178082185,0.029741846993932425
13,5.23013698630137,0.0303665090856651
14,6.304109589041097,0.03344130783696248
15,7.147945205479453,0.03499858417769937
16,7.205479452054795,0.035206138663638295
17,7.531506849315067,0.035393668215251174
18,8.490410958904107,0.037410205576148166
19,9.832876712328767,0.040265924687437386
20,10.715068493150683,0.04147261334363141
21,12.153424657534249,0.0428807494441068
22,13.668493150684931,0.04532750072643027
23,14.8,0.04685366768862135
24,16.545205479452054,0.04975135944136273
25,19.65205479452055,0.050400341320623585
