,maturity,rates
1,1.2986301369863014,0.0153369036737773
2,1.7589041095890412,0.02013812286019949
3,2.6410958904109587,0.026308907791170528
4,2.9863013698630136,0.02891637552308001
5,3.2547945205479447,0.023822781394825226
6,3.3123287671232875,0.030894898802606006
7,3.906849315068493,0.03368666176458894
8,4.2904109589041095,0.035566076519828585
9,4.424657534246577,0.0363744911269405
10,4.904109589041097,0.03759959753406802
11,4.9808219178082185,0.038873803493729465
12,5.5178082191780815,0.04047367424382136
13,6.1506849315068495,0.04256983463450967
14,8.068493150684931,0.047185697493784866
15,8.452054794520548,0.04820249682781378
16,9.41095890410959,0.050478286640998266
17,10.753424657534246,0.05308240925342339
18,13.073972602739724,0.05462117084825504
19,14.58904109589041,0.056601231525514877
20,15.720547945205483,0.0582661371900855
21,17.465753424657535,0.05748423746946176
