,maturity,rates
0,0.07671232876712329,0.07868182627123556
1,0.3452054794520548,0.03003994763382734
2,0.4027397260273973,0.03363341737749255
3,0.8630136986301371,0.04927812201524902
4,0.978082191780822,0.05145302977299328
5,1.4958904109589042,0.041153096591352085
6,1.8027397260273967,0.06093361140276225
7,2.032876712328767,0.06069831247023238
8,2.0328777123287667,0.06473793379674538
9,2.742465753424657,0.06980608978733284
10,2.8958904109589043,0.07045397103656778
11,3.5287671232876714,0.07224472010367733
12,3.6465753424657534,0.07291123653416358
13,4.813698630136988,0.07574531129296641
14,5.389041095890411,0.07629320883148075
15,5.849315068493151,0.07628729821879322
16,6.7315068493150685,0.0780093428317392
17,7.345205479452055,0.08204836819432174
18,7.997260273972603,0.07992447785941831
19,8.515068493150684,0.0793717069633965
20,9.071232876712331,0.07977060173806293
21,12.542465753424661,0.08256403979013999
22,13.501369863013695,0.08344261976165154
23,21.556164383561644,0.08365452023426813
