,maturity,rates
0,0.0958904109589041,0.058496829891531564
1,0.978082191780822,0.007090296915390536
2,1.3232876712328767,0.00912361706219794
3,1.5917808219178082,0.008293643243933032
4,1.6493150684931508,0.010868430018622907
5,2.243835616438356,0.013505964318202692
6,2.627397260273973,0.01504150610735291
7,2.7616438356164386,0.01571337535359081
8,3.2410958904109592,0.015983224438491858
9,3.3178082191780818,0.017864392863338976
10,3.4520547945205484,0.018452224824237515
11,3.854794520547945,0.019732003616235852
12,4.238356164383561,0.020829898103553717
13,4.487671232876712,0.018514207325212462
14,5.331506849315068,-0.0035461161317354188
15,5.561643835616438,0.02434773615566286
16,6.2547945205479465,0.06447842272004843
17,6.405479452054794,0.0266014803515298
18,6.463013698630138,0.02669451898298886
19,6.789041095890411,0.02695920582559686
20,7.46027397260274,0.029836366506996313
21,7.747945205479453,0.029195201931243236
22,9.090410958904108,0.03184693978978382
23,9.37808219178082,0.0218732074642278
24,9.972602739726025,0.03054401249528095
25,11.41095890410959,0.0352013323540589
26,12.926027397260276,0.036957451571641035
27,14.057534246575342,0.03819117218304418
28,15.802739726027394,0.04041447098685458
29,18.90958904109589,0.04194837811185838
