,maturity,rates
1,0.2931506849315069,0.007748169739700474
2,0.9260273972602739,0.0192866732203418
3,1.0438356164383562,0.020466885555548632
4,1.4438356164383561,0.020302579168241488
5,1.8657534246575345,0.024501290874218443
6,2.0,0.02964540740522108
7,2.0575342465753423,0.02036339327552362
8,2.2109589041095887,0.03220680659508236
9,2.7863013698630144,0.03608592478557554
10,3.246575342465753,0.038749906382824786
11,4.1287671232876715,0.04252426067118654
12,4.473972602739726,0.04476665965109584
13,4.742465753424658,0.04256357491442146
14,5.394520547945207,0.046912729705487946
15,5.778082191780823,0.0492705046241452
16,5.912328767123287,0.04966876387355552
17,6.391780821917808,0.05159070346990477
18,6.468493150684933,0.0506429995279069
19,9.556164383561645,0.055964066543361904
20,9.93972602739726,0.05540061355126319
21,10.898630136986306,0.058219276881786776
22,14.561643835616438,0.0614560093782091
23,18.953424657534246,0.06615571837500152
