,maturity,rates
1,0.7506849315068493,0.014600590566769043
2,0.8684931506849315,0.01623693166345427
3,1.2684931506849315,0.014569041125052709
4,1.326027397260274,0.019209907258413463
5,1.6904109589041096,0.018138526058239682
6,1.824657534246576,0.026329240011556083
7,1.8821917808219173,0.023576447308918145
8,2.0356164383561643,0.028222076896226238
9,2.6109589041095886,0.032390476492345936
10,3.0712328767123287,0.03467190098802305
11,3.953424657534247,0.03842413660280545
12,4.298630136986302,0.03954171148307959
13,4.567123287671233,0.03858757034871133
14,5.219178082191782,0.04219446736151145
15,5.602739726027397,0.043513797148065206
16,5.736986301369862,0.04388636693717007
17,6.2164383561643834,0.047444125272647145
18,6.293150684931509,0.04580169395702605
19,9.38082191780822,0.05089366534663287
20,9.764383561643836,0.05003916871823684
21,10.723287671232876,0.05293540699609715
22,14.386301369863016,0.05734808418794336
23,15.901369863013699,0.05952609838357183
24,18.778082191780825,0.06260167414904122
