,maturity,rates
0,0.2054794520547945,0.07234749718296425
1,0.473972602739726,0.039279003299761785
2,0.5315068493150685,0.04034555631033551
3,0.9917808219178084,0.05296696356897949
4,1.1068493150684928,0.05523167737888675
5,1.6246575342465754,0.06133756991832545
6,1.9315068493150684,0.06321885950137793
7,2.1616438356164385,0.06443074526176186
8,2.1616448356164386,0.06554204077671613
9,2.871232876712329,0.06798406530361188
10,3.0246575342465762,0.06941273095281959
11,3.6575342465753424,0.07046323952880565
12,3.775342465753425,0.07064014110037632
13,4.232876712328768,0.0541254300288532
14,4.942465753424657,0.0735133811930679
15,5.5178082191780815,0.07337566994331368
16,5.978082191780822,0.0750679847147227
17,6.860273972602742,0.07500693960889704
18,7.473972602739726,0.08183289023886657
19,8.126027397260273,0.07506299649997161
20,8.643835616438357,0.0760542190269457
21,9.2,0.07626708991897327
22,12.67123287671233,0.07990397848222126
23,13.63013698630137,0.07968378518732262
