,maturity,rates
1,0.4575342465753425,0.049862398842080165
2,0.726027397260274,0.05449933952234162
3,0.7835616438356164,0.0563412284678169
4,1.2438356164383562,0.06096776372826866
5,1.3589041095890408,0.06900959545221258
6,1.8767123287671232,0.06712732257955721
7,2.1835616438356165,0.0675992231265803
8,2.4136986301369863,0.07170185130562767
9,3.276712328767123,0.07449279831556456
10,3.9095890410958902,0.07676057353171921
11,4.027397260273974,0.07567188780173724
12,4.427397260273971,0.09088346776691453
13,5.1945205479452055,0.07707844875514558
14,5.769863013698631,0.0788309331984462
15,7.112328767123286,0.0802578679260734
16,7.726027397260274,0.08151739080794088
17,8.378082191780821,0.08102283126440578
18,8.895890410958904,0.08210246158520232
19,9.452054794520548,0.0822714067903241
20,12.923287671232874,0.08272523415316957
21,13.882191780821914,0.08566434822207157
