,maturity,rates
0,0.2328767123287671,0.06760261286789873
1,0.5013698630136987,0.04293226807332811
2,0.5589041095890411,0.045198998220416266
3,1.0191780821917809,0.05553371930116705
4,1.1342465753424658,0.05526466291141874
5,1.652054794520548,0.06333694802012027
6,2.1890410958904107,0.06661764143296922
7,2.189042095890411,0.06759408918727555
8,2.8986301369863017,0.06960872267582603
9,3.0520547945205485,0.07172960190093705
10,3.684931506849315,0.07216155517038184
11,3.8027397260273967,0.07199956819227557
12,4.96986301369863,0.07541444831769924
13,5.545205479452053,0.07589670479269801
14,6.887671232876714,0.07832650639284085
15,7.501369863013696,0.08196397645921713
16,8.153424657534247,0.07881792239274246
17,8.671232876712331,0.07953179629364839
18,9.227397260273973,0.08065318812278909
20,12.698630136986301,0.06399466162098365
21,13.657534246575349,0.0679970260034746
