,maturity,rates
1,1.021917808219178,0.027603489064018782
2,1.1753424657534246,0.03041201036250462
3,1.808219178082192,0.03947321578906962
4,1.9260273972602744,0.040438906264972485
5,2.3835616438356166,0.042398322036703316
6,3.0931506849315067,0.04973633844027233
7,3.6684931506849314,0.05319774013125412
8,4.1287671232876715,0.054658537382124436
9,5.0109589041095886,0.0578082312541976
10,5.3561643835616435,0.060146128167949675
11,5.624657534246575,0.057602919054709815
12,6.2767123287671245,0.06257400872143283
13,6.794520547945205,0.06309803148931714
14,7.273972602739726,0.06556060634778599
15,7.35068493150685,0.06465819228583293
16,10.821917808219178,0.06924481412102827
17,11.780821917808215,0.07023490837016791
18,15.443835616438355,0.07419593687440341
19,19.835616438356173,0.07904109741971273
