,maturity,rates
1,1.4191780821917808,0.010611404958914706
2,1.7643835616438357,0.012726973525637343
3,2.032876712328767,0.009149781899042385
4,2.0904109589041098,0.014286271969976234
5,2.684931506849315,0.017309696191162047
6,3.068493150684932,0.018701226276628943
7,3.202739726027397,0.019552549620424915
8,3.6821917808219182,0.01882600496883496
9,3.7589041095890408,0.021678272077322668
10,4.295890410958904,0.02374548002061864
11,4.67945205479452,0.024701830683817504
12,4.92876712328767,0.02566173453775049
13,6.002739726027397,0.02802805446633637
14,6.846575342465752,0.030046045099436168
15,6.904109589041097,0.030252662990989738
16,7.230136986301369,0.03057670764647879
17,8.189041095890412,0.0327004529074236
18,9.531506849315068,0.0349581094681472
19,10.413698630136986,0.03629909817007975
20,11.852054794520548,0.03814440358496903
21,13.367123287671232,0.04053095939114866
22,14.498630136986305,0.04168639037948438
23,16.243835616438357,0.044666966923679004
24,19.350684931506848,0.04533751613016418
