,maturity,rates
0,0.5972602739726027,0.09078342470771186
1,0.7506849315068493,0.018608472023197355
2,1.3835616438356164,0.027540685085472284
3,1.5013698630136991,0.028246455263393106
4,1.9013698630136984,0.027979464653863462
5,1.9589041095890407,0.03120185026287131
6,2.3232876712328765,0.031781776851396215
7,2.4575342465753423,0.037200448196634914
8,2.6684931506849314,0.03892215932831858
9,3.2438356164383566,0.0417792770631849
10,3.7041095890410958,0.04452769546949596
11,4.586301369863014,0.04831829488920835
12,4.931506849315068,0.04888495343664904
13,5.2,0.0461145329829163
14,5.852054794520547,0.05174679572511502
15,6.36986301369863,0.05265809202543557
16,6.849315068493151,0.053499413236814036
17,6.926027397260274,0.05364402404171378
18,10.013698630136986,0.05762211612528289
19,10.397260273972602,0.058078574828367424
20,11.356164383561644,0.059231708328381864
21,12.986301369863016,0.05260849546111487
22,15.019178082191779,0.06378737857544223
23,19.410958904109584,0.06766129517556595
