,maturity,rates
1,0.3780821917808219,0.005079673132683507
2,0.4356164383561644,0.004755900422067517
3,0.589041095890411,0.007536106733370827
4,1.1643835616438356,0.013651708282205414
5,1.6246575342465754,0.018275407837431583
6,2.5068493150684934,0.02494799970073492
7,2.8520547945205488,0.027908088912640724
8,3.1205479452054794,0.02311289203310796
9,3.1780821917808217,0.029696984271441587
10,3.7726027397260284,0.03284381153724708
11,4.156164383561643,0.034768894220541705
12,4.2904109589041095,0.0353200059914096
13,4.76986301369863,0.0368908707126851
14,4.846575342465753,0.03744029179526782
15,5.383561643835616,0.04008577578383687
16,6.016438356164382,0.041847007728730526
17,7.934246575342466,0.0477087187383114
18,8.317808219178081,0.0481356091421733
19,9.276712328767124,0.050367106087861636
20,10.61917808219178,0.052603382207210114
21,12.93972602739726,0.05538784944650695
22,14.454794520547946,0.0571687118973231
23,15.586301369863017,0.0581752059136153
24,17.331506849315073,0.05899859292495565
