,maturity,rates
1,0.4575342465753425,0.04246672017661853
2,0.9753424657534246,0.06737405409311277
3,1.5123287671232877,0.08455342810053237
4,2.221917808219178,0.09382853126243636
5,2.3753424657534246,0.09925620579485107
6,3.008219178082192,0.10317908324773636
7,3.1260273972602737,0.10523878326573204
8,4.293150684931507,0.11141055457188133
9,4.868493150684932,0.11303128755768085
10,6.210958904109589,0.11563257690917188
11,7.476712328767122,0.11703234798881673
12,7.994520547945205,0.12040275065313172
13,12.02191780821918,0.11188524713238092
14,12.980821917808221,0.1135726643435882
15,21.035616438356165,0.10490789271105552
