,maturity,rates
0,0.09315068493150687,0.06741712279197393
1,0.1506849315068493,0.0019091114606252183
2,0.5150684931506849,0.0034217320802428747
3,0.6493150684931507,0.007956726761363272
4,0.7068493150684931,0.00864484064422782
5,0.8602739726027397,0.010383834140221464
6,1.4356164383561645,0.015726123592677957
7,1.895890410958904,0.019479271120915333
8,2.778082191780822,0.024929890231473618
9,3.1232876712328768,0.026504444099320068
10,3.3917808219178083,0.02312635275451426
11,3.4493150684931506,0.029047159458991337
12,4.043835616438357,0.03080450956299877
13,4.427397260273971,0.033056385661806284
14,4.561643835616438,0.03333880394595652
15,5.04109589041096,0.0338751854778265
16,5.117808219178082,0.03497018612201462
17,5.654794520547945,0.03739464227899966
18,6.287671232876713,0.03883100556195149
19,8.205479452054794,0.04341521441924151
20,8.58904109589041,0.04369551702136451
21,9.547945205479452,0.04563613375534002
22,10.89041095890411,0.04900081094834273
23,13.210958904109587,0.05038991933459129
24,14.726027397260275,0.052290292839131565
25,15.857534246575346,0.05418124469939388
26,17.602739726027398,0.05472241535780748
