,maturity,rates
0,0.5698630136986301,0.0730223393427986
1,3.753424657534248,0.07235438064615296
2,12.767123287671232,0.08864815323443488
3,13.726027397260275,0.08984063141128094
4,21.78082191780822,0.08528775595034642
