,maturity,rates
0,0.20821917808219176,0.1314000793618008
1,0.3232876712328767,0.02611118947004029
2,0.8410958904109589,0.04906027635093279
3,1.378082191780822,0.05200532853354816
4,1.3780831917808218,0.06540575488134791
5,2.0876712328767124,0.07613629953819957
6,2.2410958904109592,0.07857649367898688
7,2.8739726027397263,0.08576679321880358
8,2.9917808219178084,0.0764233321798839
9,3.4493150684931506,0.08861293776686957
10,3.813698630136986,0.09768307619134524
11,5.1945205479452055,0.0998036472682758
12,6.076712328767122,0.1008720898431601
13,6.69041095890411,0.09865696461695224
14,7.860273972602742,0.1051984012752052
15,8.33972602739726,0.1077645485612751
16,8.416438356164383,0.10482003484208842
17,10.43013698630137,0.10313539525489372
18,11.887671232876713,0.10733122977932624
19,12.846575342465751,0.10896926074856828
