,maturity,rates
1,1.3452054794520547,0.058203354234126335
2,1.9780821917808216,0.06153605062251177
3,2.515068493150685,0.06467287983468008
4,3.2246575342465755,0.06790305231893115
5,3.378082191780821,0.06801387315011971
6,4.0109589041095886,0.06891437155972259
7,4.1287671232876715,0.07047966889371048
8,5.295890410958903,0.07336076331716346
9,5.8712328767123285,0.07411316989643854
10,6.331506849315067,0.07574836755055314
11,7.213698630136986,0.07639060095832177
12,7.827397260273972,0.07649977422237382
13,8.479452054794521,0.07811257191148213
14,8.997260273972604,0.07864114256464885
15,9.553424657534247,0.07942186778448775
16,13.024657534246574,0.08041913315924573
17,13.983561643835616,0.08218655163343605
18,22.038356164383558,0.08127763976495611
