,maturity,rates
0,0.2821917808219178,0.09556843563071384
1,0.9150684931506852,0.08743153429240938
2,1.0328767123287672,0.08649251529428287
3,2.2,0.08264287090540985
4,2.7753424657534245,0.08162503756072394
5,3.2356164383561645,0.08130561852464918
6,4.117808219178082,0.08030582487030768
7,4.463013698630137,0.08073782458787776
8,4.7315068493150685,0.0765560989100155
9,5.383561643835616,0.07971879571607232
10,5.767123287671232,0.08086440352863286
11,5.9013698630136995,0.0805668788690257
12,6.380821917808219,0.0818891215136291
13,6.457534246575342,0.07950688603139079
14,9.545205479452054,0.08037928027694374
15,9.928767123287669,0.0785688117452961
16,10.887671232876713,0.07997372161536777
17,14.550684931506849,0.08106616243663721
18,18.942465753424656,0.08320640221673337
