,maturity,rates
1,1.3068493150684932,0.038139907060740136
2,1.4602739726027398,0.041462147170786126
3,2.0931506849315067,0.04860758044530144
4,2.2109589041095887,0.04934381973980269
5,2.6684931506849314,0.05138821175121087
6,3.378082191780821,0.05758772500327228
7,3.953424657534247,0.06060399147268205
8,4.413698630136986,0.06286109105765374
9,5.295890410958903,0.0657907341246729
10,5.9095890410958924,0.0653113732806821
11,6.5616438356164375,0.06826651434813857
12,7.0794520547945226,0.06981890988936701
13,7.558904109589043,0.07057911034346771
14,7.6356164383561635,0.07090352089026633
15,11.106849315068493,0.07378573300512951
16,12.065753424657535,0.07499805690503893
17,20.12054794520548,0.08073933979716623
