,maturity,rates
0,0.3780821917808219,0.06245551964293125
1,0.6465753424657534,0.047694311572721096
2,0.7041095890410959,0.045300935712298915
3,1.1643835616438356,0.05970705796323012
4,1.7972602739726031,0.06675169855486071
5,2.334246575342466,0.06486234136985977
6,2.334247575342466,0.06898692513465703
7,3.0438356164383564,0.07180913692594691
8,3.1972602739726037,0.0722942604660528
9,3.8301369863013695,0.07400540443238274
10,3.947945205479452,0.07489803741875649
11,5.115068493150685,0.07804673723297874
12,5.69041095890411,0.07766759276908378
13,6.1506849315068495,0.0792916009468478
14,7.032876712328767,0.08070409085190748
15,7.646575342465752,0.0888555457388275
16,8.298630136986299,0.08208957359054989
17,8.816438356164383,0.08144243029266363
18,9.295890410958904,0.08931303203037355
19,9.372602739726027,0.08280100353939482
20,12.843835616438355,0.08363284978660382
21,13.802739726027394,0.08406696802397637
22,21.85753424657534,0.09070589491025392
