,maturity,rates
1,1.2520547945205478,0.037062485408237485
2,1.4054794520547946,0.04060414623494424
3,2.0383561643835617,0.04933988252397285
4,2.1561643835616437,0.050084443642934025
5,2.6136986301369864,0.052427592146923635
6,3.3232876712328765,0.061259246815069286
7,3.8986301369863017,0.0650344364177137
8,4.358904109589041,0.06728546862253304
9,5.241095890410959,0.07015851673266611
10,6.506849315068492,0.07379574010546235
11,7.024657534246575,0.07489973361308247
12,7.580821917808219,0.07647696675636705
13,11.052054794520547,0.08076416791595795
14,12.01095890410959,0.0823238424363357
15,20.06575342465753,0.0824516127637438
