,maturity,rates
1,1.2328767123287672,0.007095179761715977
2,1.5013698630136991,0.006376398045579539
3,1.5589041095890408,0.008537956249871042
4,2.1534246575342464,0.010908160563372987
5,2.536986301369863,0.012192588130378736
6,2.671232876712329,0.012687164046630851
7,3.150684931506848,0.013436512420736721
8,3.2273972602739724,0.0147231948085392
9,3.3616438356164378,0.0153472214338507
10,3.7643835616438364,0.01644330674073241
11,4.147945205479451,0.01731768204263462
12,4.397260273972603,0.01803098171086304
13,5.471232876712329,0.020873634157066657
14,6.315068493150685,0.022128277811619874
15,6.372602739726028,0.022333606771078776
16,6.698630136986301,0.022658824674972686
17,7.36986301369863,0.025045142948691024
18,7.657534246575342,0.02499214246020293
19,9.0,0.02762565737060313
20,9.882191780821918,0.02878481688876706
21,11.320547945205481,0.030838987434774544
22,12.835616438356164,0.033006914852418016
23,13.967123287671232,0.03404173236635194
24,15.156164383561645,0.03583320431378972
25,15.712328767123287,0.03644935629263527
26,18.819178082191783,0.037941786708440194
