,maturity,rates
1,0.40821917808219177,0.007116280080696718
2,0.8082191780821918,0.012977196439473392
3,0.8657534246575342,0.010427306356579392
4,1.2301369863013698,0.01297372224350762
5,1.3643835616438356,0.01839483286179517
6,1.4219178082191783,0.014287054705148943
7,1.5753424657534247,0.020108858706813882
8,2.150684931506849,0.02446834586904598
9,2.6109589041095886,0.02758691550025636
10,3.493150684931507,0.03188233729786951
11,3.8383561643835615,0.03383252016610186
12,4.1068493150684935,0.03092911630213112
13,4.758904109589041,0.036641057020157165
14,5.142465753424657,0.03814273394581026
15,5.276712328767124,0.03868357324533261
16,5.756164383561642,0.041276447138488825
17,5.832876712328768,0.04024700634579342
18,7.002739726027397,0.04343298377816707
19,8.920547945205481,0.047431378037759514
20,9.304109589041095,0.04750546823000595
21,10.263013698630136,0.049333075217940114
22,13.926027397260276,0.05350624098211057
23,15.441095890410958,0.05651134657250365
24,18.317808219178087,0.059016734965655675
