,maturity,rates
0,0.2657534246575343,0.09154894913474522
1,0.4958904109589041,0.017890395593951596
2,0.4958914109589041,0.017558367358993077
3,1.2054794520547945,0.03422524263675994
4,1.3589041095890408,0.036970120484274165
5,1.9917808219178081,0.04606072410643744
6,2.1095890410958904,0.0469323571097424
7,2.5095890410958903,0.04760646960151293
8,2.5671232876712327,0.04903470032100137
9,3.0657534246575344,0.05526756069796773
10,3.276712328767123,0.05766895829556193
11,3.8520547945205488,0.06107760281831984
12,4.3123287671232875,0.06238261391546333
13,5.1945205479452055,0.06664990631288682
14,5.53972602739726,0.06785555575149091
15,5.808219178082192,0.06505081119137691
16,6.4602739726027405,0.07077835681530427
17,6.978082191780822,0.07242518201498163
18,7.457534246575342,0.07141848498171678
19,7.534246575342466,0.07315419274655327
20,11.005479452054796,0.0768609490613353
21,11.964383561643837,0.07857955752635988
22,13.594520547945207,0.08639497468154267
23,20.019178082191786,0.0837546269584768
