,maturity,rates
0,0.12876712328767126,0.09899481303973247
1,0.3589041095890411,0.013473680596425492
2,0.3589051095890411,0.01281909131989907
3,1.0684931506849316,0.02900791536642121
4,1.2219178082191782,0.031274630770946804
5,1.8547945205479448,0.03973353297780223
6,1.9726027397260275,0.040989939193950435
7,2.928767123287672,0.048767023864484574
8,2.9863013698630136,0.04392353530945197
9,3.1397260273972605,0.04985418868074951
10,3.7150684931506848,0.05328492952928692
11,4.175342465753425,0.05490321505682241
12,5.057534246575343,0.057927335222166774
13,5.402739726027397,0.0603441528938927
14,5.671232876712327,0.05878021287270858
15,6.323287671232878,0.062498606056700226
16,6.8410958904109584,0.06367882225318347
17,7.397260273972603,0.06512204535839156
18,10.868493150684932,0.06919516063129971
19,11.82739726027397,0.07022620197303689
20,15.490410958904107,0.07309514969500366
21,19.882191780821927,0.0780270693718505
