,maturity,rates
1,1.167123287671233,0.012738683572214877
2,1.7424657534246577,0.017243538957550538
3,2.202739726027397,0.020531927042326432
4,3.084931506849315,0.025118370326221325
5,3.4301369863013704,0.02701308371600103
6,3.6986301369863015,0.02398728416500044
7,3.7561643835616434,0.028384249244357337
8,4.3506849315068505,0.03021397675173908
9,4.734246575342466,0.03151581469594505
10,4.868493150684932,0.032157632236203285
11,5.347945205479452,0.03246515644577097
12,5.424657534246576,0.03402836983428724
13,5.961643835616439,0.036354494452867564
14,6.594520547945206,0.03757817163523718
15,8.512328767123286,0.04161527516230877
16,8.895890410958904,0.04218568426603669
17,9.854794520547943,0.044372288969210964
18,11.197260273972605,0.04685106936335502
19,13.517808219178082,0.04903908000346918
20,15.032876712328768,0.0513335076282541
21,16.164383561643838,0.052965546694754256
22,17.90958904109589,0.05337174842305956
