,maturity,rates
1,1.2438356164383562,0.013821975539673416
2,2.126027397260274,0.02045476255883848
3,2.4712328767123286,0.02332213344758307
4,2.73972602739726,0.0188731606806174
5,2.797260273972603,0.025080613441170397
6,3.3917808219178083,0.028720687360145044
7,3.775342465753425,0.030329643250812343
8,3.9095890410958902,0.03143632624769749
9,4.389041095890411,0.031189376092144137
10,4.465753424657534,0.03382317491423634
11,5.0027397260273965,0.03558136178184298
12,5.635616438356164,0.0375537737748612
13,7.553424657534246,0.04188028629658312
14,7.610958904109589,0.04272007525694922
15,7.9369863013698625,0.04321094677916917
16,8.895890410958904,0.04553327556609231
17,10.238356164383562,0.04968917533782946
18,12.558904109589042,0.05053383383564345
19,14.073972602739724,0.05254419653542837
20,15.205479452054794,0.054662898739274594
21,16.95068493150685,0.056361629704627436
