,maturity,rates
1,0.9945205479452056,0.026842214086499488
2,1.6273972602739726,0.03568139369189816
3,1.7452054794520548,0.036445636491054915
4,2.912328767123288,0.046614128029648906
5,3.4876712328767123,0.04979813412843166
6,3.947945205479452,0.051626799501132525
7,4.83013698630137,0.054167616410709024
8,5.175342465753425,0.05576408865694413
9,5.443835616438356,0.05417923064003604
10,6.095890410958903,0.05791773006082685
11,6.613698630136986,0.05889344198944992
12,7.16986301369863,0.05964258380417494
13,10.641095890410961,0.06370584518139921
14,11.6,0.06525183376088663
15,15.263013698630138,0.0684314902899785
16,19.654794520547945,0.07265817855613478
