,maturity,rates
1,1.1506849315068493,0.00786424147610699
2,1.4958904109589042,0.0052757679553137975
3,1.7643835616438357,0.006325612417164854
4,1.8219178082191785,0.011599438518441807
5,2.416438356164384,0.014248071067203268
6,2.8,0.015756359142008926
7,2.9342465753424656,0.01642321180850285
8,3.4136986301369863,0.016769743670742687
9,3.4904109589041097,0.0148530545874155
10,4.027397260273974,0.0199806524369111
11,4.410958904109589,0.02122405935548909
12,4.660273972602742,0.021771131319457352
13,5.734246575342466,0.024350122829693423
14,6.578082191780823,0.02611003850911227
15,6.635616438356164,0.0261403296161396
16,6.961643835616439,0.026846321274227824
17,7.632876712328768,0.028699342884399938
18,7.9205479452054774,0.028949829587317826
19,9.263013698630136,0.030867729429263482
20,10.145205479452057,0.032180816065381965
21,11.583561643835615,0.03379213516082249
22,13.098630136986301,0.0361163187254289
23,14.23013698630137,0.037628226153514514
24,15.975342465753426,0.0408560773937247
25,19.082191780821926,0.04093820681454282
