,maturity,rates
1,0.4273972602739726,0.010199089954789242
2,1.0602739726027397,0.020846662889792728
3,1.178082191780822,0.02124382229678577
4,1.6356164383561644,0.0231958725937633
5,2.345205479452055,0.03305485487416878
6,2.9205479452054797,0.0371293555382322
7,3.38082191780822,0.03984703023464572
8,4.263013698630137,0.043223708926026
9,4.608219178082192,0.043939223857698405
10,4.876712328767123,0.042277086851405535
11,5.528767123287671,0.046862884800772484
12,6.0465753424657525,0.04886663445272565
13,6.526027397260274,0.050137820597539975
14,6.602739726027397,0.0507075180362253
15,9.69041095890411,0.0566578559941232
16,10.073972602739726,0.05609924464913599
17,11.032876712328768,0.05799512865053149
18,14.695890410958905,0.06262045855994558
19,19.087671232876712,0.06630185035696869
