,maturity,rates
1,0.821917808219178,0.008176758365572965
2,1.704109589041096,0.01481357629631816
3,2.0493150684931507,0.016869199152657676
4,2.317808219178082,0.01289608323641737
5,2.3753424657534246,0.019114782531018903
6,2.96986301369863,0.022141414837953063
7,3.3534246575342466,0.02376044622413787
8,3.4876712328767123,0.024702541989588937
9,4.043835616438357,0.026433723885871292
10,4.580821917808219,0.02845981561000845
11,4.964383561643834,0.03000335920943498
12,5.213698630136986,0.03049334358185494
13,6.287671232876713,0.033486865723759716
14,7.131506849315069,0.035047224574756335
15,7.189041095890411,0.035234242284353824
16,7.515068493150685,0.035515218994365015
17,8.473972602739726,0.03810745225368284
18,9.816438356164383,0.04070892376465406
19,10.698630136986301,0.04175358852788338
20,12.136986301369864,0.043121220418306856
21,13.652054794520547,0.04577874317840512
22,14.783561643835617,0.04718617913078641
23,16.528767123287672,0.049887623456948256
24,19.635616438356163,0.05060397024345482
