,maturity,rates
0,0.6465753424657534,0.09193784180415916
1,0.8,0.02008654604563341
2,1.4328767123287671,0.029600048347492462
3,1.5506849315068494,0.03035128284452293
4,2.008219178082192,0.033186229832974354
5,2.3726027397260268,0.033602519347676184
6,2.5068493150684934,0.03929063930276348
7,2.5643835616438357,0.031892628545652696
8,2.7178082191780817,0.04120284952519927
9,3.2931506849315078,0.0449744620965658
10,3.753424657534248,0.04683460058825397
11,4.635616438356164,0.04932194455086728
12,4.9808219178082185,0.051371295289415884
13,5.249315068493153,0.048402793034674436
14,5.9013698630137,0.05356101234274527
15,6.419178082191781,0.05445375477306269
16,6.898630136986301,0.055392983676254885
17,6.9753424657534255,0.05550714458101488
18,10.063013698630137,0.0591885795611897
19,10.446575342465753,0.05939748620269845
20,11.405479452054793,0.06116512808803599
21,13.035616438356163,0.05432319631045976
22,15.068493150684931,0.06524201652647954
23,19.46027397260274,0.0697343579369791
