,maturity,rates
0,0.273972602739726,0.054993583805327116
1,0.40821917808219177,0.005483521028774664
2,0.4657534246575342,0.0046132290307436
3,0.6191780821917808,0.00775487390226555
4,1.1945205479452057,0.013577501626866837
5,1.6547945205479453,0.018138011900112883
6,2.536986301369863,0.0245562688206094
7,2.8821917808219184,0.02726656497569711
8,3.150684931506848,0.022436017675120587
9,3.208219178082192,0.029174704816977294
10,3.8027397260273967,0.032249525205247785
11,4.186301369863013,0.03384022875137866
12,4.32054794520548,0.034307809351949985
13,4.8,0.03532735737278408
14,4.876712328767123,0.03683259122796907
15,5.413698630136985,0.0389669058113723
16,6.0465753424657525,0.04072195265776815
17,6.890410958904107,0.0256663053933005
18,7.813698630136987,0.06169624918539675
19,7.964383561643835,0.046503576995301686
20,8.347945205479451,0.04685649399385132
21,9.306849315068494,0.04899458555097348
22,10.64931506849315,0.05103218044757945
23,12.96986301369863,0.05369773228948035
24,14.484931506849316,0.055389379827027664
25,15.616438356164384,0.056359046041095075
26,17.361643835616437,0.060937763565622464
