,maturity,rates
1,0.4054794520547945,0.03421444652976518
2,0.46301369863013697,0.03713043963741167
3,0.9232876712328768,0.04924385175897337
4,1.0383561643835617,0.05172269331959994
5,1.8630136986301369,0.05869065774780829
6,2.0931506849315067,0.061119444679620376
7,2.093151684931507,0.06282948933891715
8,2.8027397260273967,0.06710332219342886
9,2.956164383561644,0.06772669101956419
10,3.589041095890411,0.06951396724683516
11,3.7068493150684927,0.06905610165096096
12,4.1068493150684935,0.06711253517913393
13,4.873972602739726,0.07168905915816569
14,7.405479452054794,0.07568564135855725
15,8.057534246575342,0.07539663803510377
16,8.575342465753424,0.07458328048150076
17,9.131506849315068,0.07552709602310002
18,12.602739726027398,0.07908315893499188
19,13.561643835616438,0.07980266022113712
