,maturity,rates
1,1.0027397260273974,0.010560654421817924
2,1.8849315068493149,0.017621685176683995
3,2.2301369863013702,0.0198238560494113
4,2.4986301369863013,0.015268513969427584
5,2.556164383561644,0.02187971334118449
6,3.150684931506848,0.02513168755142801
7,3.5342465753424657,0.026754632669920456
8,3.6684931506849314,0.027719023541638445
9,4.147945205479451,0.027794691376793086
10,4.224657534246576,0.03000828053530632
11,4.761643835616439,0.03176547114968771
12,5.145205479452055,0.0332966034594614
13,5.394520547945207,0.03404329762884368
14,7.312328767123287,0.03910677174793638
15,7.36986301369863,0.039319776026969816
16,7.695890410958903,0.03957698187928279
17,8.654794520547945,0.04182997475228219
18,9.997260273972604,0.04409847785770842
19,10.87945205479452,0.045387118224032616
20,12.317808219178081,0.0471887205394584
21,13.832876712328767,0.0497544935942989
22,14.964383561643837,0.051014771638297055
23,16.709589041095892,0.05325598780996037
