,maturity,rates
1,1.1945205479452057,0.006791869162934973
2,1.4630136986301367,0.005866268084261204
3,1.5205479452054795,0.008115237120415132
4,2.115068493150685,0.010638865591216115
5,2.4986301369863013,0.011935053609115618
6,2.632876712328767,0.012746890604323805
7,3.1123287671232878,0.013042791939534323
8,3.1890410958904107,0.01468159378375693
9,3.3232876712328765,0.015161145892869416
10,3.7260273972602738,0.01663917338426824
11,4.109589041095891,0.01760806615326375
12,4.358904109589041,0.018525448487186274
13,5.2027397260273975,-0.007992903274927275
14,5.432876712328767,0.02136537523051353
15,6.126027397260274,0.05801026913604796
16,6.2767123287671245,0.022487865749519238
17,6.3342465753424655,0.023028071750245262
18,6.660273972602742,0.02353110303899205
19,7.331506849315067,0.025806296663365803
20,7.619178082191781,0.025702299665514974
21,8.961643835616439,0.02854175225022709
22,9.24931506849315,-0.003933764096835589
23,9.843835616438355,0.02983335003788438
24,11.282191780821915,0.03196441730634219
25,12.797260273972602,0.035089303160016155
26,13.92876712328767,0.035759172493176644
27,15.117808219178086,0.03715045156569241
28,15.673972602739726,0.0381078348851474
29,18.78082191780822,0.03960788950723867
