,maturity,rates
1,0.32602739726027397,0.003963017062887563
2,0.6904109589041096,0.010394065893528148
3,0.8246575342465754,0.009661611807046954
4,0.8821917808219178,0.011458432735812464
5,1.0356164383561643,0.011847623436867028
6,1.610958904109589,0.016460638117480088
7,2.0712328767123287,0.019506559841904345
8,2.9534246575342467,0.024666350036366747
9,3.2986301369863016,0.02613098248278536
10,3.5671232876712327,0.02358814428878305
11,3.6246575342465763,0.027591080441800662
12,4.219178082191782,0.030436522010047488
13,4.602739726027396,0.032115568590820674
14,4.736986301369863,0.03210686351083983
15,5.2164383561643834,0.033213868074450474
16,5.293150684931507,0.0336562816516079
17,5.83013698630137,0.0365948526383838
18,6.463013698630138,0.03801665990517676
19,8.38082191780822,0.04273347290007775
20,8.764383561643836,0.04289087203758686
21,9.723287671232876,0.04430788999114894
22,11.065753424657538,0.046435665621148765
23,13.386301369863016,0.049082693910283706
24,14.901369863013699,0.05200224767046874
25,16.032876712328772,0.0524924499282943
26,17.778082191780825,0.05359904249568352
