,maturity,rates
0,0.06027397260273973,0.09254804521460666
1,0.2904109589041096,0.010990275988196057
2,0.2904119589041096,0.010325031966977406
3,1.0,0.026922881472223898
4,1.1534246575342466,0.029999675231295025
5,1.7863013698630137,0.038865885736682634
6,1.904109589041096,0.03945889976559332
7,2.304109589041096,0.03784161034923728
8,2.8602739726027395,0.047802780193092025
9,3.0712328767123287,0.04919485362211072
10,3.6465753424657534,0.05242282807546264
11,4.1068493150684935,0.05402331151046557
12,4.9890410958904114,0.05723707593797075
13,5.3342465753424655,0.059569527344219386
14,5.602739726027397,0.0559868299564316
15,6.2547945205479465,0.06191744126525981
16,6.772602739726027,0.0631330180972989
17,7.252054794520547,0.06411841988481252
18,7.328767123287673,0.0640266858152659
20,10.8,0.05038059758929178
21,11.758904109589038,0.05441992885650815
22,15.421917808219176,0.05804868067255301
23,19.813698630136987,0.06567277573407747
