,maturity,rates
1,0.7150684931506849,0.04125853016370976
2,0.8301369863013699,0.04330001189713212
3,1.347945205479452,0.053926169107936336
4,1.8849315068493149,0.06479050836116736
5,2.5945205479452054,0.0713414554710658
6,2.7479452054794518,0.07190596397881605
7,3.38082191780822,0.07595825433801495
8,3.4986301369863013,0.07619976074267662
9,4.665753424657535,0.07889611056095484
10,6.583561643835616,0.0830387323588388
11,7.197260273972603,0.0821806196335964
12,7.8493150684931505,0.085084216557652
13,8.367123287671232,0.08422710294303834
14,8.923287671232877,0.08520376707178574
15,12.394520547945206,0.08655861759522253
16,13.353424657534244,0.08770134344981173
17,21.40821917808219,0.08744467360831974
