,maturity,rates
1,0.3205479452054795,0.011823488296738622
2,0.3205489452054795,0.01173108016459342
3,1.03013698630137,0.02796278829571851
4,1.1835616438356165,0.03086974336656737
5,1.8164383561643835,0.0394590779503734
6,1.9342465753424656,0.04088272406552864
7,2.334246575342466,0.0398817206246796
8,2.8904109589041096,0.04833552807329071
9,3.1013698630136988,0.05008488203130308
10,3.676712328767124,0.05336260546406833
11,4.136986301369864,0.05493284087601853
12,5.0191780821917815,0.058169109298340335
13,5.364383561643836,0.060381252018984775
14,5.632876712328768,0.05845061673909852
15,6.284931506849315,0.06243912662429173
16,6.802739726027397,0.0635055728355445
17,7.282191780821918,0.06691748853335068
18,7.358904109589043,0.06499744381506609
19,10.830136986301367,0.06930182895033866
20,11.789041095890413,0.07046158950982306
21,15.452054794520548,0.07462462689571868
22,19.843835616438355,0.07966547719066272
