,maturity,rates
0,0.3041095890410959,0.07905512754106077
1,0.4219178082191781,0.007432059969954656
2,0.821917808219178,0.0127574609023828
3,0.8794520547945206,0.009752024578961776
4,1.378082191780822,0.01856682009283553
5,1.4356164383561645,0.013744243715845738
6,1.5890410958904109,0.020293580987515374
7,2.164383561643836,0.024592039734796498
8,2.6246575342465754,0.02767908290933944
9,3.506849315068493,0.031813329637220826
10,3.8520547945205488,0.0338539482874876
11,4.120547945205479,0.032029703155581915
12,4.772602739726027,0.036969702401530975
13,5.156164383561643,0.038252906821013816
14,5.2904109589041095,0.039154257145539766
15,5.769863013698631,0.04158739615961096
16,5.846575342465752,0.04040001387948036
17,7.016438356164382,0.04340476108573803
18,8.934246575342465,0.047269830985142466
19,9.317808219178081,0.04743469705831034
20,10.276712328767124,0.04928430378926306
21,11.906849315068493,0.04585129487282778
22,13.93972602739726,0.05399072386063595
23,15.454794520547946,0.05698098845558711
24,18.331506849315073,0.05966515983411527
