,maturity,rates
1,0.3397260273972603,0.029896482592755437
2,0.3972602739726027,0.03333288496127205
3,0.8575342465753425,0.05118431038647446
4,0.9726027397260274,0.05028344724077719
5,1.4904109589041097,0.061354168231962186
6,1.7972602739726031,0.06283322391093689
7,2.0273972602739727,0.06152953367910506
8,2.027398260273973,0.06572132072433279
9,2.736986301369863,0.07100445198943993
10,2.8904109589041096,0.07187057587499415
11,3.5232876712328767,0.07397656599511478
12,3.641095890410959,0.07523679161772917
13,4.04109589041096,0.07452961614628112
14,4.808219178082191,0.07868056368473532
15,5.843835616438358,0.07946670937375361
16,6.726027397260274,0.08055361715515218
17,7.991780821917808,0.08241899274541946
18,8.509589041095893,0.08125665493037973
19,9.065753424657537,0.0822358420409602
20,12.536986301369865,0.084907565456759
21,13.495890410958905,0.08436239217727305
22,21.550684931506854,0.08767189460032453
