,maturity,rates
1,1.4219178082191783,0.012562133138173585
2,1.6904109589041096,0.011361392323287298
3,1.747945205479452,0.014809236946238272
4,2.3424657534246576,0.018807852691753103
5,2.7260273972602738,0.020530502057186525
6,2.8602739726027395,0.021365968365951803
7,3.3397260273972598,0.020531567655540917
8,3.416438356164384,0.024047760246109683
9,3.5506849315068494,0.025187613398706198
10,3.953424657534247,0.026815811411624795
11,4.336986301369863,0.028260273174552406
12,4.586301369863014,0.02879337751719865
13,5.660273972602742,0.032238792377485205
14,6.504109589041097,0.0344967238642994
15,6.5616438356164375,0.03464923824902491
16,6.887671232876714,0.035074518891031733
17,7.558904109589043,0.03674409448645198
18,7.846575342465752,0.03811985261186696
19,9.189041095890412,0.040988191401101035
20,10.071232876712331,0.04215141978776458
21,11.509589041095893,0.043573146763653314
22,13.024657534246574,0.04630196014162116
23,14.156164383561645,0.048103740475837285
24,15.901369863013699,0.04962852713845771
25,19.008219178082193,0.05183945648132091
