,maturity,rates
1,0.3068493150684932,0.028060056277783702
2,0.3643835616438356,0.031635175741862816
3,0.8246575342465754,0.049120663089988366
4,0.9397260273972604,0.0516890981288073
5,1.4575342465753425,0.061572758704920565
6,1.7643835616438357,0.06669061327257056
7,1.9945205479452053,0.051053986761946835
8,1.9945215479452048,0.05470833948221601
9,2.7041095890410958,0.07548944136904981
10,2.8575342465753426,0.0769093392240803
11,3.4904109589041097,0.06891898335470761
12,3.6082191780821917,0.07980091391551597
13,4.008219178082192,0.06894240450227157
14,4.7753424657534245,0.0847152244471996
15,5.35068493150685,0.08491886810419716
16,5.810958904109589,0.08432015134011896
17,6.693150684931508,0.08642349572375949
18,7.306849315068492,0.0832029257392142
19,7.958904109589041,0.08719149707573168
20,8.476712328767123,0.08022696542503623
21,9.032876712328768,0.08801860453090299
22,12.504109589041095,0.08822836991881143
23,13.463013698630135,0.08227974039311249
24,21.517808219178075,0.08899374321101072
