,maturity,rates
1,1.1315068493150684,0.01240464780966805
2,2.0136986301369864,0.01926079364618141
3,2.3589041095890413,0.02198853951852076
4,2.627397260273973,0.017433083718080576
5,2.684931506849315,0.023929115691556188
6,3.2794520547945205,0.027296863583699132
7,3.6630136986301367,0.028852725440064557
8,3.797260273972603,0.0296888013858084
9,4.276712328767124,0.03080755212488747
10,4.353424657534247,0.03192805354896119
11,4.890410958904108,0.03430553511900302
12,5.273972602739726,0.035841845187626495
13,5.523287671232877,0.035841030128711565
14,7.441095890410957,0.04113623522482434
15,7.498630136986303,0.04133941887197237
16,7.824657534246574,0.04135577537009127
17,8.783561643835617,0.04412444201613228
18,10.126027397260273,0.046988463662690716
19,12.446575342465751,0.0496116461916297
20,13.961643835616439,0.04867657432299394
21,15.093150684931507,0.05376780788193952
22,16.838356164383562,0.055602698790778456
