,maturity,rates
1,1.0493150684931507,0.02695550681029092
2,1.6821917808219178,0.036281937624658485
3,1.8,0.03725331834319295
4,2.2575342465753425,0.03856969206615224
5,2.967123287671233,0.04784815283241396
6,3.5424657534246577,0.05060340041682405
7,4.002739726027397,0.052889342334135885
8,4.884931506849315,0.05557384749571928
9,5.23013698630137,0.057219731174240986
10,5.498630136986302,0.05387877517683995
11,6.1506849315068495,0.059491719794944636
12,6.668493150684933,0.060568098097302674
13,7.147945205479453,0.06145510134957079
14,7.224657534246575,0.061673725781606036
15,10.695890410958905,0.06520050721739731
16,11.654794520547945,0.0667918656341858
17,15.317808219178081,0.06924912194763916
18,19.709589041095885,0.07426883285474879
