,maturity,rates
1,0.4849315068493151,0.01781928113034288
2,0.4849325068493151,0.01686158582552845
3,1.1945205479452057,0.034466825049635295
4,1.347945205479452,0.03687890084908404
5,1.9808219178082191,0.04605913944569394
6,2.0986301369863014,0.046855845839413664
7,2.4986301369863013,0.04611901768582967
8,2.556164383561644,0.04896103612104899
9,3.054794520547945,0.055480890968248035
10,3.2657534246575337,0.05769899580510013
11,3.8410958904109593,0.06081443282958176
12,4.301369863013698,0.06395013127452713
13,5.183561643835616,0.06683874238894773
14,5.528767123287671,0.06846805824351136
15,5.7972602739726025,0.06514833552977299
16,6.449315068493153,0.07111656816677595
17,6.967123287671233,0.07219402771083831
18,7.523287671232878,0.07344595887255698
19,10.994520547945204,0.0768439929914285
20,11.953424657534244,0.07857923171372343
21,20.008219178082193,0.08378250949762163
