,maturity,rates
1,0.9452054794520548,0.0063107428611017344
2,1.2904109589041095,0.008305299561381273
3,1.5589041095890408,0.007488622686330145
4,1.6164383561643836,0.009824269201048879
5,2.2109589041095887,0.012568083127210805
6,2.5945205479452054,0.01409054596112189
7,2.7287671232876707,0.014926941587127884
8,3.208219178082192,0.01521722567034871
9,3.2849315068493152,0.016748431782207033
10,3.419178082191781,0.017385880933510754
11,3.8219178082191783,0.018921674871541675
12,4.205479452054795,0.019895530758121505
13,4.454794520547946,0.020879040937350317
14,5.298630136986302,-0.005211012142179764
15,5.528767123287671,0.023453858598680957
16,6.221917808219177,0.0636909577196038
17,6.372602739726028,0.025357406694184792
18,6.4301369863013695,0.02539563828374628
19,6.756164383561642,0.02568463596105491
20,7.427397260273973,0.02819531172959357
21,7.715068493150685,0.028148863639267663
22,9.057534246575342,0.030434501594420724
23,9.345205479452057,0.01845531336137692
24,9.93972602739726,0.0324623471328789
25,11.37808219178082,0.03408171018077062
26,12.893150684931507,0.03621619211977245
27,14.024657534246574,0.03689634883124363
28,15.76986301369863,0.0396057915665496
29,18.876712328767127,0.040766936574180984
