,maturity,rates
0,0.3041095890410959,0.05004077334456152
1,1.1863013698630136,0.008204403482988227
2,1.5315068493150683,0.010093117458835787
3,1.8,0.006694620119366559
4,1.8575342465753424,0.012059391394543244
5,2.4520547945205484,0.014704214759217054
6,2.8356164383561637,0.016232900079534714
7,2.96986301369863,0.016963203165658323
8,3.4493150684931506,0.0169466310832804
9,3.5260273972602736,0.01860228249208436
10,4.063013698630137,0.020690340583335957
11,4.446575342465755,0.02216184269967546
12,4.695890410958904,0.022595996354861404
13,5.53972602739726,-0.003068655923834557
14,5.769863013698631,0.025330992896177282
15,6.463013698630138,0.02375408596071374
16,6.613698630136986,0.027280496004532296
17,6.671232876712327,0.027277670974173617
18,6.997260273972603,0.027765644674800583
19,7.668493150684933,0.03012410787837585
20,7.956164383561642,0.03026637468044403
21,9.2986301369863,0.032399121483235795
22,9.586301369863014,0.01772340436589919
23,10.18082191780822,0.03349935549570724
24,11.61917808219178,0.03485365562453477
25,13.134246575342464,0.03705448070463053
26,14.265753424657536,0.03895085650538961
27,16.01095890410959,0.04106405400039925
28,19.117808219178084,0.042030181210869134
