,maturity,rates
0,0.4191780821917808,0.0698454961659756
1,0.8794520547945206,0.009088249160870795
2,1.7616438356164383,0.01569187834783974
3,2.106849315068493,0.01769993777398124
4,2.3753424657534246,0.013704151811258369
5,2.4328767123287682,0.02008868342788504
6,3.0273972602739727,0.02244459851605345
7,3.410958904109589,0.02461371662116416
8,3.5452054794520547,0.024815849954785668
9,4.024657534246575,0.024663253817840017
10,4.101369863013699,0.02704330059625082
11,4.638356164383562,0.028884505738891158
12,5.021917808219178,0.02996391536546212
13,5.27123287671233,0.03094357356803096
14,6.115068493150685,0.020780510478684573
15,6.345205479452055,0.03424295586806942
16,7.038356164383561,0.03884401935681218
17,7.189041095890411,0.035686049465309136
18,7.2465753424657535,0.035980629825940136
19,7.572602739726027,0.036381354815614234
20,8.531506849315068,0.03853835400532575
21,9.873972602739727,0.040874260899335886
22,10.756164383561645,0.04191453528127654
23,12.194520547945206,0.04354009468461596
24,13.70958904109589,0.04585758232706329
25,14.841095890410955,0.04720378696642349
26,16.586301369863012,0.050782767806817085
27,19.693150684931506,0.05028055498830157
