,maturity,rates
0,0.6164383561643836,0.07951180957863338
1,0.7342465753424657,0.013034040551479742
2,1.1342465753424658,0.012530008603541252
3,1.1917808219178083,0.015424413503340253
4,1.5561643835616439,0.015217195737795038
5,1.6904109589041096,0.024279192803462576
6,1.747945205479452,0.02048938372694136
7,1.9013698630136984,0.02656645479745224
8,2.476712328767124,0.030942431653477487
9,2.936986301369863,0.03388304959224507
10,3.819178082191781,0.03806251400860715
11,4.1643835616438345,0.039514046424826525
12,4.432876712328767,0.0365585883456858
13,5.084931506849316,0.04246506217870317
14,5.468493150684932,0.04418283849067267
15,5.602739726027397,0.044368931566594716
16,6.082191780821918,0.04481718715136164
17,6.1589041095890416,0.04599206262034946
18,7.328767123287673,0.04905241709607721
19,9.246575342465754,0.05203030552468562
20,9.63013698630137,0.05077822288309672
21,10.58904109589041,0.053672711018937766
22,12.219178082191785,0.05542741499303412
23,14.252054794520548,0.05712205256186429
24,15.767123287671232,0.05987543268827535
25,18.64383561643836,0.0623492256607612
