,maturity,rates
0,0.24383561643835616,0.0639458194309322
1,0.5123287671232877,0.04130922486456188
2,0.5698630136986301,0.04578019115457116
3,1.03013698630137,0.05563168123348506
4,1.1452054794520548,0.057685954537875415
5,1.663013698630137,0.06337290495599038
6,1.9698630136986297,0.06564436322450935
7,2.2,0.06539029918243182
8,2.2000010000000003,0.06716150616095933
9,2.9095890410958902,0.07064890611840549
10,3.063013698630137,0.07113818695667277
11,3.695890410958904,0.07292324423811884
12,3.813698630136986,0.0732305180986823
13,5.556164383561644,0.07576850722633545
14,6.016438356164382,0.07772492807633123
15,6.898630136986301,0.07789824748600632
16,7.512328767123287,0.08197042693304106
17,8.164383561643836,0.07860031521627654
18,8.682191780821919,0.07903081902106551
19,9.161643835616438,0.09723515533568594
20,9.238356164383562,0.07953479521356711
21,12.70958904109589,0.0815746739231504
22,13.668493150684931,0.08215088879720264
23,21.723287671232878,0.08703733404336174
