,maturity,rates
1,0.7041095890410959,0.008302652024992526
2,1.1643835616438356,0.01283819137820555
3,2.0465753424657533,0.01972299951571517
4,2.3917808219178083,0.022368783788779
5,2.66027397260274,0.01786542812957977
6,2.7178082191780817,0.024286804116115755
7,3.3123287671232875,0.02777162721924905
8,3.695890410958904,0.029477220494806926
9,3.8301369863013695,0.030228001573060975
10,4.30958904109589,0.03002445237457499
11,4.3863013698630136,0.032427414719354765
12,4.923287671232877,0.03499912875364515
13,5.306849315068493,0.03619627437563474
14,5.556164383561644,0.036266264823912216
15,6.4,0.028169876386369527
16,7.473972602739726,0.042002900248470094
17,7.531506849315067,0.04218279544961399
18,7.857534246575343,0.0425034766906448
19,8.816438356164383,0.04475632083523133
20,10.158904109589043,0.047552744156049605
21,12.47945205479452,0.05011932901069068
22,13.994520547945205,0.05250951889799039
23,15.126027397260273,0.054315217667434704
24,16.87123287671233,0.05528038991353452
