,maturity,rates
1,0.46301369863013697,0.008080204550013181
2,0.8630136986301371,0.0133580035180028
3,0.9205479452054794,0.01076106381743017
4,1.4191780821917808,0.019713467141983174
5,1.6301369863013702,0.02168936106077696
6,2.2054794520547945,0.02614463419830434
7,2.665753424657534,0.029474387426159317
8,3.547945205479452,0.03330467440174459
9,3.893150684931507,0.03528429274234497
10,4.161643835616438,0.03395799920520768
11,4.813698630136988,0.03849200928905341
12,5.197260273972604,0.040078930378255266
13,5.331506849315068,0.04097649790517684
14,5.810958904109589,0.04178133101901791
15,5.887671232876714,0.042429032361413835
16,7.057534246575343,0.045213628471311856
17,8.975342465753425,0.04462151230476232
18,9.358904109589039,0.04901499142118346
19,10.317808219178081,0.05072458187204083
20,13.980821917808221,0.054587385922022134
21,15.495890410958905,0.056980108767829614
22,18.372602739726027,0.059865347838601264
