,maturity,rates
0,0.22465753424657534,0.0745547047554426
1,0.3424657534246575,0.005842114211468136
2,0.7424657534246575,0.011190139955615774
3,0.8,0.008641545836883698
4,1.1643835616438356,0.005170452630845001
5,1.2986301369863014,0.017579859723462352
6,1.356164383561644,0.012534751131309372
7,1.5095890410958903,0.0192210619826282
8,2.084931506849315,0.023964108373116515
9,2.5452054794520547,0.026987762999174162
10,3.4273972602739726,0.031790331986349236
11,3.7726027397260284,0.03347184836317628
12,4.04109589041096,0.0305976734733625
13,4.098630136986301,0.03499622282592699
14,4.693150684931507,0.03678433936077194
15,5.076712328767123,0.03832578141475063
16,5.210958904109589,0.038928085700712316
17,5.69041095890411,0.04011902600867683
18,5.767123287671232,0.040431851298601086
19,6.936986301369863,0.04407888723557227
20,8.854794520547943,0.047125222997837925
21,9.238356164383562,0.047573320776542284
22,10.197260273972603,0.04922828912570968
23,13.860273972602739,0.053188187669429225
24,15.375342465753427,0.0562109951654274
25,18.252054794520546,0.058046435869047175
