,maturity,rates
1,0.5534246575342465,0.05702436397171535
2,0.821917808219178,0.05848274106071965
3,0.8794520547945206,0.06022669554165705
4,1.3397260273972602,0.0611645549052775
5,1.4547945205479451,0.06018440630427459
6,1.9726027397260275,0.0635574095504356
7,2.2794520547945205,0.06594477745679429
8,2.5095890410958903,0.06206426289602294
9,2.5095900410958905,0.06694730884738218
10,3.2191780821917813,0.07019661777885425
11,3.3726027397260268,0.07126795170642602
12,4.005479452054795,0.07277133058900558
13,4.123287671232877,0.07188618399259689
14,4.523287671232877,0.07574376688342009
15,5.2904109589041095,0.073909434336944
16,5.865753424657536,0.07536194678930595
17,6.3260273972602725,0.07701603159622182
18,7.208219178082192,0.07993306439954903
19,7.821917808219178,0.07352618346106497
20,8.473972602739726,0.0802724671840703
21,8.991780821917809,0.08149048304291871
22,9.547945205479452,0.08167634663771811
23,13.019178082191779,0.08264424845673234
24,13.97808219178082,0.08402369338434477
25,22.03287671232877,0.08431922037078647
