,maturity,rates
1,0.9232876712328768,0.018562220032064917
2,1.3808219178082193,0.02147847473408428
3,2.0904109589041098,0.03075619036571857
4,2.665753424657534,0.03451753957379027
5,3.1260273972602737,0.03679142185408984
6,4.008219178082192,0.039960755779000684
7,4.353424657534247,0.042066798388303024
8,4.6219178082191785,0.03990153004421365
9,5.273972602739726,0.044433307593484205
10,5.657534246575342,0.04611323270370639
11,5.791780821917808,0.04629662385477068
12,6.271232876712331,0.04884727148908169
13,6.347945205479452,0.04853803625529806
14,9.435616438356163,0.05425058306918388
15,9.81917808219178,0.053228523102025437
16,10.778082191780822,0.05606754351274176
17,14.441095890410958,0.059680550170259875
18,15.956164383561644,0.06169072030740602
19,18.832876712328765,0.06437036433779453
