,maturity,rates
1,0.3835616438356164,0.03166991939178936
2,0.9013698630136986,0.056392870723232666
3,1.2082191780821918,0.053085478845885936
4,1.4383561643835616,0.054827784223673584
5,1.4383571643835615,0.06801111523074957
6,2.147945205479452,0.07909367831295874
7,2.3013698630136985,0.08042285229938786
8,2.9342465753424656,0.0912739738896118
9,3.0520547945205485,0.09157450120764868
10,3.5095890410958903,0.08625807350468656
11,5.2547945205479465,0.10497800869698933
12,6.136986301369863,0.1049074101241045
13,7.402739726027397,0.10483351374153876
14,7.9205479452054774,0.10595003464832303
15,8.476712328767123,0.09646230891824703
16,11.947945205479453,0.1045123238327015
17,12.906849315068493,0.1059797062981538
18,20.961643835616442,0.1057612053763568
