,maturity,rates
1,0.5534246575342465,0.046089322473106896
2,0.6109589041095891,0.04847403576506936
3,1.0712328767123287,0.05716504259766944
4,1.1863013698630136,0.0583846323788774
5,1.704109589041096,0.06591937275839735
6,2.010958904109589,0.06915130639240126
7,2.2410958904109592,0.06972276338041185
8,2.2410968904109594,0.06970889537604423
9,2.9506849315068493,0.07226791059379634
10,3.104109589041096,0.07345332632145578
11,3.736986301369863,0.07519853183313713
12,3.854794520547945,0.07694426516248189
13,5.021917808219178,0.07818154194344276
14,5.597260273972603,0.0794526693767108
15,6.057534246575343,0.07912397346570503
16,6.93972602739726,0.08124140263483003
17,7.553424657534246,0.08597911862409183
18,8.205479452054794,0.0798792145102045
19,8.723287671232876,0.08126891659889253
20,9.279452054794518,0.08253817029820316
21,12.75068493150685,0.08460366953620119
22,13.70958904109589,0.08540825769177696
23,21.76438356164384,0.09141068109779436
