,maturity,rates
1,0.7726027397260274,0.014142918031027334
2,1.2301369863013698,0.017616527002145086
3,1.9397260273972603,0.0272749769121414
4,2.515068493150685,0.031068377280461013
5,2.9753424657534246,0.034280726611524155
6,3.857534246575343,0.03775277689181099
7,4.2027397260273975,0.03881653653155191
8,4.471232876712329,0.03779860051416493
9,5.123287671232877,0.04178406193021083
10,5.506849315068493,0.04292183792749748
11,5.641095890410957,0.04356100600795919
12,6.120547945205479,0.04530336989196837
13,6.197260273972603,0.044855593704102296
14,7.367123287671232,0.048111063555673315
15,9.284931506849317,0.0506525702278496
16,9.668493150684931,0.049643144208608665
17,10.627397260273973,0.05231434800714031
18,14.29041095890411,0.05609818376029339
19,15.805479452054794,0.059252048334202265
20,18.68219178082192,0.06165599804114269
