,maturity,rates
1,1.378082191780822,0.010178751783033138
2,1.6465753424657534,0.009653095539762584
3,1.704109589041096,0.012466168176753516
4,2.2986301369863016,0.015538382426315696
5,2.682191780821918,0.017638921941793128
6,2.8164383561643835,0.01845771818959507
7,3.2958904109589042,0.018521092684270563
8,3.3726027397260268,0.02101346757169653
9,3.506849315068493,0.020645470374213555
10,3.9095890410958902,0.023107030177831785
11,4.293150684931507,0.02419579119459506
12,4.542465753424658,0.024606582764611248
13,5.616438356164384,0.02786024606541637
14,6.4602739726027405,0.030037731988779837
15,6.5178082191780815,0.029968503263117226
16,6.843835616438358,0.030132923352378136
17,7.515068493150685,0.03219100792400339
18,7.802739726027397,0.03273482992911266
19,9.145205479452057,0.034885446631750354
20,10.027397260273975,0.036034997778545394
21,11.465753424657533,0.03766639942918875
22,12.980821917808221,0.03954220336818202
23,14.112328767123287,0.040996234920361516
24,15.857534246575346,0.0451400706576334
25,18.964383561643835,0.0446812869375775
