,maturity,rates
0,1.1260273972602741,0.057863387728956474
1,1.4712328767123288,0.05525147747601746
2,1.7397260273972603,0.054247732165065954
3,1.797260273972603,0.05543695641145277
4,2.3917808219178083,0.056843039020727675
5,2.7753424657534245,0.05796411925851587
6,2.9095890410958902,0.05819497610176412
7,3.3890410958904114,0.05672188548224011
8,3.4657534246575343,0.05823494806874744
9,3.6,0.05550655665050184
10,4.002739726027397,0.05875048682266512
11,4.3863013698630136,0.05898241796495204
12,4.635616438356164,0.05935130432723172
13,5.7095890410958905,0.06172101001767197
14,6.553424657534246,0.06235813383967298
15,6.610958904109589,0.06199104392090158
16,6.9369863013698625,0.06258794677352146
17,7.608219178082192,0.06265764229141518
18,7.895890410958903,0.06199446648339588
19,9.238356164383562,0.06265280371035734
20,10.12054794520548,0.06387972907991078
21,11.558904109589042,0.0639688757290255
22,13.073972602739724,0.06576566297614597
23,14.205479452054794,0.06588840517020092
24,15.950684931506851,0.06871872423652353
25,19.057534246575344,0.06549410701597254
