,maturity,rates
1,1.3041095890410959,0.038100765465001234
2,1.4575342465753425,0.040462966907011566
3,2.0904109589041098,0.04784461282420899
4,2.208219178082192,0.048580922528122426
5,2.665753424657534,0.05295378268989935
6,3.3753424657534246,0.057814371306226
7,3.9506849315068484,0.0604226000255564
8,4.410958904109589,0.062027440913345985
9,5.293150684931507,0.0651797754306213
10,6.558904109589043,0.06780822721962236
11,7.076712328767122,0.06938547354176111
12,7.556164383561644,0.06846450406714635
13,7.632876712328768,0.07019192573728965
14,11.104109589041094,0.0740583107684711
15,12.063013698630135,0.0750140923629043
16,20.117808219178084,0.08211916306142307
