,maturity,rates
1,0.3150684931506849,0.00532020966645522
2,0.7150684931506849,0.010811275644615837
3,0.7726027397260274,0.008198963578314969
4,1.1369863013698631,0.0080373834876976
5,1.2712328767123289,0.017069570590327973
6,1.3287671232876712,0.01272153879861466
7,1.4821917808219178,0.019338068076534064
8,2.0575342465753423,0.02358536705184137
9,2.5178082191780824,0.026617784149049133
10,3.4,0.031227855285684614
11,3.7452054794520553,0.0329342775177099
12,4.013698630136987,0.030222039306336726
13,4.071232876712329,0.034565269684724835
14,4.665753424657535,0.03624851026807786
15,5.0493150684931525,0.038002688874200066
16,5.183561643835616,0.03861190693598186
17,5.7397260273972615,0.04023415672227632
18,6.9095890410958924,0.04389277511880388
19,8.827397260273973,0.047239911126710665
20,9.210958904109587,0.04742331722838175
21,10.169863013698633,0.04953705440552464
22,13.832876712328767,0.05331358266299786
23,15.347945205479453,0.05616694668845413
24,18.224657534246575,0.0581247155686704
