,maturity,rates
1,0.9041095890410958,0.01753759633710527
2,1.3616438356164384,0.019658834021435312
3,2.0712328767123287,0.029952354817397036
4,2.646575342465753,0.03386749974548638
5,3.106849315068493,0.03618599370601616
6,3.989041095890411,0.034458037518137384
7,4.3342465753424655,0.04138410847649003
8,4.602739726027396,0.03947717986679635
9,5.2547945205479465,0.04410973648115723
10,5.638356164383563,0.045574131253184436
11,5.772602739726027,0.045891113845082473
12,6.252054794520547,0.04864778894301863
13,6.328767123287673,0.047652958088292764
14,9.416438356164383,0.05344421647328388
15,9.8,0.05246221865151598
16,10.758904109589038,0.05508750079106663
17,14.421917808219176,0.05903351049409224
18,15.936986301369865,0.061344118754197936
19,18.813698630136987,0.06364001679358937
