,maturity,rates
0,0.07123287671232878,0.06709084450787875
1,0.12876712328767126,0.0014040779940980865
2,0.4931506849315068,0.005566895848193003
3,0.6273972602739726,0.007656448144226091
4,0.6849315068493149,0.008530552864011644
5,0.8383561643835616,0.010102041385299902
6,1.4136986301369865,0.01545056388322904
7,1.8739726027397257,0.01925361351451869
8,2.756164383561644,0.02450808720118869
9,3.1013698630136988,0.026048955278637997
10,3.3698630136986303,0.022333185676996582
11,3.4273972602739726,0.028458397819573013
12,4.021917808219178,0.03012710556592549
13,4.405479452054794,0.032221410427575925
14,4.53972602739726,0.03219225862969978
15,5.0191780821917815,0.032980335804163624
16,5.095890410958903,0.03396055976174587
17,5.632876712328768,0.036696559101036585
18,6.265753424657534,0.03812979188174581
19,7.109589041095893,0.016391500240575313
20,8.183561643835617,0.04296122723262952
21,8.567123287671233,0.04393268871092732
22,9.526027397260274,0.045659447738695264
23,10.868493150684932,0.04872452502362689
24,13.189041095890412,0.05027443948927975
25,14.704109589041094,0.05194373783457989
26,15.835616438356164,0.054200823728007066
27,17.58082191780822,0.05497877098135515
