,maturity,rates
1,0.9534246575342464,0.02537602610088481
2,1.5863013698630135,0.033860720831018064
3,1.704109589041096,0.034384707374739344
4,2.1616438356164385,0.03735105031472668
5,2.871232876712329,0.044371955587320384
6,3.4465753424657533,0.04673761605227155
7,3.906849315068493,0.04914431840558837
8,4.789041095890411,0.05141076288116792
9,5.134246575342465,0.052282700189204265
10,5.402739726027397,0.050676959739149256
11,6.054794520547945,0.05434414816052306
12,6.572602739726027,0.054567225874841765
13,7.052054794520547,0.05616907407787697
14,7.128767123287673,0.05612606192307668
15,10.6,0.05997709673077192
16,11.558904109589042,0.06085553309086526
17,15.221917808219178,0.06465715850197995
18,19.613698630136987,0.06899735998775823
