,maturity,rates
1,1.16986301369863,0.006416827951229493
2,1.4383561643835616,0.0060597487355442655
3,1.4958904109589042,0.003961114649273989
4,2.0904109589041098,0.010161131237664135
5,2.473972602739726,0.011902154334297295
6,2.6082191780821917,0.012253263930658169
7,3.0876712328767124,0.01264393865215248
8,3.1643835616438367,0.013945367952708924
9,3.2986301369863016,0.014750292673440215
10,3.7013698630136975,0.015899730557322616
11,4.084931506849316,0.016858388741931067
12,4.3342465753424655,0.017803756413779497
13,5.082191780821918,0.020531066416186686
14,5.4082191780821915,0.02059827577065633
15,6.252054794520547,0.021992718101257414
16,6.30958904109589,0.022280706844434783
17,6.635616438356164,0.022610830999747263
18,7.306849315068492,0.024890044832353315
19,7.594520547945206,0.024810554012919903
20,8.936986301369863,0.02774973291388131
21,9.81917808219178,0.02910907806992437
22,11.257534246575343,0.030969749473301125
23,12.772602739726029,0.03351731799740326
24,13.904109589041095,0.03480415699653084
25,15.093150684931507,0.03564271333998896
26,15.649315068493149,0.036506646467811266
27,18.756164383561643,0.03830919813628025
