,maturity,rates
0,0.13424657534246576,0.10144394268979944
1,0.3643835616438356,0.013535441659337757
2,0.3643845616438356,0.012728702383696049
3,1.073972602739726,0.02899109824913668
4,1.227397260273973,0.03161287191682282
5,1.86027397260274,0.039717050395830636
6,1.9780821917808216,0.04082943412977614
7,2.378082191780821,0.0398957798986572
8,2.8,0.04422997713892555
9,2.9342465753424656,0.04837545663841608
10,2.9917808219178084,-0.00041712864553340864
11,3.1452054794520548,0.049964949660375436
12,3.72054794520548,0.053851811012987416
13,4.18082191780822,0.05494050938496786
14,5.063013698630137,0.057617185698413065
15,5.4082191780821915,0.06011305342767975
16,5.676712328767122,0.055929293801438566
17,6.328767123287673,0.06193554443289812
18,6.846575342465752,0.06280939909355522
19,7.3260273972602725,0.06447147388619819
20,7.402739726027397,0.0647786103951498
21,10.873972602739727,0.06939651541816179
22,11.832876712328767,0.06995734749149479
23,15.495890410958905,0.07245336794264079
24,19.88767123287672,0.07872974187031803
