,maturity,rates
0,0.5945205479452055,0.08940262194227942
1,0.7095890410958904,0.08597662384781968
2,1.227397260273973,0.08783161667182197
3,1.7643835616438357,0.09232755533866358
4,2.473972602739726,0.09582244035566548
5,2.6273972602739732,0.0961339137325582
6,3.2602739726027403,0.09636642088957864
7,3.3780821917808215,0.0975142248815607
8,4.545205479452054,0.09689690280568819
9,5.1205479452054785,0.09661855394727922
10,5.580821917808219,0.09673656545119146
11,6.463013698630138,0.09669899663334594
12,7.076712328767122,0.06971764119801072
13,7.72876712328767,0.09667727184379633
14,8.246575342465754,0.09738383158413748
15,8.726027397260275,0.10234043197423087
16,8.802739726027399,0.09524472007804614
17,12.273972602739725,0.09528674392058725
18,13.232876712328768,0.09642805505569994
19,21.28767123287671,0.10110618845284301
