,maturity,rates
1,0.8191780821917808,0.04555930938659632
2,1.356164383561644,0.05724257324946053
3,2.0657534246575344,0.06878258882283303
4,2.219178082191781,0.07137892634951949
5,2.8520547945205488,0.07768272063955688
6,2.96986301369863,0.07952727648519275
7,3.4273972602739726,0.08278337520459743
8,4.136986301369864,0.08459793279115305
9,5.172602739726028,0.08875214934195377
10,6.054794520547945,0.09084740550914483
11,6.668493150684933,0.09307506983888494
12,7.320547945205481,0.09334114312297503
13,7.838356164383563,0.09484803106374844
14,8.394520547945206,0.09581004751468512
15,11.865753424657536,0.09964133709052796
16,12.824657534246574,0.09840057781676093
17,20.87945205479452,0.10757106511338388
