,maturity,rates
0,0.03561643835616438,0.0703709726776379
1,0.6109589041095891,0.00706850605643789
2,1.0712328767123287,0.01155866593397586
3,1.9534246575342469,0.01898728571364416
4,2.2986301369863016,0.02102935221397584
5,2.5671232876712327,0.016407899633639582
6,2.6246575342465754,0.022783988429769968
7,3.2191780821917813,0.02646044039264641
8,3.602739726027397,0.028000073092689308
9,3.736986301369863,0.0289246063795033
10,4.2164383561643834,0.029467350854480663
11,4.293150684931507,0.031112374314285707
12,4.83013698630137,0.033403484100462635
13,5.213698630136986,0.03444875697104547
14,5.463013698630136,0.03540593496957517
15,7.380821917808219,0.040264771660827266
16,7.438356164383562,0.04082387602864428
17,7.764383561643838,0.04062024068756497
18,8.723287671232876,0.04323544565930857
19,10.065753424657537,0.04547343515941457
20,10.947945205479453,0.04644146623677469
21,12.386301369863016,0.04910457349475746
22,13.901369863013699,0.05171288007324836
23,15.032876712328768,0.05300584419080223
24,16.778082191780822,0.05477576807900132
