,maturity,rates
0,0.4547945205479452,0.05510103585720525
1,1.1643835616438356,0.06123623961039544
2,1.7397260273972603,0.061167395482033086
3,2.2,0.062111990859675656
4,3.0821917808219177,0.06357014511004355
5,3.4273972602739726,0.06328337296539666
6,3.695890410958904,0.05934165575184575
7,3.7534246575342474,0.06451917731409211
8,4.347945205479451,0.0638151155920695
9,4.7315068493150685,0.06422361874838714
10,4.865753424657535,0.06420622931388234
11,5.345205479452055,0.0643066805285948
12,5.4219178082191775,0.06514895652546934
13,5.958904109589041,0.06667440813278623
14,6.5917808219178085,0.06731350291852455
15,8.509589041095893,0.06892567287511113
16,8.89315068493151,0.06891191935651574
17,9.852054794520548,0.06942720049730176
18,11.194520547945206,0.0705122482239726
19,13.515068493150684,0.07218338748183041
20,15.03013698630137,0.0731005731640617
21,16.161643835616438,0.07323157671583977
22,17.906849315068488,0.07217155523856822
