,maturity,rates
1,0.7041095890410959,0.006923843526421461
2,1.5863013698630135,0.013328442488053
3,1.9315068493150684,0.01564593368019764
4,2.2,0.01151514586828255
5,2.2575342465753425,0.017417723984080785
6,2.8520547945205488,0.02063846494265225
7,3.2356164383561645,0.02186686474485582
8,3.3698630136986303,0.022524612528300875
9,3.849315068493152,0.02195874736550789
10,3.9260273972602735,0.024706664547816563
11,4.463013698630137,0.026751435755826967
12,4.846575342465753,0.027670220952940163
13,5.095890410958903,0.028237981123571926
14,5.93972602739726,0.009139680441366106
15,6.16986301369863,0.03161467277459842
16,7.013698630136986,0.032969172202793925
17,7.0712328767123305,0.03318310453727901
18,7.397260273972603,0.03383883509587801
19,8.356164383561643,0.03587042275028183
20,9.698630136986301,0.03839462305249757
21,9.986301369863014,0.017115679904868314
22,10.58082191780822,0.040256438863412236
23,12.019178082191779,0.04172790780490821
24,13.534246575342467,0.04430118708477311
25,14.665753424657536,0.045827558179085744
26,16.410958904109588,0.047485809495453266
27,19.51780821917808,0.04873831982845003
