,maturity,rates
1,0.7835616438356164,0.05296106066115069
2,1.3013698630136987,0.05789720707512042
3,1.4164383561643836,0.057456946054740075
4,1.9342465753424656,0.06204583848941383
5,2.4712328767123286,0.0649287981203382
6,3.1808219178082187,0.06849905721315122
7,3.3342465753424664,0.06862802237794939
8,3.967123287671233,0.07014316993567543
9,4.084931506849316,0.06999357659730182
10,5.252054794520548,0.0739324844372599
11,5.8273972602739725,0.07409907977373091
12,6.287671232876713,0.07530058776091966
13,7.16986301369863,0.07581791041635744
14,7.7835616438356166,0.07832874632851325
15,8.435616438356165,0.07671068148791822
16,8.953424657534246,0.0774849188572575
17,9.509589041095893,0.07780499782009964
18,12.980821917808221,0.07978734159021265
19,13.93972602739726,0.08146384888261285
