,maturity,rates
1,0.0958904109589041,0.0010273740595862153
2,0.4602739726027397,0.006094687604755135
3,0.5945205479452055,0.007581813929739444
4,0.6520547945205479,0.006917290805650358
5,0.8054794520547945,0.009946997236046376
6,1.3808219178082193,0.015348735458210062
7,1.8410958904109591,0.01933917838308993
8,2.723287671232877,0.025000525963977047
9,3.068493150684932,0.02664396377582114
10,3.3369863013698637,0.02276622860151188
11,3.3945205479452056,0.02886418438830765
12,3.989041095890411,0.02671409734025576
13,4.3726027397260285,0.032848901116148216
14,4.506849315068493,0.03261619749797437
15,4.986301369863012,0.03045983349253073
16,5.063013698630137,0.03462388817212751
17,5.6,0.03735996737192072
18,6.232876712328768,0.03895541338134592
19,8.150684931506849,0.043369124366573385
20,8.534246575342468,0.04392400974643992
21,9.493150684931509,0.0460078796251442
22,10.835616438356164,0.04884615128799495
23,13.156164383561645,0.05062384569452293
24,14.67123287671233,0.05246321990361296
25,15.802739726027394,0.05422164829305925
26,17.54794520547945,0.054820269571483234
