,maturity,rates
1,0.4575342465753425,0.010752836627848409
2,1.0904109589041096,0.021650246442377057
3,1.2082191780821918,0.0224628999200657
4,1.6657534246575345,0.02544894372472409
5,2.3753424657534246,0.03428615176475425
6,2.9506849315068493,0.03826450677965968
7,3.410958904109589,0.04087203729469535
8,4.293150684931507,0.042933634269569185
9,4.638356164383562,0.045232858382107374
10,4.906849315068493,0.04425563106712376
11,5.558904109589042,0.048685892501947915
12,6.076712328767122,0.05006007644236801
13,6.556164383561644,0.051798141078407516
14,6.632876712328768,0.05177207663157029
15,9.720547945205482,0.057739710295688876
16,10.104109589041096,0.057319567324057935
17,11.063013698630137,0.059568711555620775
18,14.726027397260275,0.06399332819561772
19,19.117808219178084,0.06699692139539526
