,maturity,rates
1,1.4904109589041097,0.04327327263952476
2,1.643835616438356,0.04485771079600781
3,2.2767123287671227,0.05207551731863178
4,2.3945205479452056,0.053215846894263515
5,3.5616438356164384,0.06123156732163061
6,4.136986301369864,0.0638209674221536
7,4.597260273972604,0.06616021717388185
8,5.479452054794519,0.06889841705174908
9,6.0931506849315085,0.06820212895621339
10,6.7452054794520535,0.07260442799096394
11,7.263013698630138,0.07348674276230541
12,7.742465753424658,0.06904864099969701
13,7.8191780821917805,0.07520577148878035
14,11.29041095890411,0.07881528235113552
15,12.24931506849315,0.08028024127187325
16,20.304109589041094,0.08760203864055438
