,maturity,rates
1,0.5424657534246575,0.009571758263331506
2,1.0,0.012273567253051051
3,1.7095890410958905,0.023129612594894502
4,2.2849315068493152,0.027621856034105455
5,2.7452054794520557,0.03067282128818177
6,3.627397260273973,0.03486528931328608
7,3.9726027397260273,0.03702570920417977
8,4.241095890410959,0.033925817620620365
9,4.8931506849315065,0.0401804600344124
10,5.276712328767124,0.04176752923763613
11,5.410958904109589,0.04220621710437277
12,5.890410958904107,0.04248205048093194
13,5.967123287671233,0.04378591951997465
14,7.136986301369863,0.04694731115461085
15,9.054794520547944,0.049821691540835066
16,9.438356164383563,0.05020706398860485
17,10.397260273972602,0.05125415201138316
18,14.06027397260274,0.055276023841696866
19,15.575342465753426,0.058076369309384764
20,18.45205479452055,0.061239437492792176
