,maturity,rates
1,1.4164383561643836,0.017943371489171727
2,1.9917808219178081,0.02257147672185989
3,2.4520547945205484,0.025575191344769842
4,3.3342465753424664,0.029999966019750975
5,3.67945205479452,0.031521877266032686
6,3.947945205479452,0.029109918494514705
7,4.005479452054795,0.03345094055877816
8,4.6,0.034787350564608716
9,4.983561643835618,0.03700829045885514
10,5.117808219178082,0.03702271589714623
11,5.597260273972603,0.0383176043020435
12,5.6739726027397275,0.038476680818090685
13,6.843835616438358,0.04204008946636867
14,8.761643835616438,0.04621846593859494
15,9.145205479452057,0.04636758138791901
16,10.104109589041096,0.04875931856365467
17,13.767123287671232,0.05259957134805767
18,15.282191780821915,0.055387409756812805
19,18.158904109589038,0.05755725339840809
