,maturity,rates
1,0.1863013698630137,0.0017118733493386663
2,0.3397260273972603,0.004592156110897225
3,0.9150684931506852,0.010962426011237264
4,1.3753424657534246,0.015587115914046018
5,2.2575342465753425,0.022010101327514024
6,2.602739726027397,0.0243975738213684
7,2.871232876712329,0.020010315547558888
8,2.928767123287672,0.026962634544224758
9,3.5232876712328767,0.029245773382938718
10,3.906849315068493,0.03168259308937884
11,4.04109589041096,0.03202897467986118
12,4.5205479452054815,0.032098235987605174
13,4.597260273972604,0.03443793121001256
14,5.134246575342465,0.036869120773617634
15,5.767123287671232,0.03874648840963869
16,6.610958904109589,0.031421384757311405
17,7.684931506849315,0.043695190653367626
18,8.068493150684931,0.04439985579524156
19,9.027397260273975,0.04663235011067182
20,10.36986301369863,0.0496445604953431
21,12.69041095890411,0.05153926595894758
22,14.205479452054794,0.05346016402426658
23,15.336986301369866,0.055279553680916985
24,17.08219178082192,0.057103771215079674
