,maturity,rates
1,0.3863013698630137,0.009448549704716949
2,1.0191780821917809,0.01958567308684562
3,1.1369863013698631,0.020356267436986663
4,1.5369863013698633,0.0195718758901486
5,1.5945205479452054,0.022677495342225254
6,2.0931506849315067,0.029831407400057762
7,2.150684931506849,0.0224603733287118
8,2.304109589041096,0.03206518159663044
9,2.8794520547945206,0.03581459876078564
10,3.3397260273972598,0.038540574570428636
11,4.221917808219178,0.041917272784486315
12,4.567123287671233,0.04287457899135694
13,4.8356164383561655,0.042984423023622036
14,5.487671232876712,0.04573413377467702
15,6.005479452054795,0.04797853368360358
16,6.484931506849315,0.049140064909793016
17,6.5616438356164375,0.049484803471202425
18,9.64931506849315,0.0558370279891164
19,10.032876712328768,0.05499759809580533
20,10.991780821917805,0.057704500970366224
21,14.654794520547945,0.06261806352232382
22,19.046575342465754,0.06564537345827061
