,maturity,rates
1,0.5753424657534246,0.0517316785031605
2,1.0931506849315071,0.0757110245322141
3,1.4,0.05201780846452675
4,1.6301369863013702,0.08284569699934087
5,1.6301379863013703,0.09469273139363407
6,2.33972602739726,0.10450493220135852
7,2.4931506849315066,0.10043472058150514
8,3.1260273972602737,0.11757432162157502
9,3.2438356164383566,0.12034992618012745
10,4.410958904109589,0.12612937434714638
11,4.986301369863012,0.11012758406723512
12,5.446575342465754,0.10642424094839943
13,6.328767123287673,0.1251012621387857
14,6.942465753424657,0.10820736529052316
15,7.594520547945206,0.12457557785420567
16,8.112328767123287,0.114802432523406
17,8.591780821917808,0.10429701160222583
18,8.668493150684931,0.11059917118999
19,12.139726027397261,0.11248842332187348
20,13.098630136986301,0.1100047548200426
21,21.153424657534245,0.0950831374271248
