,maturity,rates
1,0.3835616438356164,0.03166991939178936
2,0.9013698630136986,0.056392870723232666
3,1.4383561643835616,0.06801111523074957
4,2.147945205479452,0.07889014030733217
5,2.3013698630136985,0.08020359846800446
6,2.9342465753424656,0.09128034563630624
7,3.0520547945205485,0.09138637212838016
8,3.5095890410958903,0.08609764311051152
9,5.2547945205479465,0.10484326512858684
10,6.136986301369863,0.1047804822510776
11,7.402739726027397,0.10486397062261574
12,7.9205479452054774,0.1059771933164614
13,8.476712328767123,0.09648663211817564
14,11.947945205479453,0.10453730914084122
15,12.906849315068493,0.10600109173605764
16,20.961643835616442,0.10578027783534752
