,maturity,rates
1,0.9835616438356164,0.02680333926152448
2,1.6164383561643836,0.03529693627926842
3,1.7342465753424658,0.03581429566679184
4,2.9013698630136986,0.04580952819466204
5,3.476712328767124,0.0488951908739107
6,3.936986301369863,0.05085345382138821
7,4.8191780821917805,0.05430074253663919
8,5.1643835616438345,0.054555632761754735
9,6.084931506849316,0.05690594517198589
10,6.602739726027397,0.057637619642042275
11,7.082191780821918,0.05970985314358696
12,7.1589041095890416,0.05875439817714824
13,10.63013698630137,0.06274689044458273
14,11.58904109589041,0.06391724127148575
15,15.252054794520548,0.06637951103930692
16,19.64383561643836,0.07209807985091474
