,maturity,rates
0,0.07945205479452055,0.10464676518915347
1,0.3863013698630137,0.01678652149840669
2,0.6164383561643836,0.023843621862161025
3,0.6164393561643836,0.023648615425996226
4,1.326027397260274,0.04005781611279136
5,1.4794520547945205,0.042501322134749706
6,2.112328767123288,0.05010698674878406
7,2.2301369863013702,0.05067047328133899
8,2.6301369863013697,0.0501070400837455
9,3.0520547945205485,0.03894957285482231
10,3.186301369863014,0.0586445249825284
11,3.3972602739726026,0.06034632060133002
12,3.9726027397260273,0.0635201475274777
13,4.432876712328767,0.06511394378487037
14,5.315068493150685,0.06729544314647372
15,5.9287671232876695,0.06747651106800227
16,6.580821917808219,0.06958046057595538
17,7.0986301369863005,0.07142944581599417
18,7.5780821917808225,0.06981106547001928
19,7.654794520547945,0.07241847096576039
20,11.126027397260273,0.07439880780363063
21,12.084931506849315,0.07589095222739423
22,20.13972602739726,0.08130984612775591
