,maturity,rates
1,0.6,0.05015810060605178
2,0.6575342465753424,0.048027078647568715
3,1.1178082191780825,0.05656468276391305
4,1.2328767123287672,0.057452042954479615
5,1.7506849315068491,0.06679968507403322
6,2.287671232876712,0.05660462484637941
7,2.287672232876712,0.0688726951745196
8,2.9972602739726018,0.072661281735194
9,3.150684931506848,0.07138397333306512
10,3.7835616438356166,0.07532683595434657
11,4.301369863013698,0.0809603240834482
12,5.068493150684932,0.0772014679155634
13,5.6438356164383565,0.07874976126466847
14,6.104109589041097,0.07943600564212026
15,6.986301369863014,0.08107186519788348
16,7.6,0.08794893898121492
17,8.252054794520548,0.08232956489142787
18,8.76986301369863,0.08435641046613276
19,9.24931506849315,0.10248018912218768
20,9.326027397260274,0.08318053845376633
21,12.797260273972602,0.08470186993253286
22,13.756164383561645,0.08551233379604789
23,21.810958904109587,0.08835984160873392
