,maturity,rates
0,0.07397260273972603,0.09757954126822847
1,0.2273972602739726,0.006047465051683056
2,0.8602739726027397,0.018267595727300943
3,0.978082191780822,0.019666882222586817
4,1.378082191780822,0.01805619042294404
5,1.4356164383561645,0.02047827703998115
6,1.9342465753424656,0.029031495309519262
7,1.9917808219178081,0.026831324380291486
8,2.1452054794520548,0.031022850326351575
9,2.7205479452054795,0.034879544030985116
10,3.1808219178082187,0.037138887471179535
11,4.063013698630137,0.04040999980132051
12,4.4082191780821915,0.042436135110460925
13,4.676712328767123,0.04177462946213182
14,5.328767123287672,0.04496064652268058
15,5.712328767123287,0.04658851727376636
16,5.846575342465752,0.046813751606798494
17,6.3260273972602725,0.04900269021471055
18,6.402739726027397,0.04858272070011318
19,9.490410958904107,0.053929839093421125
20,9.873972602739727,0.05348042492029358
21,10.832876712328767,0.056140387729630085
22,12.463013698630135,0.052278566917793985
23,14.495890410958905,0.05998160989079712
24,16.01095890410959,0.061878709290960836
25,18.88767123287672,0.06444394499115028
