,maturity,rates
0,0.07945205479452055,0.06603999533329273
1,0.5397260273972603,0.004733316425799107
2,1.4219178082191783,0.010575173813852442
3,1.7671232876712328,0.012630363428295507
4,2.0356164383561643,0.0090452353192329
5,2.0931506849315067,0.014215055785763531
6,2.6876712328767125,0.017225737514489248
7,3.0712328767123287,0.018535937998580814
8,3.2054794520547945,0.01955271225646247
9,3.684931506849315,0.018865850372230427
10,3.761643835616439,0.021550218444858944
11,4.298630136986302,0.023676979751421842
12,4.682191780821919,0.024568179152414514
13,4.931506849315068,0.025469323033145818
14,6.005479452054795,0.02795709119684455
15,6.849315068493151,0.029834835762948025
16,6.906849315068492,0.030008660954891613
17,7.232876712328768,0.0304390886166914
18,8.191780821917808,0.03246695478130439
19,9.534246575342467,0.034502390775044016
20,10.416438356164383,0.03594017082648332
21,11.854794520547946,0.03784228975015092
22,13.36986301369863,0.040158385886387205
23,14.501369863013695,0.04129093428601093
24,16.246575342465757,0.044383720669364704
25,19.353424657534248,0.04498445370938748
