,maturity,rates
1,1.227397260273973,0.007067577291944753
2,1.4958904109589042,0.004280153291371257
3,1.5534246575342463,0.008518819975039803
4,2.147945205479452,0.01097640532693132
5,2.5315068493150683,0.012418144098072405
6,2.665753424657534,0.012864340292141957
7,3.1452054794520548,0.013392818769767759
8,3.221917808219178,0.014699420809996162
9,3.3561643835616435,0.014900989777750059
10,3.7589041095890408,0.016396545747569543
11,4.142465753424657,0.01746321408595151
12,4.391780821917808,0.01805853371356265
13,5.465753424657534,0.02117850298679133
14,6.30958904109589,0.022368823236258682
15,6.367123287671232,0.022658350593714217
16,6.693150684931508,0.02304023940226061
17,7.3643835616438365,0.02517261596148444
18,7.652054794520548,0.025073290584546104
19,8.994520547945205,0.02751755185431235
20,9.876712328767123,0.02919891487840271
21,11.315068493150685,0.03097332304317382
22,12.830136986301367,0.033214044308487185
23,13.961643835616439,0.032376684743256584
24,15.150684931506849,0.03626378172091543
25,15.706849315068496,0.03667815432268552
26,18.813698630136987,0.037979920039495615
