,maturity,rates
0,0.6356164383561644,0.10595615356753904
1,1.1726027397260277,0.10030015985315532
2,1.8821917808219175,0.10286117104464275
3,2.0356164383561643,0.10052681443737976
4,2.6684931506849314,0.10217724358618976
5,2.7863013698630144,0.10358798042071042
6,3.2438356164383566,0.10781554174635789
7,3.953424657534247,0.10322513788010236
8,4.528767123287671,0.1028580061776716
9,4.9890410958904114,0.10213226217102771
10,5.8712328767123285,0.10197572352672818
11,6.484931506849315,0.10991787204730354
12,7.136986301369863,0.10069054944012876
13,7.654794520547945,0.10084742974408326
14,8.134246575342466,0.11815757887999698
15,8.210958904109589,0.10055506487533314
16,11.682191780821919,0.09899707754896142
17,12.641095890410963,0.09853677222561
18,20.695890410958906,0.10285712831375315
