,maturity,rates
1,1.0027397260273974,0.010560654421817924
2,1.8849315068493149,0.017621685176683957
3,2.2301369863013702,0.0198238560494113
4,2.4986301369863013,0.015268513969427584
5,2.556164383561644,0.02187971334118449
6,3.150684931506848,0.02513168755142801
7,3.5342465753424657,0.026754632669920446
8,3.6684931506849314,0.027719023541638445
9,4.147945205479451,0.027794691376793086
10,4.224657534246576,0.03000828053530632
11,4.761643835616439,0.031765471149687724
12,5.145205479452055,0.0332966034594614
13,5.394520547945207,0.03404329762884368
14,6.238356164383561,0.018691258023336783
15,7.312328767123287,0.03982832300830687
16,7.36986301369863,0.03964884790271778
17,7.695890410958903,0.04029016969019957
18,8.654794520547945,0.0424393815974386
19,9.997260273972604,0.044647246799047656
20,10.87945205479452,0.04562868916466407
21,12.317808219178081,0.04782088835681121
22,13.832876712328767,0.04994404010518378
23,14.964383561643837,0.051207446954915185
24,16.709589041095892,0.05378558375283868
