,maturity,rates
0,0.6328767123287671,0.10671565097097396
1,1.3424657534246576,0.10059203717506546
2,1.4958904109589042,0.07416349071197402
3,2.128767123287671,0.09977750296989905
4,2.246575342465753,0.09921928231967783
5,3.4136986301369863,0.11070700144564835
6,3.989041095890411,0.08513130623612905
7,4.449315068493152,0.09802832736864049
8,5.331506849315068,0.0965079212987886
9,5.945205479452055,0.08917384823400179
10,6.597260273972603,0.09522240960112492
11,7.115068493150685,0.09534826041475346
12,7.594520547945206,0.08316272030909069
13,7.671232876712327,0.0954667269381509
14,11.142465753424656,0.09122199494896385
15,12.101369863013696,0.09125768040461742
16,20.156164383561645,0.09282734097128766
