,maturity,rates
1,0.4027397260273973,0.0339305552606638
2,0.8630136986301371,0.049571491065358984
3,0.978082191780822,0.05173573391886625
4,1.4958904109589042,0.04132400277214105
5,2.032876712328767,0.06487546393604493
6,2.742465753424657,0.06991243959365838
7,2.8958904109589043,0.07054411837328371
8,3.5287671232876714,0.07235279259757697
9,3.6465753424657534,0.07300447818524805
10,4.813698630136988,0.07583302633248384
11,5.389041095890411,0.07635533525730903
12,5.849315068493151,0.07638097415802403
13,6.7315068493150685,0.0780650357339014
14,7.345205479452055,0.08218007244707473
15,7.997260273972603,0.07997930941434818
16,8.515068493150684,0.079423967452915
17,9.071232876712331,0.07981821001105728
18,12.542465753424661,0.0826001539579442
19,13.501369863013695,0.08350793001288849
20,21.556164383561644,0.08367885597560766
