,maturity,rates
1,1.0027397260273974,0.019725604057850826
2,1.1205479452054794,0.020537499188246308
3,1.5780821917808217,0.022547173904664847
4,2.287671232876712,0.032433391202088886
5,2.863013698630137,0.03575648708990898
6,3.3232876712328765,0.038939932678085966
7,4.205479452054795,0.04148214230844367
8,4.550684931506848,0.043459179448137736
9,4.8191780821917805,0.04154824065687016
10,5.471232876712329,0.04654323349950105
11,5.9890410958904114,0.04828419622184839
12,6.468493150684933,0.04949238802519172
13,6.545205479452053,0.05005650899942635
14,9.632876712328768,0.05639913255255113
15,10.016438356164382,0.05520408984258205
16,10.975342465753425,0.057787739608511884
17,14.638356164383561,0.0625973241085232
18,19.03013698630137,0.06670454288031556
