,maturity,rates
0,0.3835616438356164,0.05183583251660802
1,1.2657534246575342,0.008760847077876877
2,1.610958904109589,0.0110310550922178
3,1.8794520547945208,0.007147817257592156
4,1.9369863013698632,0.012745512547223446
5,2.5315068493150683,0.015031251509413044
6,2.915068493150685,0.017094204930265103
7,3.0493150684931507,0.01702047040306531
8,3.5287671232876714,0.01713392860367249
9,3.6054794520547935,0.01945851008595561
10,4.142465753424657,0.02177726917051412
11,4.526027397260274,0.02277549470276005
12,4.7753424657534245,0.02376011967282873
13,5.849315068493151,0.026637975539788618
14,6.693150684931508,0.02830698512216352
15,6.750684931506847,0.02855035958515108
16,7.076712328767122,0.028820723122784518
17,7.747945205479453,0.03095955992840921
18,8.035616438356165,0.03089827479710794
19,9.37808219178082,0.0334078147391039
20,10.260273972602741,0.034588152733886685
21,11.698630136986301,0.03601348641226627
22,13.213698630136989,0.03851421028011998
23,14.345205479452055,0.03989509270701132
24,16.09041095890411,0.04223597519683928
25,19.19726027397261,0.043202771004629485
