,maturity,rates
1,0.8438356164383561,0.050101180985485376
2,1.3808219178082193,0.06490217591752748
3,2.0904109589041098,0.07798232882440995
4,2.243835616438356,0.07986994841498557
5,2.8767123287671232,0.08690791842469386
6,2.9945205479452053,0.08678749184031327
7,4.736986301369863,0.09703069992067652
8,5.197260273972604,0.09072921951048916
9,6.0794520547945226,0.10340030814157604
10,6.693150684931508,0.1084065948536094
11,7.863013698630137,0.08754288505909619
12,8.342465753424658,0.10553414489639212
13,11.89041095890411,0.10941182450318693
14,12.849315068493151,0.111896628820568
15,20.904109589041095,0.10748963153712507
