,maturity,rates
1,1.0602739726027397,0.012388709773444766
2,1.6356164383561644,0.017091675897427633
3,2.095890410958904,0.020558627637147026
4,2.9780821917808216,0.025507439453750384
5,3.3232876712328765,0.027409781388548358
6,3.591780821917808,0.02423858102599832
7,3.649315068493152,0.02865653301456692
8,4.243835616438357,0.03087804440807378
9,4.627397260273972,0.031796318654862814
10,4.761643835616439,0.03269786409422145
11,5.317808219178081,0.034344788279642824
12,5.854794520547945,0.0368309390559477
13,6.487671232876713,0.037813340336440564
14,8.405479452054795,0.04253131668948995
15,8.789041095890411,0.04285823917258589
16,9.747945205479452,0.044947332155389874
17,11.090410958904107,0.047055464322832814
18,13.41095890410959,0.04930603904357323
19,14.926027397260276,0.05228324091636296
20,16.057534246575347,0.0530673186990523
21,17.802739726027394,0.05411364497653524
