,maturity,rates
0,0.5616438356164384,0.0936270061527774
1,0.7150684931506849,0.018230412925804285
2,1.347945205479452,0.027265667936168737
3,1.4657534246575343,0.02842887204181388
4,1.8657534246575345,0.02742581793740684
5,1.9232876712328768,0.031220471608761232
6,2.287671232876712,0.031249781297585155
7,2.4219178082191783,0.03714486558635299
8,2.4794520547945207,0.02944873799115565
9,2.632876712328767,0.03866370499988176
10,3.208219178082192,0.04203396928278947
11,3.6684931506849314,0.04483147627553558
12,4.550684931506848,0.047652352794753904
13,4.895890410958904,0.04919963348883489
14,5.1643835616438345,0.047925078426304335
15,5.816438356164384,0.05166913662366916
16,6.3342465753424655,0.053209063319595656
17,6.813698630136987,0.05345698200545914
18,6.890410958904107,0.054313527947152135
19,10.361643835616439,0.058371952040437824
20,11.320547945205481,0.0598981558188534
21,14.983561643835616,0.0632100297072023
22,19.375342465753427,0.06743574441392114
