,maturity,rates
0,0.5013698630136987,0.059166306460536826
1,1.3835616438356164,0.055332803773130976
2,1.7287671232876711,0.05690383232459106
3,1.9972602739726024,0.04905159791376251
4,2.054794520547945,0.05654554212205613
5,2.649315068493151,0.057543186495101074
6,3.032876712328767,0.05778357406360638
7,3.1671232876712327,0.05793938915931127
8,3.6465753424657534,0.055318799549793185
9,3.723287671232877,0.058936947379437846
10,4.2602739726027385,0.05961667861245357
11,4.6438356164383565,0.060340763540602936
12,4.8931506849315065,0.06007377072604484
13,5.967123287671233,0.06123121579943484
14,6.810958904109589,0.0612300436311589
15,6.868493150684931,0.061535691789411345
16,7.1945205479452055,0.061418867462824274
17,8.153424657534247,0.06160995198868368
18,9.495890410958904,0.062415101981826565
19,10.37808219178082,0.06280835674040058
20,11.816438356164383,0.06390749037115832
21,13.331506849315069,0.06552462048313058
22,14.463013698630135,0.06561273950936516
23,16.208219178082196,0.07003279159033754
24,19.315068493150687,0.06611728924483908
