,maturity,rates
1,0.8602739726027397,0.05752408707636442
2,0.9178082191780822,0.05671617677993593
3,1.378082191780822,0.05908521004978268
4,1.4931506849315068,0.0586991456363658
5,2.010958904109589,0.06122916692919305
6,2.317808219178082,0.06330097469096847
7,2.547945205479452,0.06407243696859558
8,3.2575342465753425,0.0669038703531638
9,3.410958904109589,0.06735491278118552
10,4.043835616438357,0.06860103021398012
11,4.161643835616438,0.06750294198929506
12,4.561643835616438,0.07352895601595386
13,5.328767123287672,0.07055700388049764
14,5.904109589041097,0.06886493462485573
15,6.3643835616438365,0.07343920166251103
16,7.2465753424657535,0.07439783889507236
17,7.860273972602742,0.07743511724040195
18,8.512328767123286,0.07564520117536057
19,9.03013698630137,0.0766953701295305
20,9.586301369863014,0.07792778347497857
21,13.057534246575342,0.08275920030939847
22,14.016438356164384,0.07987289030969241
23,22.071232876712326,0.08011340658157863
