,maturity,rates
0,0.7534246575342466,0.07181318705704555
1,1.2136986301369863,0.07144557551464203
2,2.095890410958904,0.07361335942483878
3,2.441095890410959,0.07486524391496457
4,2.7095890410958905,0.06595051115633414
5,2.767123287671233,0.07491334651803082
6,3.3616438356164378,0.07669637816670387
7,3.7452054794520553,0.07714800583528163
8,3.8794520547945206,0.07755968209752194
9,4.358904109589041,0.07733375768405952
10,4.435616438356164,0.07807225841990761
11,4.972602739726027,0.07924832547744964
12,5.6054794520547935,0.07906020077009404
13,7.523287671232878,0.0796225491679287
14,7.580821917808219,0.08130942925351915
15,7.9068493150684915,0.0797437495810466
16,8.865753424657534,0.07992145810866287
17,10.208219178082192,0.0820129618540366
18,12.528767123287674,0.08222858762646668
19,14.043835616438356,0.08179431273295325
20,15.175342465753426,0.08326931896689302
21,16.92054794520548,0.08342620688286019
