,maturity,rates
1,0.6767123287671233,0.05294014937180359
2,0.7342465753424657,0.053845521825129306
3,1.1945205479452057,0.0631751192216521
4,1.3095890410958904,0.06515179667806817
5,1.8273972602739723,0.07153636886695243
6,2.1342465753424658,0.07001404524467794
7,2.364383561643836,0.052448559606318834
8,2.3643845616438357,0.07475995574623713
9,3.0739726027397265,0.07778304758987617
10,3.2273972602739724,0.07795311660847706
11,3.8602739726027404,0.08154591498818152
12,3.9780821917808216,0.08220894027615762
13,4.3780821917808215,0.08529223113489755
14,5.145205479452055,0.08339720906649037
15,5.720547945205479,0.08360791782783089
16,6.1808219178082195,0.08338104052560713
17,7.0630136986301375,0.08464664196812853
18,7.676712328767122,0.09081736050676212
19,8.328767123287669,0.0853954079738425
20,8.846575342465753,0.08671758287937527
21,9.326027397260274,0.0622736691529053
22,9.402739726027397,0.09073792369871717
23,12.873972602739727,0.08889826356399523
24,13.832876712328767,0.08940138765840451
25,21.88767123287672,0.1034679545965024
