,maturity,rates
0,0.3205479452054795,0.07725326252523994
1,0.4383561643835616,0.0077099664964748234
2,0.8383561643835616,0.01284572321136459
3,0.8958904109589041,0.010115856131127086
4,1.3945205479452054,0.018931898113244326
5,1.452054794520548,0.014928562137202275
6,1.6054794520547946,0.020616338909154742
7,2.180821917808219,0.025143581283706216
8,2.6410958904109587,0.028341036330798205
9,3.5232876712328767,0.03256309632560467
10,3.868493150684932,0.034512844201476
11,4.136986301369864,0.03190083210431579
12,4.789041095890411,0.03780701422399095
13,5.172602739726028,0.03900902669052677
14,5.306849315068493,0.039825685065097705
15,5.786301369863014,0.04086208014633777
16,5.863013698630137,0.041312954095927376
17,7.032876712328767,0.04412362509364225
18,8.95068493150685,0.047784708181045854
19,9.334246575342464,0.04796054918759779
20,10.293150684931506,0.04979656592192688
21,11.923287671232874,0.047675988783727995
22,13.956164383561644,0.05431570169671143
23,15.471232876712325,0.05654683718853243
24,18.34794520547945,0.05979683579208099
