,maturity,rates
1,0.6767123287671233,0.00825437468234692
2,1.1369863013698631,0.012512142729350568
3,2.0191780821917806,0.019332743198187983
4,2.364383561643836,0.022107166402638042
5,2.632876712328767,0.017517724124692373
6,2.6904109589041094,0.02404780466220404
7,3.2849315068493152,0.027505626427886003
8,3.6684931506849314,0.029063234342345992
9,3.8027397260273967,0.02996160032683692
10,4.282191780821917,0.030095532084395964
11,4.358904109589041,0.032163420558956414
12,4.895890410958904,0.034555308239316664
13,5.279452054794521,0.03593164073775433
14,5.528767123287671,0.03648251037784924
15,6.372602739726028,0.026980569693217844
16,7.446575342465754,0.042055939929000516
17,7.504109589041097,0.04204330262314406
18,7.83013698630137,0.042223017187349166
19,8.789041095890411,0.044877795915698265
20,10.131506849315068,0.04732271802361174
21,12.452054794520548,0.05047270410816409
22,13.967123287671232,0.052118635085170666
23,15.098630136986301,0.05412569987177253
24,16.843835616438355,0.05575082562396652
