,maturity,rates
1,1.4164383561643836,0.012634080358982414
2,1.6849315068493151,0.011785706012455604
3,1.7424657534246577,0.014953818684406475
4,2.3369863013698637,0.01861751538667832
5,2.7205479452054795,0.02063763241022377
6,2.854794520547945,0.021666179140133645
7,3.3342465753424664,0.02276850842637571
8,3.410958904109589,0.02440510887266617
9,3.5452054794520547,0.024643909575768414
10,3.947945205479452,0.027280979923311337
11,4.331506849315068,0.028894204554952577
12,4.580821917808219,0.029416894210131786
13,5.654794520547945,0.032687676611662116
14,6.498630136986304,0.034759016653546165
15,6.556164383561644,0.034913355362540026
16,6.882191780821918,0.0362026859180698
17,7.553424657534246,0.038220087912697265
18,7.8410958904109584,0.03961477687476285
19,9.183561643835617,0.0416727551822661
20,10.065753424657537,0.04261931559557841
21,11.504109589041095,0.04420877534623325
22,13.019178082191779,0.046960424091004635
23,14.150684931506849,0.04863899349918485
24,15.895890410958906,0.05175959497335654
25,19.002739726027396,0.0529308667746722
