,maturity,rates
1,0.8602739726027397,0.022245200408184725
2,1.4931506849315068,0.03186924994548407
3,1.610958904109589,0.032345452247895395
4,2.068493150684932,0.0349582191125556
5,2.778082191780822,0.0435892586408944
6,3.3534246575342466,0.04693520440987383
7,3.813698630136986,0.048951652847881534
8,4.695890410958904,0.051460219136828966
9,5.04109589041096,0.052556734702254256
10,5.30958904109589,0.04998882660911212
11,5.961643835616439,0.05509580832178538
12,6.479452054794519,0.056438983700787725
13,6.958904109589041,0.056871492060153024
14,7.035616438356165,0.056869780901698565
15,10.123287671232877,0.06115095198349745
16,10.506849315068491,0.06120618360222185
17,11.465753424657533,0.06306783710335605
18,15.128767123287673,0.06641143747655309
19,19.520547945205482,0.06959686021551265
