,maturity,rates
1,1.0328767123287672,0.012369616808541496
2,1.4931506849315068,0.017210002283721545
3,2.3753424657534246,0.023644488650347188
4,2.7205479452054795,0.026479685403460056
5,2.989041095890411,0.021746130884485283
6,3.0465753424657533,0.028209088116038557
7,3.641095890410959,0.03134513223769782
8,4.024657534246575,0.03289023058946504
9,4.158904109589041,0.033963437547990985
10,4.638356164383562,0.034091566538626134
11,4.715068493150685,0.03620607402200344
12,5.252054794520548,0.03921518543848489
13,5.884931506849315,0.041200698122773514
14,7.802739726027397,0.04590667373218684
15,8.186301369863013,0.04653482240388583
16,9.145205479452057,0.049046390872770115
17,10.487671232876714,0.05148555515335192
18,12.808219178082194,0.05403177894771749
19,14.323287671232874,0.05635950610691499
20,15.454794520547946,0.057716262203216885
21,17.2,0.058730305172634285
