,maturity,rates
1,0.6191780821917808,0.029985812105765643
2,0.9260273972602739,0.039604487972057435
3,1.1561643835616435,0.032315589694380566
4,1.1561653835616434,0.044266212833785255
5,1.8657534246575345,0.05777842320983991
6,2.0191780821917806,0.05886354362485514
7,2.652054794520548,0.06560952139678368
8,2.7698630136986298,0.06841186390181389
9,3.2273972602739724,0.06996095701274375
10,3.7260273972602738,0.07530647710223012
11,4.512328767123288,0.07779216476511695
12,5.854794520547945,0.08274092462238869
13,6.468493150684933,0.0850925114294565
14,7.120547945205479,0.08639942535685015
15,8.117808219178082,0.0948187596029832
16,8.194520547945206,0.08522134031960787
17,11.665753424657536,0.08806549639730367
18,12.624657534246573,0.08902419896227495
19,20.67945205479452,0.09245897481799213
