,maturity,rates
1,0.5506849315068493,0.05509462483817672
2,0.8191780821917808,0.0577351529665643
3,0.8767123287671232,0.0598191207050153
4,1.336986301369863,0.061251751759133916
5,1.452054794520548,0.06081509836548268
6,1.9698630136986297,0.06489005827826097
7,2.2767123287671227,0.06570089835942328
8,2.5068493150684934,0.05953154370429886
9,2.506850315068493,0.06716590624261108
10,3.2164383561643834,0.06563531775610318
11,3.3698630136986303,0.07144263809130845
12,4.002739726027397,0.07331210386333609
13,4.120547945205479,0.07336449748660677
14,4.5205479452054815,0.07823583459543633
15,5.287671232876712,0.07541468666368492
16,5.863013698630137,0.07691326268281745
17,6.323287671232878,0.07797736586229273
18,7.205479452054795,0.07920056153013348
19,7.8191780821917805,0.07134354942750568
20,8.471232876712326,0.07997861360360546
21,8.98904109589041,0.0810109234623094
22,9.468493150684932,0.0634562465152149
23,9.545205479452054,0.08215548625961401
24,13.016438356164384,0.08248836533960699
25,13.975342465753426,0.08312654812233733
26,22.03013698630137,0.08777024075645379
