,maturity,rates
0,0.8986301369863013,0.06928676213242715
1,1.4739726027397257,0.06776406140233089
2,1.9342465753424656,0.06882093042497588
3,2.8164383561643835,0.06895797819732533
4,3.1616438356164385,0.0702222322011017
5,3.4301369863013704,0.06275046424048174
6,3.4876712328767123,0.07160843436245407
7,4.082191780821918,0.0715806561425495
8,4.465753424657534,0.07261534846438499
9,4.6,0.07293629789951103
10,5.079452054794522,0.07119349776953358
11,5.156164383561643,0.07255924455046124
12,5.693150684931508,0.07442573385468255
13,6.326027397260273,0.07373725004109365
14,8.243835616438357,0.07516010805511178
15,8.627397260273973,0.07485907758242213
16,9.586301369863014,0.07423440284703263
17,10.92876712328767,0.07467085958446068
18,13.24931506849315,0.07537984685902363
19,14.764383561643836,0.07580282235442612
20,15.895890410958906,0.07549366765664575
21,17.641095890410963,0.07548789043335803
