,maturity,rates
0,0.2054794520547945,0.04339118238511438
1,0.3397260273972603,0.004737241010347412
2,0.3972602739726027,0.0052376812730058455
3,0.5506849315068493,0.007283476859151146
4,1.126027397260274,0.013534070487572887
5,1.5863013698630135,0.017909533975086996
6,2.4684931506849317,0.025174116365498468
7,2.8136986301369857,0.027548381412152483
8,3.0821917808219177,0.02268038855437417
9,3.1397260273972605,0.029258927193252533
10,3.7342465753424654,0.03206269579658741
11,4.117808219178082,0.03379621369361232
12,4.252054794520548,0.03466931608189211
13,4.7315068493150685,0.03429427186033256
14,4.808219178082191,0.0369189294848486
15,5.345205479452055,0.03978246057697084
16,5.978082191780822,0.04175899703046692
17,7.895890410958903,0.046207162672368005
18,8.279452054794518,0.04694241777223822
19,9.238356164383562,0.0490601151087207
20,10.58082191780822,0.05151953042103797
21,12.901369863013699,0.05410827453200713
22,14.416438356164385,0.05595032247425903
23,15.547945205479452,0.05714497950158669
24,17.293150684931508,0.05803938626973284
