,maturity,rates
0,0.8109589041095892,0.04257883854718551
1,1.1561643835616435,0.006261548738041898
2,1.4246575342465753,0.005659674992448211
3,1.4821917808219178,0.007917209061572178
4,2.0767123287671234,0.009973226750042509
5,2.46027397260274,0.01156755780049823
6,2.5945205479452054,0.011880678455987169
7,3.0739726027397265,0.012712445561068668
8,3.150684931506848,0.013823061116108004
9,3.2849315068493152,0.01477005498504294
10,3.6876712328767125,0.01562772131689255
11,4.071232876712329,0.016393948226019188
12,4.32054794520548,0.017484392304278444
13,5.068493150684932,0.020398902800737164
14,5.1643835616438345,-0.009748017337838623
15,5.394520547945207,0.020552161376867724
16,6.087671232876713,0.05667816029197841
17,6.238356164383561,0.02203266594917254
18,6.295890410958903,0.021900292421670343
19,6.6219178082191785,0.022597926977262008
20,7.293150684931509,0.025021234479734082
21,7.580821917808219,0.0245816356064092
22,8.923287671232877,0.027941406505287168
23,9.805479452054792,0.0289261846635224
24,11.243835616438355,0.030868397903902844
25,12.758904109589038,0.03329192125701786
26,13.89041095890411,0.034789064555089996
27,15.079452054794519,0.036040016824356466
28,15.635616438356163,0.03634822667176838
29,18.742465753424657,0.0383663587722119
