,maturity,rates
0,0.019178082191780826,0.11359311523264455
1,0.536986301369863,0.024664047276707228
2,1.073972602739726,0.02760164034477267
3,1.073973602739726,0.04055538721959062
4,1.7835616438356163,0.05452188170280454
5,1.9369863013698632,0.05660361813433505
6,2.5698630136986296,0.06428472207862977
7,2.6876712328767125,0.0653331654441491
8,3.0876712328767124,0.06851605711883528
9,3.1452054794520548,0.06760561680783349
10,3.643835616438357,0.07249985093009656
11,4.890410958904108,0.07963888374114382
12,5.772602739726027,0.0815990622270151
13,6.3863013698630136,0.08376001954688662
14,7.556164383561644,0.08456337864780346
15,8.035616438356165,0.08795922580188045
16,8.112328767123287,0.08679388570858589
17,11.583561643835615,0.08954533549016025
18,12.542465753424661,0.09020584030920953
19,20.5972602739726,0.09243286816976024
