,maturity,rates
1,1.16986301369863,0.04459343827596912
2,1.8794520547945208,0.057974069819617585
3,2.032876712328767,0.058640769503418025
4,2.665753424657534,0.06518779146757991
5,2.7835616438356166,0.06719945633305531
6,3.2410958904109592,0.07094372929617898
7,3.9506849315068484,0.07394202320522315
8,4.526027397260274,0.07655402449764133
9,4.986301369863012,0.07104072653498128
10,5.868493150684931,0.08082384518262985
11,6.482191780821919,0.0779311944885835
12,7.134246575342464,0.08219809271068643
13,7.652054794520548,0.08313370192976524
14,8.131506849315068,0.09196392749204484
15,8.208219178082192,0.08357058909283001
16,11.679452054794519,0.0861945261581871
17,12.638356164383561,0.08742638269635923
18,20.693150684931506,0.09271608930571848
