,maturity,rates
0,0.2547945205479452,0.08535361863843029
1,0.40821917808219177,0.009661896273385052
2,1.0410958904109588,0.01999713787584104
3,1.158904109589041,0.02110320126438977
4,1.5589041095890408,0.019257761538241245
5,1.6164383561643836,0.024958177078785074
6,1.9808219178082191,0.023482098853006592
7,2.115068493150685,0.030114790572895005
8,2.1726027397260275,0.024430846554664168
9,2.326027397260274,0.03251470759716903
10,2.9013698630136986,0.036770268654667364
11,3.3616438356164378,0.03879159920961903
12,4.243835616438357,0.04183779307323612
13,4.589041095890411,0.042807030505474034
14,4.857534246575343,0.042224648696657464
15,5.5095890410958885,0.045813898263594416
16,6.027397260273973,0.04791230937154891
17,6.506849315068492,0.048925709713382386
18,6.583561643835616,0.049363449196871724
19,9.671232876712331,0.055516779576171585
20,10.054794520547944,0.05474941618690786
21,11.013698630136986,0.057280046892646576
22,14.676712328767126,0.061914751400943185
23,19.068493150684933,0.06508519336483727
