,maturity,rates
1,1.0,0.019727082623012367
2,1.1178082191780825,0.02085694004166191
3,1.5753424657534247,0.022486473423239683
4,2.2849315068493152,0.032173095383933786
5,2.8602739726027395,0.03607750658672386
6,3.32054794520548,0.0390560657262474
7,4.2027397260273975,0.042299325096809184
8,4.5479452054794525,0.043255797730955614
9,4.816438356164384,0.0414850377482027
10,5.468493150684932,0.046701599672908066
11,5.986301369863014,0.04816456057304904
12,6.465753424657534,0.04947734443503198
13,6.542465753424658,0.04952073712631164
14,9.63013698630137,0.056220022711736414
15,10.013698630136986,0.05512557750232598
16,10.972602739726028,0.057916679968301014
17,14.635616438356163,0.06232427690255496
18,19.02739726027397,0.06654329577590977
