,maturity,rates
0,0.5808219178082191,0.06296955612886629
1,1.2904109589041095,0.06659953988769998
2,1.8657534246575345,0.0662055398211276
3,2.326027397260274,0.06676100294334228
4,3.208219178082192,0.06599023790143617
5,3.5534246575342467,0.06735749659897348
6,3.821917808219178,0.06250988839773294
7,3.8794520547945206,0.06811364829602985
8,4.473972602739726,0.06761814227036633
9,4.857534246575343,0.06794298056804725
10,4.991780821917809,0.06759779474944946
11,5.471232876712329,0.06500238010321044
12,5.5479452054794525,0.06795596033188905
13,6.717808219178082,0.07061558923808321
14,8.635616438356163,0.07180318192067515
15,9.019178082191779,0.0711789565134583
16,9.97808219178082,0.07244152783514353
17,13.641095890410963,0.07436056147319581
18,15.156164383561645,0.07569786118496194
19,18.032876712328772,0.07538484645110673
