,maturity,rates
1,1.2821917808219179,0.015059937277266209
2,1.7424657534246577,0.01973575497508309
3,2.6246575342465754,0.02584222287939153
4,2.96986301369863,0.02869439688590433
5,3.238356164383561,0.024273897726667614
6,3.2958904109589042,0.03084820983047443
7,3.8904109589041096,0.03379133836744334
8,4.273972602739726,0.03549239312627877
9,4.4082191780821915,0.036836891687883136
10,4.887671232876713,0.0373572877072503
11,4.964383561643834,0.03905461525109797
12,5.501369863013698,0.04044991020266344
13,6.134246575342464,0.04254752000468082
14,8.052054794520547,0.04749076396516935
15,8.435616438356165,0.04847639342204997
16,9.394520547945207,0.0506998933989675
17,10.736986301369864,0.053108639617767836
18,13.057534246575342,0.054777127851474386
19,14.572602739726028,0.05673329270736562
20,15.704109589041094,0.058327286526785385
21,17.44931506849315,0.05878964162916182
