,maturity,rates
1,1.2657534246575342,0.051140304586626405
2,1.9753424657534249,0.062380954557101326
3,2.128767123287671,0.06195752721223784
4,2.7616438356164386,0.07107540413426758
5,2.8794520547945206,0.07120765645158537
6,4.046575342465753,0.07818499790929766
7,4.6219178082191785,0.07999582062896142
8,5.082191780821918,0.08147517246436868
9,5.964383561643835,0.08448387466720955
10,6.578082191780823,0.08723750159560177
11,7.230136986301369,0.08675620051780211
12,7.747945205479453,0.0881264480008424
13,8.304109589041095,0.0874832575083121
14,11.775342465753427,0.08890114530441136
15,12.734246575342464,0.09040160197784194
