,maturity,rates
0,0.926027397260274,0.06786730641339411
1,1.9616438356164383,0.06573485293162407
2,2.8438356164383563,0.06583678595653993
3,3.1890410958904107,0.06675695068087294
4,3.4575342465753423,0.061455540061451035
5,3.515068493150685,0.06747650608949042
6,4.109589041095891,0.06728205819641443
7,4.6273972602739715,0.06777100035998658
8,5.1068493150684935,0.06631457927495575
9,5.183561643835616,0.06792908798313467
10,5.720547945205479,0.07063005753615972
11,6.353424657534248,0.07077752657396384
12,8.271232876712329,0.07377898490020365
13,8.654794520547945,0.07319876719204782
14,9.613698630136986,0.07320514122400511
15,10.956164383561644,0.07366614808466142
16,13.276712328767125,0.07483237678618304
17,14.791780821917806,0.07504031956465618
18,15.923287671232874,0.07465128118321492
19,17.668493150684927,0.07476449272459232
