,maturity,rates
1,0.8493150684931506,0.008770302269439862
2,1.7315068493150685,0.015442952741946332
3,2.0767123287671234,0.017536349156287098
4,2.345205479452055,0.013305367667286657
5,2.4027397260273973,0.019740761845474068
6,2.9972602739726018,0.022313109759075238
7,3.38082191780822,0.024332465612352784
8,3.515068493150685,0.02458416366130984
9,3.994520547945205,0.023896803319870846
10,4.071232876712329,0.0268196648648868
11,4.608219178082192,0.028755131134775413
12,4.991780821917809,0.02971971077300617
13,5.241095890410959,0.030687817117529742
14,6.315068493150685,0.03381282090947108
15,7.1589041095890416,0.03536137375679205
16,7.216438356164383,0.035659356900297354
17,7.542465753424658,0.035812437340370734
18,8.501369863013696,0.038000029543262426
19,9.843835616438355,0.04060758285893392
20,10.726027397260275,0.04186720384488557
21,12.164383561643836,0.04307660599562254
22,13.679452054794519,0.04545628455023742
23,14.810958904109588,0.04705000207805789
24,16.556164383561644,0.050073305322865774
25,19.663013698630138,0.049596700445346684
