,maturity,rates
0,0.1178082191780822,0.06978210643367856
1,0.2356164383561644,0.0037408637759348655
2,0.6356164383561644,0.009067102375525044
3,1.1917808219178083,0.015202628246037969
4,1.4027397260273973,0.017299152657430428
5,1.9780821917808216,0.021866802197295768
6,2.4383561643835616,0.024914684057564317
7,3.32054794520548,0.029653540737670826
8,3.6657534246575336,0.03102326162714333
9,3.9342465753424656,0.028336570823708933
10,3.991780821917808,0.03291540116929189
11,4.586301369863014,0.034292169872776335
12,4.96986301369863,0.03624718849018705
13,5.104109589041096,0.03623979668598908
14,5.583561643835616,0.0371468726942936
15,5.660273972602742,0.03774921668185921
16,6.83013698630137,0.04155833683245234
18,8.747945205479452,0.03940111321234879
19,9.131506849315068,0.03961302361657879
20,10.090410958904108,0.0410928370897368
21,11.720547945205483,0.0375953520840657
22,13.753424657534245,0.048031737518878
23,15.268493150684929,0.05130567064674893
24,18.145205479452056,0.0540317769727886
