,maturity,rates
1,1.16986301369863,0.008069883324920025
2,1.515068493150685,0.009916911293881671
3,1.7835616438356163,0.006607388265657577
4,1.8410958904109591,0.011859452109233238
5,2.4356164383561643,0.014453085096408068
6,2.8191780821917813,0.0159218980126359
7,2.9534246575342467,0.016687736749785506
8,3.432876712328768,0.0168564398653464
9,3.5095890410958903,0.018330041104491258
10,4.046575342465753,0.02028711480836289
11,4.4301369863013695,0.02168551190724636
12,4.67945205479452,0.0221375731239448
13,5.753424657534247,0.024965841225871508
14,6.597260273972603,0.026615050332593457
15,6.654794520547945,0.0267736983180786
16,6.980821917808219,0.024481041555750826
17,7.652054794520548,0.029464812886195287
18,7.93972602739726,0.029728049925386763
19,9.282191780821918,0.03174959808135515
20,10.164383561643836,0.032932308320767836
21,11.602739726027398,0.03438497704199015
22,13.117808219178086,0.03664044422139173
23,14.24931506849315,0.038207385160626585
24,15.994520547945205,0.03853053380598848
25,19.10136986301369,0.04178754995367558
