,maturity,rates
1,0.5561643835616439,0.047535780004359665
2,1.0164383561643835,0.055701505381162884
3,1.1315068493150684,0.05576425905240008
4,1.6493150684931508,0.06364271122240264
5,2.1863013698630143,0.06792572901798964
6,2.8958904109589043,0.0712752633230084
7,3.0493150684931507,0.07148758241745685
8,3.6821917808219182,0.07301488031199503
9,3.8,0.07371999188980351
10,4.9671232876712335,0.07665916153697225
11,5.542465753424659,0.07615870158436043
12,6.002739726027397,0.07624290011779658
13,6.884931506849315,0.0784197828376107
14,7.498630136986303,0.08120399830861684
15,8.150684931506849,0.07988897728717775
16,8.668493150684931,0.0793562958926976
17,9.224657534246576,0.08061152404375736
18,12.695890410958905,0.08268179536418098
19,13.654794520547945,0.08352370692606642
