,maturity,rates
0,0.28493150684931506,0.08410036629675308
1,0.4383561643835616,0.010225837398516948
2,1.0712328767123287,0.020977360723184298
3,1.1890410958904107,0.021103675500888548
4,1.5890410958904109,0.02015100877692985
5,1.6465753424657534,0.023724454143158345
6,2.1452054794520548,0.030213067314439318
7,2.356164383561644,0.03263190147599107
8,2.9315068493150687,0.0365600633893828
9,3.3917808219178083,0.04001587229845373
10,4.273972602739726,0.04281178638947263
11,4.887671232876713,0.041861533657145185
12,5.53972602739726,0.047220670617129736
13,6.057534246575343,0.05040887497451328
14,6.536986301369862,0.052433238381242905
15,6.613698630136986,0.050888377322430664
16,9.7013698630137,0.057241702874620624
17,10.084931506849315,0.05709969161531767
18,11.043835616438356,0.05892188718072031
19,12.673972602739726,0.0639611015656908
20,14.706849315068496,0.06349056854222622
21,19.0986301369863,0.06552355002628665
