,maturity,rates
0,0.4027397260273973,0.07543128978453871
1,0.4602739726027397,0.06893359805078585
2,0.9205479452054794,0.07613166633899933
3,1.0356164383561643,0.07594895759406513
4,1.5534246575342463,0.07764504234484697
5,2.9534246575342467,0.07903805549416737
6,3.5863013698630137,0.07892784409394327
7,3.704109589041096,0.07914023837075204
8,4.8712328767123285,0.07929150378143388
9,5.9068493150684915,0.07860338242424889
10,6.789041095890411,0.07990395402995043
11,7.402739726027397,0.08338379237807235
12,8.054794520547945,0.08055430105701547
13,8.572602739726028,0.07971605979796875
14,9.052054794520547,0.11135211926363914
15,9.128767123287671,0.07976967346861741
16,12.6,0.08131329095413165
17,13.558904109589042,0.0825524324784833
