,maturity,rates
1,0.6136986301369863,0.028992147551649625
2,0.9205479452054794,0.03871909521473809
3,1.1506849315068493,0.03127542552617588
4,1.1506859315068492,0.04365997335626294
5,1.86027397260274,0.056599229979534475
6,2.0136986301369864,0.0579577858331005
7,2.646575342465753,0.0668566286733179
8,2.7643835616438355,0.06614895814936306
9,3.221917808219178,0.07052157859585248
10,3.72054794520548,0.07156383140441365
11,3.9315068493150687,0.07343240043502472
12,5.849315068493151,0.07950572358006765
13,6.463013698630138,0.08456233141304759
14,7.115068493150685,0.08191262064845636
15,7.632876712328768,0.08253748394793453
16,8.189041095890412,0.08388849696706432
17,11.66027397260274,0.08586136866492948
18,12.61917808219178,0.0866910990252442
19,20.673972602739727,0.09517559270964188
