,maturity,rates
0,0.15616438356164386,0.0655082667880858
1,0.2904109589041096,0.0040397182362211185
2,0.3479452054794521,0.00486044735243011
3,0.5013698630136987,0.006665882168098182
4,1.0767123287671232,0.013110365191436487
5,1.5369863013698633,0.017728561652996175
6,2.419178082191781,0.024928241331008683
7,2.7643835616438355,0.027484650096837974
8,3.032876712328767,0.022510156986261867
9,3.0904109589041098,0.029564692634176288
10,3.684931506849315,0.032656131686814645
11,4.068493150684931,0.03470364147279613
12,4.2027397260273975,0.03573406995361405
13,4.758904109589041,0.038376211174279334
14,5.295890410958903,0.04121892886498986
15,5.9287671232876695,0.04311044015996743
16,6.772602739726027,0.026791865587132452
17,7.846575342465752,0.04867197226045624
18,8.23013698630137,0.04923625383933025
19,9.189041095890412,0.051270117013855684
20,10.531506849315068,0.05371843843693748
21,12.852054794520548,0.05660383702851396
22,14.367123287671232,0.058563746489904776
23,15.498630136986305,0.058711698140713975
24,17.243835616438357,0.060200917027829176
