,maturity,rates
0,0.024657534246575345,0.0797134229017376
1,0.0821917808219178,0.0008782385620276199
2,0.2356164383561644,0.00328613643884398
3,0.8109589041095892,0.009894854999377162
4,1.2712328767123289,0.014475642918468687
5,2.1534246575342464,0.020889887084349558
6,2.4986301369863013,0.023179539910522004
7,2.767123287671233,0.0193490074456733
8,2.824657534246575,0.025490046800801292
9,3.419178082191781,0.0288407097484616
10,3.8027397260273967,0.03061818313531468
11,3.936986301369863,0.03144323817159637
12,4.416438356164384,0.03128859282928967
13,4.493150684931507,0.03301194006951925
14,5.03013698630137,0.035631380251525326
15,5.663013698630137,0.037375056320217516
16,7.580821917808219,0.04203922165185663
17,7.638356164383563,0.042493759335693534
18,7.964383561643835,0.04331882021185388
19,8.923287671232877,0.045642630286647716
20,10.265753424657532,0.048507942449998426
21,10.553424657534247,0.030169735674017737
22,12.586301369863017,0.050651035460384713
23,14.101369863013694,0.052830473916510884
24,15.232876712328768,0.0554740313161109
25,16.97808219178082,0.05589427326842408
