,maturity,rates
0,0.9972602739726028,0.057451341473061975
1,1.3424657534246576,0.056716701889358616
2,1.610958904109589,0.05040428056981815
3,1.6684931506849314,0.05867549949236662
4,2.263013698630137,0.0590937284677859
5,2.646575342465753,0.05947054538036784
6,2.780821917808219,0.05945309777212917
7,3.2602739726027403,0.06284723155228918
8,3.3369863013698633,0.06033814779843828
9,3.4712328767123286,0.06086271322287913
10,3.8739726027397263,0.06225887615906116
11,4.257534246575342,0.06239932003782273
12,4.506849315068493,0.062393444906132085
13,5.580821917808219,0.06394275556997076
14,6.424657534246576,0.06398917074980665
15,6.4821917808219185,0.05481821701676718
16,6.808219178082192,0.06416152821771763
17,7.479452054794519,0.059697139704676494
18,7.767123287671232,0.06511711108036444
19,9.10958904109589,0.06609260535005211
20,9.991780821917807,0.06637977292162123
21,11.43013698630137,0.06743395138014505
22,12.945205479452055,0.06762654874047336
23,14.076712328767126,0.06766071926553777
24,15.821917808219178,0.06877155420147008
25,18.928767123287674,0.06838128977646223
