,maturity,rates
1,0.6301369863013698,0.047780093308347364
2,0.6876712328767123,0.04833423789710179
3,1.1479452054794521,0.059731748007279074
4,1.263013698630137,0.060297770930400514
5,1.7808219178082192,0.06563940538722708
6,2.317808219178082,0.06724475964922955
7,3.0273972602739727,0.07079561701810452
8,3.1808219178082187,0.07063727616075244
9,3.813698630136986,0.07298752056426472
10,5.0986301369863005,0.07612590951321778
11,5.6739726027397275,0.07828471074793662
12,6.134246575342464,0.07850718103128704
13,7.016438356164382,0.08003424208305866
14,7.63013698630137,0.0849996781603187
15,8.282191780821918,0.08166048414137184
16,8.8,0.08240791496736184
17,9.356164383561644,0.08300398505459915
18,12.82739726027397,0.08453266511642117
19,13.786301369863011,0.0851441618314369
20,21.841095890410962,0.08916685425284937
