,maturity,rates
0,0.7123287671232876,0.07350430021374299
1,1.1726027397260277,0.07230935904925764
2,2.054794520547945,0.0741536194902307
3,2.4,0.07449596554535144
4,2.6684931506849314,0.06647726293207813
5,2.7260273972602738,0.07450561976538292
6,3.32054794520548,0.07599279358587888
7,3.704109589041096,0.07628772922857197
8,3.8383561643835615,0.07620536382907817
9,4.317808219178081,0.07536856241921397
10,4.3945205479452065,0.07638751317244456
11,4.931506849315068,0.07680273434460491
12,5.564383561643837,0.07682136205635054
13,7.4821917808219185,0.07747967582793883
14,7.5397260273972595,0.07901883313304038
15,7.865753424657536,0.07719174169422104
16,8.824657534246576,0.07790483858953977
17,10.167123287671233,0.0799993481428867
18,12.487671232876714,0.08033191241096958
19,14.002739726027393,0.08013498236798419
20,15.134246575342464,0.08159673561871292
21,16.87945205479452,0.08245290037025141
