,maturity,rates
0,0.1506849315068493,0.049600620077675024
1,1.0328767123287672,0.007714579735293567
2,1.378082191780822,0.010167697907757416
3,1.6465753424657534,0.009642548067861674
4,1.704109589041096,0.012453119643965765
5,2.2986301369863016,0.01552313772771809
6,2.682191780821918,0.017622240321595296
7,2.8164383561643835,0.01844054736896794
8,3.2958904109589042,0.018503908491815102
9,3.3726027397260268,0.02099491270805548
10,3.506849315068493,0.020627584997897026
11,3.9095890410958902,0.023087597372550242
12,4.293150684931507,0.024175920596746614
13,4.542465753424658,0.024586674081028773
14,5.3863013698630136,-0.00292689575646556
15,5.616438356164384,0.02783936146940072
16,6.30958904109589,0.06892064918392284
17,6.4602739726027405,0.030016452783597394
18,6.5178082191780815,0.029376676948112874
19,6.843835616438358,0.030111911732364383
20,7.515068493150685,0.03184205217109058
21,7.802739726027397,0.0327185479841734
22,9.145205479452057,0.034873785231887874
23,9.432876712328767,0.01568928940186123
24,10.027397260273975,0.03592977574261751
25,11.465753424657533,0.0380823407266037
26,12.980821917808221,0.03941839233671753
27,14.112328767123287,0.041374086004084286
28,15.857534246575346,0.045078880244308936
29,18.964383561643835,0.044552147123281066
