,maturity,rates
0,0.6657534246575343,0.07623872205309208
1,1.1260273972602741,0.0725773207774728
2,2.008219178082192,0.07413233840914119
3,2.3534246575342466,0.07489906570523729
4,2.6219178082191785,0.06538569753962965
5,2.6794520547945204,0.07528002164805836
6,3.2739726027397262,0.07633156878289626
7,3.6575342465753424,0.07610264399500391
8,3.791780821917808,0.07577903943541707
9,4.271232876712329,0.07593676877259874
10,4.347945205479451,0.0760149394365045
11,4.884931506849315,0.07645652201345099
12,5.268493150684932,0.07786998158376682
13,5.5178082191780815,0.07712010213351246
14,7.435616438356163,0.07793545005329633
15,7.493150684931508,0.07954251169966067
16,7.81917808219178,0.07711244490160908
17,8.778082191780822,0.07839730673344819
18,10.12054794520548,0.0794514909236026
19,12.441095890410958,0.08002209441075209
20,13.956164383561644,0.0808855298033672
21,15.087671232876714,0.08231004298259566
22,16.832876712328765,0.08355306329650497
