,maturity,rates
1,1.3753424657534246,0.01015049787744066
2,1.643835616438356,0.009749163943039308
3,1.7013698630136986,0.012319454455663192
4,2.2958904109589042,0.015498348249081525
5,2.6794520547945204,0.017410541148362706
6,2.8136986301369857,0.018327690886996508
7,3.2931506849315078,0.017153064041207117
8,3.3698630136986303,0.020634803547720484
9,3.504109589041096,0.02157304391033896
10,3.906849315068493,0.02287795138320394
11,4.2904109589041095,0.023737722322843186
12,4.53972602739726,0.024295894994993808
13,5.613698630136986,0.027557718932095927
14,6.457534246575342,0.02953828337592158
15,6.515068493150685,0.02944784757564656
16,6.8410958904109584,0.029718806461585943
17,7.512328767123287,0.03171043067941877
18,7.8,0.032576022382694886
19,9.142465753424656,0.03445892744405653
20,10.024657534246575,0.03564658310182522
21,11.463013698630135,0.03770635868493923
22,12.97808219178082,0.03938529708281214
23,14.10958904109589,0.04102325546633885
24,15.854794520547946,0.042628544761916166
25,18.961643835616442,0.04474140075657166
