,maturity,rates
1,1.0,0.0197921218956045
2,1.4575342465753425,0.022268990347478385
3,2.1671232876712327,0.03151040889646658
4,2.742465753424657,0.035520842687699665
5,3.202739726027397,0.037984748663594484
6,4.084931506849316,0.04102825010920566
7,4.4301369863013695,0.042817077625705684
8,4.698630136986301,0.04190415756735865
9,5.35068493150685,0.04588863352445323
10,5.734246575342466,0.047161291450715626
11,5.868493150684931,0.047888042428559215
12,6.347945205479452,0.050680018897009606
13,6.424657534246576,0.04874891092460544
14,9.512328767123286,0.05444314554648026
15,9.895890410958904,0.05440241744494008
16,10.854794520547943,0.05664890333061455
17,14.517808219178082,0.060227536355192124
18,16.032876712328772,0.06211468054544453
19,18.90958904109589,0.06542688393492734
