,maturity,rates
1,1.2328767123287672,0.014968839695584131
2,1.6931506849315068,0.01978998310616847
3,2.5753424657534247,0.02578799246469264
4,2.9205479452054797,0.02860269772707438
5,3.1890410958904107,0.025596178683024967
6,3.246575342465753,0.030748218532855445
7,3.8410958904109593,0.03351613193149666
8,4.224657534246576,0.035766826644551886
9,4.358904109589041,0.03659142987008632
10,4.838356164383562,0.036966550234457
11,4.9150684931506845,0.03878819839060497
12,5.4520547945205475,0.04114390848534525
13,6.084931506849316,0.042637083566846784
14,8.002739726027396,0.04827010559907358
15,8.386301369863014,0.049298640288657256
16,9.345205479452057,0.05153807199924992
17,10.687671232876713,0.05348463744336472
18,13.008219178082195,0.055595296235828186
19,14.523287671232874,0.05783249921601723
20,15.654794520547945,0.059434400829950024
21,17.4,0.059008982977568174
