,maturity,rates
1,0.9452054794520548,0.02521062767383929
2,1.5780821917808217,0.033772158478455314
3,1.6958904109589041,0.03448408861389336
4,2.863013698630137,0.04454657101950457
5,3.4383561643835616,0.04705472801744537
6,3.8986301369863017,0.04922530416714423
7,4.780821917808218,0.051270275052165686
8,5.126027397260274,0.052526140131486265
9,5.394520547945207,0.051255919397353585
10,6.0465753424657525,0.05442892106124582
11,6.5643835616438375,0.05548290521312232
12,7.043835616438358,0.056519629302492574
13,7.120547945205479,0.05653257597370043
14,10.591780821917807,0.060088099840335925
15,11.550684931506849,0.061529242975126276
16,15.213698630136989,0.06521083280084046
17,19.6054794520548,0.0706518299208853
