,maturity,rates
1,0.9972602739726028,0.0025080429419269373
2,1.3424657534246576,0.00968901717971075
3,1.610958904109589,0.008692478796322591
4,1.6684931506849314,0.011758817811139223
5,2.263013698630137,0.014789118908363662
6,2.646575342465753,0.016471075798818475
7,2.780821917808219,0.017175043427841815
8,3.2602739726027403,0.017806592234873055
9,3.3369863013698637,0.019571055414351727
10,3.4712328767123286,0.020512091267819568
11,3.8739726027397263,0.022115038154430288
12,4.257534246575342,0.023092405911481945
13,4.506849315068493,0.023627520139682404
14,5.35068493150685,-0.00811958546586402
15,5.580821917808219,0.027003010736522403
16,6.273972602739726,0.06562694478822342
17,6.424657534246576,0.029009592067986825
18,6.482191780821919,0.02583896548308056
19,6.808219178082192,0.02960734323132956
20,7.479452054794519,0.02979580446309088
21,7.767123287671232,0.031990528591756426
22,9.10958904109589,0.03445235164103879
23,9.991780821917807,0.035320905256995674
24,11.43013698630137,0.03740500215695298
25,12.945205479452055,0.039536764525251865
26,14.076712328767126,0.040773429448958884
27,15.821917808219178,0.042376448098738966
28,18.928767123287674,0.04463024284209701
