,maturity,rates
1,1.1561643835616435,0.007869510531743855
2,1.5013698630136991,0.00974362951670583
3,1.7698630136986302,0.006443751387957576
4,1.8273972602739723,0.011642328698665468
5,2.4219178082191783,0.014321654289997309
6,2.8054794520547945,0.015763927598270357
7,2.9397260273972603,0.016529380878885325
8,3.419178082191781,0.01677874795087434
9,3.495890410958904,0.0181763747353546
10,4.032876712328767,0.020068119370189447
11,4.416438356164384,0.021319707980852545
12,4.665753424657535,0.02179109989642294
13,5.7397260273972615,0.0245942264117138
14,6.583561643835616,0.026143714485792256
15,6.641095890410957,0.026279884235061002
16,6.967123287671233,0.02697171334267256
17,7.638356164383563,0.02885761687722715
18,7.926027397260274,0.029191824791567813
19,9.26849315068493,0.031105812116209882
20,10.150684931506847,0.032504714728635684
21,11.58904109589041,0.0340250000638079
22,13.104109589041094,0.03629354415171508
23,14.235616438356164,0.037885828429002885
24,15.980821917808221,0.040872484738080264
25,19.087671232876712,0.0411369865583878
