,maturity,rates
1,0.5698630136986301,0.05015936318505095
2,1.0876712328767124,0.07694820439891427
3,1.6246575342465754,0.08821459311291563
4,2.334246575342466,0.10252101239926684
5,2.4876712328767123,0.10516505469417324
6,3.1205479452054794,0.110217500978225
7,3.238356164383561,0.11006560019139967
8,4.405479452054794,0.11645917366010933
9,4.9808219178082185,0.11888742085427186
10,5.441095890410958,0.11562411844939699
11,6.323287671232878,0.11767851518750387
12,6.936986301369863,0.11091880341520788
13,7.589041095890411,0.1170816235785376
14,8.10684931506849,0.11215191925135563
15,8.586301369863014,0.13424899659768455
16,8.663013698630136,0.1070226090970992
17,12.134246575342464,0.10699106033042187
18,13.093150684931507,0.1084148968452558
19,21.14794520547945,0.09443421557290736
