,maturity,rates
1,1.2246575342465753,0.03485075693245672
2,1.378082191780822,0.03787628810208029
3,2.010958904109589,0.046255108705527376
4,2.128767123287671,0.04660334017649353
5,2.5863013698630137,0.05041211952402302
6,3.2958904109589042,0.05732709876225649
7,3.871232876712329,0.06045986660263091
8,4.331506849315068,0.0633275405947981
9,5.213698630136986,0.06646909122543357
10,5.8273972602739725,0.0663383540013539
11,6.479452054794519,0.07057965003235821
12,6.997260273972603,0.07088259169516116
13,7.553424657534246,0.07269788789742661
14,11.024657534246575,0.07666459679401236
15,11.983561643835616,0.07781482962689935
16,20.038356164383558,0.08341094717155273
