,maturity,rates
1,0.3452054794520548,0.028371127793948982
2,0.8054794520547945,0.04661869444936001
3,0.9205479452054794,0.048675518640615215
4,1.4383561643835616,0.05893139167550336
5,1.9753424657534249,0.066469914803046
6,2.684931506849315,0.07204134605966127
7,2.838356164383561,0.07300307472777877
8,3.4712328767123286,0.07607374527399377
9,3.589041095890411,0.07600410010518578
10,4.756164383561643,0.07884304485067084
11,5.331506849315068,0.08091349109696812
12,5.791780821917808,0.08092338786180474
13,6.6739726027397275,0.08167940673406407
14,7.287671232876713,0.08373093561577974
15,7.93972602739726,0.08299349042631628
16,8.457534246575342,0.08323732668762401
17,9.013698630136986,0.08302398914817888
18,12.484931506849316,0.08532214619563905
19,13.443835616438355,0.08694108955365004
20,21.4986301369863,0.08207959621265055
