,maturity,rates
1,0.5232876712328767,0.023195764183203408
2,0.8301369863013699,0.03440066976497341
3,1.0602739726027397,0.026328013339039582
4,1.0602749726027396,0.03955665267423302
5,1.7698630136986302,0.05368396790302665
6,1.9232876712328768,0.056166381235380376
7,2.556164383561644,0.06304184639781901
8,2.673972602739726,0.06407889928988035
9,3.1315068493150684,0.06630681851839884
10,3.6301369863013697,0.0707803307484916
11,3.8410958904109593,0.07210832613471893
12,4.416438356164384,0.07498512442997785
13,4.876712328767123,0.07741754283937805
14,5.758904109589041,0.07960662115337441
15,7.024657534246575,0.08199708958766493
16,7.542465753424658,0.0840872304997441
17,8.098630136986301,0.08503857467633677
18,11.56986301369863,0.08731548853844097
19,12.528767123287675,0.08821302368760972
20,20.583561643835615,0.09281427007504288
