,maturity,rates
1,1.4547945205479451,0.01614674347141479
2,1.9150684931506847,0.020117340769156538
3,2.797260273972603,0.025365985527806164
4,3.1424657534246574,0.0270634358779095
5,3.410958904109589,0.024116941694748092
6,3.4684931506849317,0.02965733162288743
7,4.063013698630137,0.031490444929282484
8,4.446575342465755,0.03363547397703
9,4.580821917808219,0.03397998377476278
10,5.06027397260274,0.034114157904300065
11,5.136986301369864,0.03550446773931963
12,5.6739726027397275,0.03792091858318659
13,6.306849315068492,0.03966508865151423
14,8.224657534246575,0.043904874789096326
15,8.608219178082193,0.044289413386677065
16,9.567123287671233,0.0462073976202755
17,10.909589041095893,0.04922272269137487
18,13.23013698630137,0.0508896224844925
19,14.745205479452055,0.05480550870266408
20,15.876712328767125,0.054055517696819814
21,17.621917808219177,0.05465722496173031
