,maturity,rates
1,1.1150684931506851,0.04283933645482936
2,1.824657534246576,0.05505807517854703
3,1.9780821917808216,0.05776941438726954
4,2.6109589041095886,0.06490626166564001
5,2.7287671232876707,0.06628360867710592
6,3.186301369863014,0.06850597923687833
7,3.895890410958904,0.07407784168789303
8,4.471232876712329,0.0764966319762605
9,5.813698630136987,0.08108794538690046
10,7.597260273972603,0.08460868337169454
11,8.076712328767123,0.08645421869758915
12,8.153424657534247,0.08537483335760669
13,11.624657534246573,0.08755374971362909
14,12.583561643835615,0.08862522409481545
15,20.638356164383566,0.0903360036460882
