,maturity,rates
1,0.6547945205479452,0.012434410533887469
2,0.7726027397260274,0.014142918031027334
3,1.1726027397260277,0.013008578929668776
4,1.2301369863013698,0.017616527002145086
5,1.5945205479452054,0.01916949632991272
6,1.7287671232876711,0.024725249070547958
7,1.7863013698630137,0.021973121352128644
8,1.9397260273972603,0.02727497691214143
9,2.515068493150685,0.031068377280461013
10,2.9753424657534246,0.03428072661152412
11,3.857534246575343,0.03775277689181099
12,4.2027397260273975,0.038816536531551885
13,4.471232876712329,0.03779860051416493
14,5.123287671232877,0.041784061930210815
15,5.506849315068493,0.04292183792749748
16,5.641095890410957,0.04356100600795919
17,6.120547945205479,0.04530336989196837
18,6.197260273972603,0.044855593704102296
19,7.367123287671232,0.048111063555673315
20,9.284931506849317,0.0506525702278496
21,9.668493150684931,0.049643144208608665
22,10.627397260273973,0.05231434800714034
23,14.29041095890411,0.05609818376029339
24,15.805479452054794,0.059252048334202265
25,18.68219178082192,0.061655998041142725
