,maturity,rates
1,1.2219178082191782,0.03499290153949668
2,1.3753424657534246,0.037376417012941136
3,2.008219178082192,0.04637804201616215
4,2.126027397260274,0.04711774303037773
5,2.5835616438356164,0.050060036713836964
6,3.2931506849315078,0.057851972896023326
7,3.868493150684932,0.06130733180727047
8,4.328767123287672,0.06365595552309394
9,5.210958904109589,0.06655924308708568
10,5.824657534246574,0.06541516129052469
11,6.476712328767122,0.07130069057107381
12,6.994520547945205,0.07132717012412514
13,7.473972602739726,0.0667845475977435
14,7.550684931506847,0.07323428541208275
15,11.02191780821918,0.07699028660893575
16,11.980821917808221,0.0779687784245221
17,20.035616438356165,0.08369414098084135
