,maturity,rates
1,1.2849315068493148,0.05305393752495596
2,1.9945205479452053,0.05180165984119695
3,2.147945205479452,0.06751081042710291
4,2.780821917808219,0.07382996374806286
5,2.8986301369863017,0.07339608127872174
6,4.065753424657534,0.08122110513191542
7,4.641095890410959,0.08155246936723523
8,5.101369863013699,0.08410747917988855
9,5.983561643835618,0.07849149706577709
10,6.597260273972603,0.08862014801943234
11,7.249315068493153,0.0883552109915514
12,7.767123287671232,0.08879819461526052
13,8.246575342465754,0.09691640570432454
14,8.323287671232876,0.08908947626165682
15,11.794520547945206,0.0907968607256222
16,12.753424657534245,0.09167360875333444
17,20.808219178082194,0.09465490947799056
