,maturity,rates
0,0.3698630136986301,0.09818305541121597
1,0.6767123287671233,0.03213143294205187
2,0.9068493150684932,0.036129316329731216
3,0.9068503150684932,0.03612474563038787
4,1.6164383561643836,0.051929745052743635
5,1.7698630136986302,0.05572363278504664
6,2.4027397260273973,0.06584922464443092
7,2.52054794520548,0.06397599677484388
8,2.9780821917808216,0.06653522056893486
9,3.476712328767124,0.07254676632733828
10,3.6876712328767125,0.07426734528630305
11,4.263013698630137,0.07766041239702749
12,4.723287671232876,0.07844153640205415
13,5.6054794520547935,0.08365956218596626
14,6.219178082191781,0.08086841224804345
15,6.8712328767123285,0.08623369929627883
16,7.389041095890411,0.08740301249890324
17,7.945205479452055,0.08904171537737082
18,11.416438356164385,0.0913729132673684
19,12.375342465753427,0.09249356183809483
20,20.43013698630137,0.09557171056035432
