,maturity,rates
0,0.5506849315068493,0.05847925915663245
1,1.4328767123287671,0.055194218501357306
2,1.7780821917808218,0.05671305491029215
3,2.0465753424657533,0.04953658584406444
4,2.104109589041096,0.056613712893954414
5,2.698630136986301,0.05760922192724363
6,3.0821917808219177,0.05774163755569526
7,3.2164383561643834,0.05850565521798091
8,3.695890410958904,0.055766056253812674
9,3.772602739726028,0.05925501343957105
10,4.30958904109589,0.059683700553820204
11,4.693150684931507,0.05980532041206158
12,4.942465753424657,0.06013011979149756
13,6.016438356164382,0.060989190243681955
14,6.860273972602741,0.06100818019257585
15,6.917808219178082,0.06113355753698002
16,7.243835616438357,0.061370045149440125
17,8.202739726027398,0.061664137028053095
18,9.545205479452054,0.06233730535815308
19,10.427397260273972,0.0622387303013888
20,11.865753424657536,0.06413536967395027
21,13.38082191780822,0.0651273859995493
22,14.512328767123286,0.06539848399322054
23,16.257534246575347,0.07079334100704443
24,19.364383561643837,0.06569496418532227
