,maturity,rates
1,0.4410958904109589,0.034767222523430584
2,0.9013698630136986,0.04913732856161133
3,1.0164383561643835,0.05077430591171355
4,2.0712328767123287,0.06235956806353898
5,2.780821917808219,0.06599924787055232
6,2.9342465753424656,0.06705445209846879
7,3.5671232876712327,0.06861698145823021
8,4.852054794520548,0.07116376504444702
9,5.427397260273971,0.0726622076193132
10,5.887671232876714,0.07394705019789496
11,6.769863013698631,0.07411207658468211
12,7.383561643835616,0.07822811711112203
13,8.553424657534247,0.07616554598446615
14,9.10958904109589,0.07584832798196382
15,12.58082191780822,0.07885343705893598
16,13.539726027397261,0.079371568789977
