,maturity,rates
0,0.11232876712328768,0.07608523410397908
1,0.16986301369863013,0.0015191421357368888
2,0.3232876712328767,0.004318674076879493
3,0.8986301369863013,0.010611418194056551
4,1.3589041095890408,0.01548442692032517
5,2.2410958904109592,0.02194733719104146
6,2.5863013698630137,0.02430551603093997
7,2.854794520547945,0.019895991403339305
8,2.912328767123288,0.026608593497544245
9,3.506849315068493,0.02883638398571715
10,3.8904109589041096,0.03140481097314276
11,4.024657534246575,0.03164142772887212
12,4.5041095890410965,0.03276380317309816
13,4.580821917808219,0.03419840241336077
14,5.117808219178082,0.036331646138733374
15,5.750684931506847,0.03823911942612908
16,6.594520547945206,0.01466083877589123
17,7.668493150684933,0.04338861054619801
18,8.052054794520547,0.0439193366717634
19,9.01095890410959,0.04670300210428875
20,10.353424657534246,0.04979291819713404
21,12.673972602739726,0.051252441445535736
22,14.189041095890412,0.053554382056976366
23,15.320547945205481,0.05546394464232834
24,17.065753424657533,0.05638413869852148
