,maturity,rates
1,1.1917808219178083,0.01370024736246265
2,1.652054794520548,0.018188529435305512
3,2.5342465753424657,0.02433021091851589
4,2.8794520547945206,0.02725632046506685
5,3.1479452054794512,0.02285439741757733
6,3.2054794520547945,0.02920746234511965
7,3.8,0.03212106192314662
8,4.183561643835616,0.03380913501120806
9,4.317808219178081,0.03433846430187494
10,4.7972602739726025,0.03453914771084492
11,4.873972602739726,0.03679956798079721
12,5.410958904109589,0.039160731563765074
13,6.043835616438358,0.04063913400631961
14,7.961643835616439,0.046113406847346564
15,8.345205479452055,0.04654316270657479
16,9.304109589041095,0.048597003021980174
17,10.646575342465754,0.05091119898065807
18,12.967123287671232,0.053326869951986516
19,14.482191780821918,0.054872519420845534
20,15.613698630136984,0.05648240792671608
21,17.358904109589034,0.05773093320440509
