,maturity,rates
0,0.6849315068493149,0.10324658186396303
1,1.2219178082191782,0.10037305162436537
2,2.084931506849315,0.09873349633197243
3,2.7178082191780817,0.10326338226758823
4,2.8356164383561633,0.10134069266233367
5,3.2931506849315073,0.10405975164375895
6,4.002739726027397,0.10223240831246766
7,4.5780821917808225,0.09985297026234319
8,5.038356164383561,0.10339196373641034
9,5.920547945205478,0.10257752838380374
10,7.7041095890410975,0.1010708980800932
11,8.183561643835617,0.11806955578039782
12,8.260273972602741,0.10120793190180563
13,11.731506849315071,0.09782531069386467
14,12.69041095890411,0.1000681167717246
15,20.74520547945205,0.10457309983660681
