,maturity,rates
1,0.22465753424657534,0.006005409221255838
2,0.8575342465753425,0.018249825362488
3,0.9753424657534246,0.019567474613025774
4,1.3753424657534246,0.01790133157731761
5,1.4328767123287671,0.020470746710318302
6,1.9315068493150684,0.02891956799241841
7,1.9890410958904108,0.026249302775617732
8,2.1424657534246574,0.030924332988244405
9,2.7178082191780817,0.03477315482685585
10,3.1780821917808217,0.03728922891176297
11,4.06027397260274,0.04037516932119172
12,4.405479452054794,0.04239328960040465
13,4.673972602739727,0.041730522305899485
14,5.326027397260273,0.04464443426205378
15,5.7095890410958905,0.0464794526887121
16,5.843835616438358,0.04689046763715405
17,6.323287671232878,0.04965042606795835
18,6.4,0.04843135871835003
19,9.487671232876714,0.05368042295001249
20,9.871232876712329,0.05336199257414249
21,10.830136986301367,0.0555569300336298
22,14.493150684931507,0.05902112510685013
23,16.008219178082193,0.06146714383392361
24,18.88493150684932,0.06403272218831106
