,maturity,rates
1,0.4246575342465753,0.005107598961268858
2,0.7890410958904109,0.008191163037198091
3,0.9232876712328768,0.010457588056435041
4,0.9808219178082191,0.010419625188153744
5,1.1342465753424658,0.012509569617856748
6,1.7095890410958905,0.016878294374757602
7,2.1698630136986297,0.019876809529261883
8,3.0520547945205485,0.024432343984268103
9,3.3972602739726026,0.026233687196325
10,3.6657534246575336,0.02331070342425197
11,3.723287671232877,0.027603774077320453
12,4.317808219178081,0.029507367856115508
13,4.701369863013698,0.030617863788722582
14,4.8356164383561655,0.03132415627316875
15,5.315068493150685,0.032345063471460184
16,5.391780821917808,0.03322587124352573
17,5.9287671232876695,0.03563875356247321
18,6.5616438356164375,0.03669081247787431
19,8.479452054794521,0.040873669845805406
20,8.863013698630136,0.041650517980655014
21,9.821917808219178,0.04405614351998036
22,11.164383561643836,0.04627940888432629
23,13.484931506849316,0.048206290890689577
24,15.0,0.0510317775195896
25,16.13150684931507,0.05278894027160669
26,17.876712328767127,0.05267439198295234
