,maturity,rates
1,1.0164383561643835,0.027395183236215342
2,1.16986301369863,0.030362408662773118
3,1.8027397260273967,0.03926437130937852
4,1.92054794520548,0.040275730377924944
5,2.378082191780821,0.042222286328516136
6,3.0876712328767124,0.04972196948614322
7,3.6630136986301367,0.05294180175007767
8,4.123287671232877,0.05414729719103601
9,5.005479452054795,0.05796176173227194
10,5.35068493150685,0.06032672073797835
11,5.619178082191781,0.0567659888169779
12,6.271232876712331,0.062473552440802216
13,6.789041095890411,0.06305715506343272
14,7.2684931506849315,0.06580371265715147
15,7.345205479452055,0.06449911872515758
16,10.816438356164383,0.0689955533794728
17,11.775342465753427,0.07007404535561736
18,15.438356164383562,0.07379416304876929
19,19.830136986301373,0.07840882525670476
