,maturity,rates
0,0.13150684931506848,0.09918074455861116
1,0.28493150684931506,0.0076438246009982065
2,0.9178082191780822,0.019529641477044002
3,1.0356164383561643,0.020359561556875818
4,1.4356164383561645,0.018879375913402337
5,1.4931506849315068,0.02228905098680783
6,1.8575342465753424,0.023042275896906782
7,1.9917808219178081,0.0329455320355123
8,2.0493150684931507,0.02107190053513437
9,2.202739726027397,0.032534982248803614
10,2.778082191780822,0.036646017473373343
11,3.238356164383561,0.03923460185308636
12,4.120547945205479,0.043068009122269636
13,4.465753424657534,0.04499706885548234
14,4.734246575342466,0.04305389479684844
15,5.3863013698630136,0.04741706198966238
16,5.769863013698631,0.04941848371712356
17,5.904109589041097,0.049729502152230334
18,6.383561643835616,0.05125124808743271
19,6.4602739726027405,0.050754967024319086
20,9.547945205479452,0.056031777891212525
21,9.931506849315069,0.05556872823274395
22,10.89041095890411,0.05812719224897045
23,14.553424657534249,0.06144988149137761
24,18.94520547945205,0.0662021452005112
