,maturity,rates
1,1.1479452054794521,0.007835265252612194
2,1.4931506849315068,0.009942632156497173
3,1.7616438356164383,0.006347584171180179
4,1.819178082191781,0.011522272597540444
5,2.4136986301369863,0.0141892372005679
6,2.797260273972603,0.015729333020706268
7,2.9315068493150687,0.016379906204495316
8,3.410958904109589,0.016713483280084908
9,3.4876712328767123,0.01826864163576715
10,3.6219178082191785,0.01835442917779092
11,4.024657534246575,0.019895201543016102
12,4.4082191780821915,0.021059908351613584
13,4.6575342465753415,0.021499242071427598
14,5.7315068493150685,0.02418664619985821
15,6.424657534246576,0.0685113877836481
16,6.575342465753424,0.025246423974967968
17,6.632876712328768,0.02540173927488306
18,6.958904109589041,0.02663408664543693
19,7.63013698630137,0.02811504817331836
20,7.917808219178082,0.02873314008436505
21,9.260273972602741,0.030181347260370327
22,10.142465753424656,0.031531278792816496
23,11.58082191780822,0.033108597558665936
24,13.095890410958905,0.03538221443582433
25,14.227397260273971,0.036894170327754834
26,15.972602739726028,0.04112384650304
27,19.07945205479452,0.04012830775793474
