,maturity,rates
1,0.673972602739726,0.03755453007671357
2,1.1917808219178083,0.05392059610396633
3,1.7287671232876711,0.06299691571907858
4,2.4383561643835616,0.07117870486291247
5,2.591780821917808,0.07208226253412132
6,3.2246575342465755,0.0766853104054387
7,4.5095890410958885,0.08021635566772847
8,5.084931506849316,0.08105551103241096
9,5.545205479452053,0.08337177682250975
10,6.427397260273973,0.0849796321814402
11,7.041095890410959,0.08077568259395741
12,7.693150684931508,0.08631749621754893
13,8.210958904109589,0.08591687878610564
14,8.69041095890411,0.08949957605365359
15,8.767123287671232,0.08579918096310002
16,12.238356164383562,0.08801363599348397
17,13.197260273972606,0.08874351001116584
18,21.252054794520546,0.08745491131835002
