,maturity,rates
1,1.3589041095890408,0.010135236979059985
2,1.704109589041096,0.01211426793680951
3,1.9726027397260275,0.00805685927276777
4,2.03013698630137,0.013725277902295337
5,2.6246575342465754,0.01651962443120741
6,3.008219178082192,0.018034335537247502
7,3.1424657534246574,0.018640191034758842
8,3.6219178082191785,0.01832214430216296
9,3.6986301369863015,0.021005385937131426
10,4.235616438356163,0.023122489943401183
11,4.619178082191781,0.024110746627481142
12,4.868493150684932,0.025068384701392686
13,5.942465753424657,0.02800885066984441
14,6.786301369863014,0.029275211185384006
15,6.843835616438358,0.029524630442859436
16,7.16986301369863,0.02984846019045744
17,8.128767123287671,0.03186294247828796
18,9.471232876712328,0.03440222222536785
19,10.353424657534246,0.03545200057390576
20,11.791780821917806,0.03700809622407148
21,13.306849315068495,0.03960890114873589
22,14.438356164383562,0.040926556096794325
23,16.183561643835617,0.043712759642687525
24,19.290410958904108,0.04426064942807048
