,maturity,rates
1,0.6849315068493149,0.017461942786772933
2,1.3178082191780822,0.026625696176243076
3,1.4356164383561645,0.027806026952530472
4,1.8356164383561644,0.027892600210311317
5,1.8931506849315067,0.029688404998354408
6,2.3917808219178083,0.03655889624709234
7,2.4493150684931506,0.0304932393576074
8,2.602739726027397,0.038541426076993665
9,3.1780821917808217,0.0421676064658413
10,3.638356164383562,0.0446318912674614
11,4.5205479452054815,0.04769195963707727
12,4.865753424657535,0.04966290401323707
13,5.134246575342465,0.04699803486162055
14,5.786301369863014,0.051710634403575234
15,6.304109589041097,0.053107704152588815
16,6.7835616438356166,0.05376023891037274
17,6.860273972602742,0.05413724546004107
18,9.947945205479453,0.0583096126510459
19,10.331506849315069,0.058117044306886925
20,11.29041095890411,0.0600231298223244
21,14.953424657534244,0.06382961659540047
22,19.34520547945205,0.066948513998406
