,maturity,rates
1,0.8849315068493151,0.023577139912813183
2,1.5178082191780822,0.03232277058789109
3,1.6356164383561644,0.033337172071057006
4,2.0931506849315067,0.0360376099391579
5,2.8027397260273967,0.044522871215309436
6,3.378082191780821,0.047193304934184416
7,3.8383561643835615,0.04888850383666233
8,4.720547945205479,0.052454316430744864
9,5.065753424657534,0.052939335347151055
10,5.986301369863014,0.05554942776360952
11,6.504109589041097,0.05692963684093182
12,7.06027397260274,0.05807722982616631
13,10.147945205479452,0.06326823510014372
14,10.531506849315068,0.062365739499771276
15,11.490410958904107,0.06397818998016748
16,15.153424657534249,0.06787184673728762
17,19.54520547945205,0.0688932145593889
