,maturity,rates
1,0.2356164383561644,0.019352156516525085
2,0.6958904109589041,0.0403145085216581
3,0.8109589041095892,0.04307713791281054
4,1.3287671232876712,0.05278297760114428
5,1.6356164383561644,0.059056822223438325
6,1.8657534246575345,0.05482141629960029
7,1.8657544246575344,0.062457101893180364
8,2.5753424657534247,0.06999521502711648
9,2.7287671232876707,0.07088540662927634
10,3.3616438356164378,0.0732721646640505
11,3.4794520547945207,0.07517583818696669
12,3.8794520547945206,0.07527459491031806
13,4.646575342465753,0.07526311881330937
14,5.221917808219176,0.07923351740916675
15,5.68219178082192,0.07864393471201067
16,6.5643835616438375,0.08045589908428875
17,7.178082191780822,0.08496992541414668
18,7.83013698630137,0.08293398344579858
19,8.347945205479451,0.08413063119042599
20,12.375342465753427,0.08532959278476883
21,13.334246575342464,0.08648023470129741
22,21.389041095890416,0.08800955868894819
