,maturity,rates
1,1.3013698630136987,0.015541653988407974
2,1.8767123287671232,0.020129394636571388
3,2.3369863013698637,0.023061537498922983
4,3.2191780821917813,0.027120833326336097
5,3.5643835616438366,0.02898139518281758
6,3.8328767123287673,0.026582273060531555
7,3.8904109589041096,0.0308293701357926
8,4.484931506849315,0.032944336687653404
9,4.868493150684932,0.034048871326454774
10,5.0027397260273965,0.034293855045519316
11,5.482191780821919,0.032501351396118636
12,5.558904109589042,0.035867204281686056
13,6.728767123287669,0.04007693598200827
14,8.646575342465754,0.04391434626147735
15,9.03013698630137,0.044051338490028284
16,9.98904109589041,0.04655301536884174
17,13.652054794520547,0.05121428252045465
18,15.167123287671233,0.05363963313727692
19,18.04383561643836,0.055485546720699684
