,maturity,rates
1,0.24383561643835616,0.00880369252204427
2,0.24383661643835616,0.00855430629467929
3,0.9534246575342464,0.026281213275938617
4,1.1068493150684928,0.028384271331689692
5,1.7397260273972603,0.037466852277062763
6,1.8575342465753424,0.038295682290725115
7,2.2575342465753425,0.03730451693352083
8,2.3150684931506853,0.04023810299854812
9,2.8136986301369857,0.04671916407315162
10,2.871232876712329,0.039390082325572034
11,3.0246575342465762,0.047942885143737575
12,3.6,0.05100207078561513
13,4.06027397260274,0.05310142172292253
14,4.942465753424657,0.0563177363028297
15,5.287671232876712,0.057569910324945385
16,5.556164383561644,0.055118721496986406
17,6.208219178082192,0.06021063693463615
18,6.726027397260274,0.06134422505320125
19,7.282191780821918,0.062249210248649975
20,10.753424657534246,0.06639819399892684
21,11.712328767123287,0.06790451261435222
22,15.375342465753427,0.07091083963624199
23,19.76712328767124,0.0772152458708431
