,maturity,rates
1,0.6109589041095891,0.046555995142496434
2,0.6684931506849315,0.04840098139198517
3,1.1287671232876713,0.05777461995394372
4,1.2438356164383562,0.05933568178196321
5,1.7616438356164383,0.06696470345195753
6,2.068493150684932,0.06791290354633732
7,2.2986301369863016,0.06788905119790832
8,2.2986311369863017,0.07112916650125713
9,3.1616438356164385,0.07363856949917827
10,3.7945205479452055,0.07483493754978758
11,3.912328767123288,0.0756395432960973
12,4.3123287671232875,0.08339297028407269
13,5.079452054794522,0.07830012642138771
14,5.654794520547945,0.07837018826745695
15,6.997260273972603,0.08205539695184792
16,7.610958904109589,0.08518633990023088
17,8.263013698630138,0.08404405935781921
18,8.780821917808218,0.08432753246439192
19,9.336986301369864,0.08564139914291173
20,12.808219178082194,0.08659104699128063
21,13.767123287671232,0.08759386775099567
22,21.82191780821918,0.09119315611221307
