,maturity,rates
0,0.4547945205479452,0.15323181889084678
1,0.5698630136986301,0.049885275207608284
2,1.0876712328767124,0.07662973443290688
3,1.3945205479452054,0.06473038328323287
4,1.6246575342465754,0.0772768536637693
5,1.6246585342465754,0.08815584613666178
6,2.334246575342466,0.10263172689294447
7,2.4876712328767123,0.10508487472584564
8,3.1205479452054794,0.110133312324295
9,3.238356164383561,0.11013865142921388
10,4.252054794520548,0.17812397815946573
11,4.405479452054794,0.11378573543263268
12,4.9808219178082185,0.11613800857146347
13,5.441095890410958,0.11320252652440628
14,6.323287671232878,0.11525846407800748
15,6.936986301369863,0.10867781654479004
16,7.589041095890411,0.11464518251129445
17,8.10684931506849,0.1100478658314629
18,8.586301369863014,0.13190915569394246
19,8.663013698630136,0.10512910324998263
21,12.134246575342464,0.08581917076703335
22,13.093150684931507,0.08975111292921475
23,21.14794520547945,0.08382281601237608
