,maturity,rates
0,0.4383561643835616,0.14980998960448044
1,0.5534246575342465,0.047310404651775634
2,1.0712328767123287,0.07131287959736131
3,1.6082191780821915,0.07706080226214021
4,1.6082201780821914,0.08309878261955006
5,2.317808219178082,0.09876095127230736
6,2.4712328767123286,0.10070231575936107
7,3.104109589041096,0.07288053083192217
8,3.221917808219178,0.10722048601592107
9,3.6219178082191785,0.10815018626128216
10,4.235616438356163,0.1657763322913969
11,4.389041095890411,0.11277290228861254
12,4.964383561643834,0.11568455899820332
13,6.306849315068492,0.11488259741790005
14,6.9205479452054774,0.1089181622637742
15,7.572602739726027,0.11293620839296165
16,8.646575342465754,0.10807893879123212
17,10.66027397260274,0.09593181801246907
19,12.117808219178086,0.1037446917516382
20,13.076712328767126,0.10475888512849582
21,21.13150684931507,0.10575365935676444
