,maturity,rates
0,0.3041095890410959,0.06768520916100504
1,0.4383561643835616,0.0060373870402297925
2,0.4958904109589041,0.005477949023050067
3,0.6493150684931507,0.008563392831288196
4,1.2246575342465753,0.014582858275169497
5,1.6849315068493151,0.01910599789219608
6,2.5671232876712327,0.025243613198187558
7,2.912328767123288,0.02804706894821151
8,3.1808219178082187,0.023651862480046373
9,3.238356164383561,0.029900281828264708
10,3.8328767123287673,0.032871072432569294
11,4.2164383561643834,0.03462336151781912
12,4.3506849315068505,0.0355611616677811
13,4.83013698630137,0.03614685284081412
14,4.906849315068493,0.03749974224732832
15,5.443835616438356,0.03996164945529996
16,6.076712328767122,0.04149920948598647
17,7.994520547945205,0.047048895734816285
18,8.378082191780821,0.048029311241462966
19,9.336986301369864,0.05045807188498262
20,10.679452054794519,0.052646940470616216
21,10.967123287671232,0.03937216696666088
22,13.0,0.05475878392750514
23,14.515068493150684,0.05665648097795059
24,15.646575342465756,0.05825667138648335
25,17.39178082191781,0.05844970778086234
