,maturity,rates
0,0.5561643835616439,0.09547012132421556
1,0.6712328767123288,0.08770590810878769
2,1.1890410958904107,0.09320495264076503
3,1.7260273972602742,0.0955550761489169
4,2.4356164383561643,0.09694770952638315
5,2.589041095890411,0.09892047349879517
6,3.221917808219178,0.0986927257576576
7,3.3397260273972593,0.09900154494299165
8,4.506849315068493,0.09788287050566884
9,5.082191780821918,0.0985018746798267
10,6.424657534246576,0.0974705946559706
11,7.038356164383561,0.09595186167729577
12,7.69041095890411,0.09660446813146878
13,8.208219178082192,0.09702077536521661
14,8.687671232876713,0.102382801491668
15,8.764383561643836,0.09584627282842464
16,12.235616438356164,0.09577688795538775
17,13.194520547945206,0.09642288957677696
