,maturity,rates
0,0.1643835616438356,0.0656678531742274
1,0.2219178082191781,0.002926963731693447
2,0.5863013698630137,0.005001324312362194
3,0.7205479452054795,0.00882807106428223
4,0.7780821917808219,0.009987875012201232
5,0.9315068493150684,0.011201949363522735
6,1.5068493150684932,0.016086000885502168
7,1.9671232876712328,0.01957153378066984
8,2.8493150684931505,0.02525329857155974
9,3.194520547945205,0.026384499517055758
10,3.463013698630137,0.023703099736039845
11,3.52054794520548,0.02771564618041825
12,4.115068493150685,0.03038619631020745
13,4.498630136986302,0.031563660874812584
14,4.632876712328766,0.03228698729829607
15,5.112328767123287,0.03287777073038283
16,5.189041095890411,0.03387723197132378
17,5.726027397260274,0.03644254360106017
18,6.358904109589043,0.037826860686027336
19,8.276712328767124,0.04288146676685258
20,8.66027397260274,0.04346720585647612
21,9.61917808219178,0.04527672201304199
22,10.961643835616439,0.04758268323439375
23,13.282191780821915,0.04984781947332731
24,14.797260273972602,0.05193748126650817
25,15.92876712328767,0.053128872987490895
26,17.673972602739727,0.05383896623587177
