,maturity,rates
1,1.0794520547945206,0.027514895858141854
2,1.7123287671232876,0.036698465985808455
3,1.8301369863013703,0.037650084790773884
4,2.287671232876712,0.03905736758680908
5,2.9972602739726018,0.04695822746041197
6,3.5726027397260283,0.0501565410832998
7,4.032876712328767,0.05221444431554842
8,4.9150684931506845,0.05502674532769528
9,5.2602739726027385,0.05647092832014191
10,5.528767123287671,0.05380812931382697
11,6.1808219178082195,0.05858835617019584
12,6.698630136986301,0.059756635591794324
13,7.254794520547946,0.061122235961230516
14,10.726027397260275,0.06463239902631193
15,11.684931506849315,0.06624389727643405
16,15.347945205479453,0.06919319490640723
17,19.73972602739726,0.07468959290947037
