,maturity,rates
1,1.378082191780822,0.010216941001208802
2,1.7232876712328766,0.01227289345797002
3,1.9917808219178081,0.008311518289553158
4,2.0493150684931507,0.013812923536930305
5,2.643835616438356,0.016709038221727816
6,3.0273972602739727,0.018194211132275567
7,3.1616438356164385,0.01886434227138141
8,3.641095890410959,0.0184625043030903
9,3.7178082191780817,0.02111672593503181
10,4.2547945205479465,0.02319765007948342
11,4.638356164383562,0.024214966585829528
12,4.887671232876713,0.02509937503165493
13,5.961643835616439,0.0280836810569808
14,6.8054794520547945,0.029487567551485412
15,6.863013698630137,0.029544149827546683
16,7.189041095890411,0.029896998074531687
17,8.147945205479452,0.031852083383504634
18,9.490410958904107,0.034044838983438026
19,10.372602739726027,0.03537610710850148
20,11.810958904109588,0.03711713758222153
21,13.326027397260274,0.03982913208508209
22,14.457534246575339,0.041131492585230765
23,16.202739726027392,0.04356786559725539
24,19.30958904109589,0.044476936841083066
