,maturity,rates
1,0.23013698630136986,0.018026851728676917
2,0.7479452054794521,0.040385397430639916
3,1.0547945205479452,0.04456596843273088
4,1.2849315068493148,0.05662411562197466
5,1.2849325068493147,0.05305393752495596
6,1.9945205479452053,0.05180165984119695
7,2.147945205479452,0.06751081042710291
8,2.780821917808219,0.07382996374806286
9,2.8986301369863017,0.07339608127872174
10,3.2986301369863016,0.08800774116357682
11,4.065753424657534,0.08122110513191542
12,4.641095890410959,0.08142450718059076
13,5.101369863013699,0.084110479118177
14,5.983561643835618,0.07836228015078785
15,6.597260273972603,0.08856665257840922
16,7.249315068493153,0.08823401987362449
17,7.767123287671232,0.0886894844672996
18,8.246575342465754,0.09681393320379186
19,8.323287671232876,0.08899125946223131
20,11.794520547945206,0.09070062235663376
21,12.753424657534245,0.0915902109096036
22,20.808219178082194,0.09458011538920942
