,maturity,rates
1,1.3643835616438356,0.0403149937533939
2,1.5178082191780822,0.042241783843923804
3,2.150684931506849,0.050709513193526505
4,2.2684931506849315,0.0516672374131812
5,3.4356164383561643,0.06070355797696926
6,4.0109589041095886,0.06330609825847694
7,4.471232876712329,0.065976356721762
8,5.353424657534247,0.06836437247840342
9,5.967123287671233,0.06611583517199321
10,6.619178082191781,0.07089140945510829
11,7.136986301369863,0.07185542838516165
12,7.616438356164384,0.06766278732209369
13,7.693150684931508,0.07287884231458733
14,11.164383561643836,0.07476998976246797
15,12.123287671232875,0.07595360302726974
16,20.17808219178082,0.08241402686838054
