,maturity,rates
0,0.5315068493150685,0.09424259874559747
1,0.6849315068493149,0.017419990259462722
2,1.3178082191780822,0.026571366266374682
3,1.4356164383561645,0.02775079185871185
4,1.8356164383561644,0.02783605275839053
5,1.8931506849315067,0.02963202179036073
6,2.2575342465753425,0.030018427214515718
7,2.3917808219178083,0.03649856073383003
8,2.4493150684931506,0.030433172553093336
9,2.602739726027397,0.0384797310835976
10,3.1780821917808217,0.04210594751349801
11,3.638356164383562,0.04457086735902392
12,4.5205479452054815,0.04763276360538805
13,4.865753424657535,0.04960460782337887
14,5.134246575342465,0.04693969833364065
15,5.786301369863014,0.05165553474019022
16,6.304109589041097,0.05305433815127438
17,6.7835616438356166,0.05370680488611069
18,6.860273972602742,0.0540857845741492
19,9.947945205479453,0.05826481841991516
20,10.331506849315069,0.05807328389125989
21,11.29041095890411,0.059981249399323214
22,12.920547945205481,0.07510013476615071
23,14.953424657534244,0.06287660143190395
24,19.34520547945205,0.06621379599566167
