,maturity,rates
1,0.7232876712328767,0.05543399179864557
2,1.2410958904109588,0.06060274345980798
3,1.356164383561644,0.05971170068231747
4,1.8739726027397257,0.06805991135276296
5,2.410958904109589,0.07045586518454433
6,3.1205479452054794,0.07507311018897313
7,3.2739726027397262,0.07626715901514078
8,3.906849315068493,0.07727899805322587
9,4.024657534246575,0.07644890434292409
10,5.191780821917809,0.08007720707638281
11,5.767123287671232,0.08063357104498509
12,6.227397260273973,0.08012396629404599
13,7.109589041095893,0.08099362840441232
14,7.7232876712328755,0.08454186910089741
15,8.375342465753425,0.08163361665094497
16,8.89315068493151,0.08278131537485084
17,9.449315068493153,0.08206254295827553
18,12.920547945205481,0.08351864912887877
19,13.87945205479452,0.08515405551520458
20,21.93424657534247,0.08145847116169203
