,maturity,rates
0,0.978082191780822,0.0550388237872565
1,1.3232876712328767,0.05426751840054258
2,1.5917808219178082,0.04922264261916392
3,1.6493150684931508,0.05490214701860812
4,2.243835616438356,0.054427960771198505
5,2.6273972602739732,0.05469710119641307
6,2.7616438356164386,0.05478173437692122
7,3.2410958904109592,0.05598293174903727
8,3.3178082191780818,0.05542326748310089
9,3.4520547945205484,0.05500561005487535
10,3.854794520547945,0.05571387672502781
11,4.238356164383561,0.056502357777865476
12,4.487671232876712,0.04686912185049934
13,5.561643835616438,0.05775604235035029
14,6.405479452054794,0.05923224338668026
15,6.463013698630138,0.05920919241128489
16,6.789041095890411,0.05881339176825752
17,7.4602739726027405,0.061042493173478055
18,7.747945205479453,0.059634238388823375
19,9.090410958904108,0.06130540768255863
20,9.972602739726026,0.05503346841484246
21,11.41095890410959,0.06343179190948488
22,12.926027397260276,0.06313035218299445
23,14.057534246575342,0.06360414008609351
24,15.802739726027394,0.06601659027265581
25,18.90958904109589,0.06408074290139429
