,maturity,rates
1,0.5424657534246575,0.01342668329014662
2,1.1753424657534246,0.02408023493653316
3,1.2931506849315069,0.02533825610252469
4,1.7506849315068491,0.02735206353987139
5,2.249315068493151,0.03498548761647802
6,2.3068493150684932,0.026325640607960842
7,2.46027397260274,0.03723585077896112
8,3.0356164383561643,0.040742762931161886
9,3.495890410958904,0.043809824418072386
10,4.3780821917808215,0.04807910555650076
11,4.723287671232876,0.04895687069651842
12,4.991780821917809,0.04577047416516143
13,5.6438356164383565,0.052542624658148886
14,6.161643835616437,0.05463813211028378
15,6.717808219178082,0.05597321353239732
16,9.805479452054792,0.061092469131274765
17,10.189041095890412,0.06134422285580258
18,11.147945205479452,0.06343878500388155
19,14.810958904109588,0.06713733126140213
20,19.2027397260274,0.07070944879591097
