,maturity,rates
1,0.4027397260273973,0.018044301147137398
2,0.6328767123287671,0.02405920969565644
3,0.6328777123287671,0.024501791463893214
4,1.3424657534246576,0.04026921823474962
5,1.4958904109589042,0.03213612018927567
6,2.128767123287671,0.05050038760654328
7,2.246575342465753,0.05137412210859548
8,2.646575342465753,0.05291178696357178
9,3.202739726027397,0.05967382879310034
10,3.4136986301369863,0.06781411583900593
11,3.989041095890411,0.05628866446457883
12,4.449315068493152,0.06574327279650913
13,5.331506849315068,0.06801354473648061
14,5.945205479452055,0.06581898496437558
15,6.597260273972603,0.07060730298135386
16,7.115068493150685,0.07212643194976644
17,7.594520547945206,0.0678487081738494
18,7.671232876712327,0.07316814361348785
19,11.142465753424656,0.07458876423912737
20,12.101369863013694,0.07580208484277189
21,20.156164383561645,0.08087020318731572
