,maturity,rates
1,0.8684931506849315,0.010513124789478318
2,1.3287671232876712,0.015252164958545915
3,2.2109589041095887,0.02156375817896464
4,2.556164383561644,0.024001645445848457
5,2.824657534246575,0.02006956729155392
6,2.8821917808219184,0.026218863068373743
7,3.476712328767124,0.029535931298523038
8,3.8602739726027404,0.0312393475619404
9,3.994520547945205,0.031368370988515214
10,4.473972602739726,0.032006751640904316
11,4.550684931506848,0.03375181693057513
12,5.087671232876712,0.03617143881863198
13,5.720547945205479,0.03799053657646324
14,7.638356164383563,0.042639428772083016
15,8.021917808219179,0.04329554314020696
16,8.980821917808221,0.045670505395138505
17,10.323287671232876,0.04876991607513849
18,12.643835616438356,0.050593743837945016
19,14.158904109589045,0.052718808574183665
20,15.29041095890411,0.0545917792308884
21,17.035616438356165,0.055775149815858745
