,maturity,rates
0,0.5534246575342465,0.07098101552121704
1,1.0136986301369864,0.010666932319487602
2,1.895890410958904,0.017766402973392756
3,2.2410958904109592,0.019860946981520432
4,2.5095890410958903,0.015733954208922277
5,2.5671232876712327,0.021910950988238004
6,3.1616438356164385,0.025314933126109253
7,3.5452054794520547,0.02676411847191969
8,3.67945205479452,0.027766214545552097
9,4.158904109589041,0.02792457741117567
10,4.235616438356163,0.030130741067633214
11,4.772602739726027,0.03211593306303992
12,5.156164383561643,0.033420238849655684
13,5.405479452054794,0.034218888403499265
14,6.249315068493153,0.021279276694813595
15,7.1726027397260275,0.03622606783271036
16,7.323287671232878,0.039912642886606516
17,7.380821917808219,0.03990755132725341
18,7.706849315068491,0.04028804076385791
19,8.665753424657536,0.04252702023511108
20,10.008219178082193,0.04483897188560669
21,10.295890410958904,0.030081032415897286
22,10.89041095890411,0.04620886187430679
23,12.32876712328767,0.04799912181123973
24,13.843835616438355,0.05016173599181708
25,14.975342465753426,0.05137716269967234
26,16.720547945205475,0.05416536979669017
