,maturity,rates
1,0.3452054794520548,0.030320694807975262
2,0.4027397260273973,0.0339305552606638
3,0.8630136986301371,0.049571491065358984
4,0.978082191780822,0.05173573391886625
5,1.4958904109589042,0.04132400277214105
6,1.8027397260273967,0.06115282798060634
7,2.032876712328767,0.06096652174656572
8,2.0328777123287667,0.06495431520087819
9,2.742465753424657,0.06998895228260041
10,2.8958904109589043,0.0706278843286452
11,3.5287671232876714,0.0723998193800429
12,3.6465753424657534,0.07306357210367863
13,4.813698630136988,0.0758830868099758
14,5.389041095890411,0.07640454367099545
15,5.849315068493151,0.07642278382837926
16,6.7315068493150685,0.07810376128445409
17,7.345205479452055,0.08221569963184558
18,7.997260273972603,0.08000771142009655
19,8.515068493150684,0.07944927202169133
20,9.071232876712331,0.07984356310753246
21,12.542465753424661,0.08262308086651063
22,13.501369863013695,0.08352612848217507
23,21.556164383561644,0.0836934361722924
