,maturity,rates
1,0.3506849315068493,0.0047428978197912326
2,0.40821917808219177,0.005554595953617118
3,0.5616438356164384,0.007351368858627627
4,1.1369863013698631,0.013519551397377145
5,1.5972602739726027,0.017715484083176226
6,2.4794520547945207,0.02518059936468189
7,2.824657534246575,0.0273416854870844
8,3.0931506849315067,0.022517749601697924
9,3.150684931506848,0.0292390737524371
10,3.7452054794520553,0.03204361484218436
11,4.1287671232876715,0.033938953908145116
12,4.263013698630137,0.03451205808051055
13,4.742465753424658,0.03483095462927148
14,4.8191780821917805,0.03662359448625013
15,5.3561643835616435,0.03938894797081017
16,5.9890410958904114,0.04070273519144192
17,7.9068493150684915,0.045895898094224265
18,8.29041095890411,0.04643665086178795
19,9.24931506849315,0.04858880253357596
20,10.591780821917807,0.05111997039993705
21,12.912328767123284,0.05381906169938196
22,14.427397260273972,0.05561710044478154
23,15.558904109589042,0.056454886374626936
24,17.304109589041094,0.05808948968053417
