,maturity,rates
0,0.07397260273972603,0.05257329459180928
1,0.1917808219178082,0.002477308616882128
2,0.5917808219178082,0.005248270664658195
3,0.6493150684931507,0.006138769734891743
4,1.0136986301369864,0.0023304405569192646
5,1.1479452054794521,0.013438909666816243
6,1.3589041095890408,0.015859899536430667
7,1.9342465753424656,0.020391259103039645
8,2.3945205479452056,0.02401585263210313
9,3.276712328767123,0.027833992676811383
10,3.6219178082191785,0.029892858191273474
11,3.8904109589041096,0.02784536418044947
12,3.947945205479452,0.03130473069796603
13,4.542465753424658,0.032762171920616236
14,4.926027397260274,0.035070885352667336
15,5.06027397260274,0.035081747400146385
16,5.53972602739726,0.03337918815048449
17,5.616438356164384,0.03684693108064746
18,6.786301369863014,0.04035152745623197
19,8.704109589041098,0.04534914232491355
20,9.087671232876714,0.04553304788172866
21,10.046575342465754,0.04767774124347205
22,11.676712328767126,0.03976000168149077
23,13.70958904109589,0.053033969385587215
24,15.224657534246573,0.05543293872093133
25,18.10136986301369,0.056240273123278964
