,maturity,rates
1,0.9013698630136986,0.005615750029666564
2,1.2465753424657535,0.007264684881251401
3,1.515068493150685,0.006571455619048446
4,1.5726027397260274,0.008746249236751586
5,2.1671232876712327,0.01092356725365041
6,2.5506849315068494,0.01215486397758902
7,2.684931506849315,0.012750034983956129
8,3.1643835616438367,0.01354472742283441
9,3.2410958904109592,0.014573704764300338
10,3.3753424657534246,0.015004974789764562
11,3.778082191780822,0.016248770005965377
12,4.161643835616438,0.0176000132385427
13,4.410958904109589,0.018056755927036303
14,5.2547945205479465,-0.0067025314264693645
15,5.484931506849315,0.018005250717728766
16,6.178082191780822,0.05999436675086507
17,6.328767123287673,0.02214310635566455
18,6.3863013698630136,0.02222710631840214
19,6.712328767123287,0.02272592160255374
20,7.383561643835616,0.025100179519424923
21,7.671232876712327,0.025072382596564385
22,9.013698630136986,0.027485154984782788
23,9.301369863013699,0.000841670094011699
24,9.895890410958904,0.02935651084279177
25,11.334246575342464,0.031363806586900585
26,12.849315068493151,0.0334672894467456
27,13.980821917808221,0.03387925884357113
28,15.169863013698633,0.03596944522741269
29,15.726027397260275,0.036921403587693885
30,18.832876712328765,0.038248298476582135
