,maturity,rates
0,1.1095890410958904,0.05301042380452195
1,1.4547945205479451,0.05238012208260715
2,1.7232876712328766,0.050092120086969234
3,1.7808219178082192,0.052535242041955005
4,2.375342465753425,0.05334164252893279
5,2.7589041095890408,0.05446749308716758
6,2.893150684931507,0.055107310212458224
7,3.3726027397260268,0.056618618635500065
8,3.4493150684931506,0.054254539312176
9,3.5835616438356164,0.05409346845644106
10,3.9863013698630136,0.05530448233890617
11,4.369863013698629,0.05524543050255976
12,4.619178082191781,0.05624169206091669
13,5.693150684931508,0.05587133927981241
14,6.536986301369862,0.05682446222783647
15,6.594520547945206,0.05716078628221662
16,6.920547945205478,0.056533013559812946
17,7.591780821917808,0.05652341100560908
18,7.8794520547945215,0.0573912131062999
19,9.221917808219178,0.057716147178856814
20,10.104109589041096,0.05929285875057757
21,11.54246575342466,0.06048489626991046
22,13.057534246575342,0.061662289762235985
23,14.189041095890412,0.06264041924484433
24,15.934246575342465,0.06624533223935808
25,19.04109589041096,0.06393592785592027
