,maturity,rates
1,0.4,0.004887998139858067
2,0.7643835616438356,0.00815992771078483
3,0.8986301369863013,0.010256374254986569
4,0.9561643835616438,0.010986279091964094
5,1.1095890410958904,0.012187448867179188
6,1.6849315068493151,0.016625249233739644
7,2.1452054794520548,0.019800189463578
8,3.0273972602739727,0.024216531034873336
9,3.3726027397260268,0.026290339711170816
10,3.641095890410959,0.023880545116568983
11,3.6986301369863015,0.027329864515125583
12,4.293150684931507,0.0293419741019078
13,4.676712328767123,0.030536983309148405
14,4.810958904109589,0.03112518143791186
15,5.367123287671234,0.03282536196633583
16,5.904109589041097,0.03543561523200537
17,6.536986301369862,0.03636429364399242
18,8.454794520547948,0.04100338070008702
19,8.838356164383562,0.04137879809705505
20,9.797260273972602,0.043721359310693216
21,11.139726027397261,0.04604497047884954
22,13.460273972602739,0.04847074162366876
23,14.975342465753426,0.050763897725616035
24,16.106849315068494,0.05251086760823625
25,17.852054794520548,0.054801869809954516
