,maturity,rates
1,0.4767123287671233,0.004234479653097447
2,1.3589041095890408,0.01013523697906
3,1.704109589041096,0.01211426793680951
4,1.9726027397260275,0.00805685927276777
5,2.03013698630137,0.013725277902295337
6,2.6246575342465754,0.01651962443120739
7,3.008219178082192,0.018034335537247512
8,3.1424657534246574,0.018640191034758842
9,3.6219178082191785,0.018322144302162943
10,3.6986301369863015,0.021005385937131426
11,4.235616438356163,0.023122489943401183
12,4.619178082191781,0.024110746627481142
13,4.868493150684932,0.025068384701392686
14,5.712328767123287,0.012975991768455736
15,5.942465753424657,0.02800885066984441
16,6.786301369863014,0.029275211185384006
17,6.843835616438358,0.029524630442859436
18,7.16986301369863,0.02984846019045744
19,8.128767123287671,0.03186294247828797
20,9.471232876712328,0.03440222222536785
21,10.353424657534246,0.03545200057390576
22,11.791780821917806,0.03700809622407149
23,13.306849315068495,0.03960890114873589
24,14.438356164383562,0.0409265560967943
25,16.183561643835617,0.04371275964268753
26,19.290410958904108,0.04426064942807048
