,maturity,rates
1,1.1835616438356165,0.0081477377707451
2,1.5287671232876712,0.01006668905904346
3,1.7972602739726031,0.0064946094798575965
4,1.8547945205479448,0.01197368250860186
5,2.4493150684931506,0.01462893050827576
6,2.832876712328768,0.01620918263558432
7,2.967123287671233,0.016889800444223585
8,3.4465753424657533,0.016936439898168582
9,3.5232876712328767,0.018498019502224163
10,4.06027397260274,0.020551507216740823
11,4.443835616438356,0.021981565452371454
12,4.693150684931507,0.022510891715064364
13,5.767123287671232,0.025366870508784
14,6.610958904109589,0.026991542782234857
15,6.668493150684933,0.027142699372143968
16,6.994520547945205,0.02751635085862463
17,7.6657534246575345,0.02979875275530993
18,7.953424657534247,0.030129732469676207
19,9.295890410958904,0.03212949128762956
20,10.178082191780822,0.033279913840858065
21,11.616438356164384,0.034605719874149524
22,13.131506849315068,0.03699197161714735
23,14.263013698630138,0.03831232470113224
24,16.008219178082193,0.041067915979913515
25,19.115068493150684,0.04187057834653058
