,maturity,rates
0,0.1095890410958904,0.06319580538988333
1,0.5698630136986301,0.005028334417618557
2,1.452054794520548,0.011222120279082341
3,1.7972602739726031,0.012986980646990982
4,2.0657534246575344,0.00970701814251647
5,2.1232876712328768,0.014628218835555129
6,2.7178082191780817,0.01741043907774236
7,3.1013698630136988,0.018876604750444538
8,3.2356164383561645,0.019657368910986264
9,3.7150684931506848,0.019170476394558524
10,3.791780821917808,0.021733549447256598
11,4.328767123287672,0.023674966659363972
12,4.712328767123288,0.024324459362191526
13,4.961643835616439,0.02565796116629297
14,5.8054794520547945,0.014496156491771444
15,6.035616438356165,0.027890301812065338
16,6.8794520547945215,0.029643237157537305
17,6.936986301369863,0.030121153189571526
18,7.263013698630138,0.030413202156596125
19,8.221917808219178,0.032592036843434584
20,9.564383561643837,0.0346115446983088
21,9.852054794520548,0.026972699250424316
22,10.446575342465753,0.036060921226040085
23,11.884931506849314,0.03794554924304738
24,13.4,0.040157968115050055
25,14.531506849315068,0.040966077556669464
26,16.276712328767122,0.04446052804959962
27,19.383561643835613,0.044763222631849287
