,maturity,rates
0,0.22465753424657534,0.09401475243818687
1,0.22465853424657534,0.007682981666078973
2,0.9342465753424658,0.025155055804326986
3,1.0876712328767124,0.027717478255868698
4,1.7205479452054795,0.036972379555711206
5,1.8383561643835613,0.0378052680961261
6,2.238356164383561,0.037501798909507215
7,2.2958904109589042,0.040542664354118935
8,2.794520547945205,0.04609239239525322
9,2.8520547945205488,0.04061028666755477
10,3.0054794520547947,0.047038771550334924
11,3.5808219178082186,0.050203563121033634
12,4.04109589041096,0.05224624783351731
13,4.923287671232877,0.05527416239333252
14,5.2684931506849315,0.05654628008646485
15,5.536986301369864,0.05485545458889093
16,6.189041095890411,0.05868916152095501
17,6.706849315068491,0.05974903400300395
18,7.263013698630138,0.061184682314029334
19,10.734246575342468,0.06508946726694849
20,11.693150684931505,0.06645222710602723
21,15.356164383561644,0.06959521927528763
22,19.747945205479454,0.07533824312409505
