,maturity,rates
0,0.9342465753424658,0.09380755485459652
1,1.0876712328767124,0.09055754173356528
2,1.7205479452054795,0.09015093852428029
3,1.8383561643835615,0.08889768600314595
4,2.295890410958904,0.09129920940780191
5,3.0054794520547947,0.08804511037162908
6,3.5808219178082186,0.08725839068283092
7,4.0410958904109595,0.08660952275370694
8,4.923287671232877,0.08548556580542367
9,5.268493150684932,0.08601743819121674
10,5.536986301369864,0.0856162397699638
11,6.189041095890411,0.08533108874525902
12,6.706849315068491,0.08461033475171942
13,7.263013698630138,0.08482453123406053
14,10.734246575342468,0.08373419354515553
15,11.693150684931505,0.08370880038669232
16,15.356164383561644,0.08464090007555547
17,19.747945205479454,0.08947859013379483
