,maturity,rates
0,0.2876712328767123,0.05308273175118049
1,1.16986301369863,0.008060700139346209
2,1.515068493150685,0.00990607352025945
3,1.7835616438356163,0.006599759763612846
4,1.8410958904109591,0.011847038731041691
5,2.4356164383561643,0.014438905580485625
6,2.8191780821917813,0.015906841335921927
7,2.9534246575342467,0.016672213618332075
8,3.432876712328768,0.0168408016835566
9,3.5095890410958903,0.018313696804106643
10,4.046575342465753,0.020269885812480792
11,4.4301369863013695,0.0216677082947016
12,4.67945205479452,0.02211966901080231
13,5.523287671232877,0.00351754963129842
14,5.753424657534247,0.02494713941322447
15,6.446575342465754,0.039078522224978866
16,6.597260273972603,0.02640501210750783
17,6.654794520547945,0.02655901273445491
18,6.980821917808219,0.024464608574170085
19,7.652054794520548,0.029332837346039232
20,7.93972602739726,0.029715122419688482
21,9.282191780821918,0.031568079466505514
22,10.164383561643836,0.032727906779384024
23,11.602739726027398,0.03420581891996838
24,13.117808219178086,0.03647970326196145
25,14.24931506849315,0.0380546861921804
26,15.994520547945205,0.038510295664438435
27,19.10136986301369,0.041647454176948935
