,maturity,rates
1,1.0547945205479452,0.02702526297493936
2,1.6876712328767125,0.036618728589643386
3,1.8054794520547943,0.037490505485464884
4,2.263013698630137,0.038646159883406736
5,2.972602739726028,0.04792133192759618
6,3.547945205479452,0.05038898783464993
7,4.008219178082192,0.0527038883470322
8,4.890410958904108,0.055356768969265585
9,5.235616438356164,0.057068812799112974
10,5.504109589041097,0.053876786464335934
11,6.156164383561642,0.05901826434780295
12,6.6739726027397275,0.060087672825000576
13,7.230136986301369,0.06138240163962391
14,10.7013698630137,0.06489086009462056
15,11.66027397260274,0.06610964496972761
16,15.323287671232874,0.06899703763503255
17,19.71506849315068,0.07438474795277933
