,maturity,rates
1,0.7726027397260274,0.008198963578314969
2,1.4821917808219178,0.019338068076534064
3,2.0575342465753423,0.02358536705184137
4,2.5178082191780824,0.02661778414904911
5,3.4,0.031227855285684614
6,3.7452054794520553,0.0329342775177099
7,4.013698630136987,0.03022203930633668
8,4.071232876712329,0.03456526968472485
9,4.665753424657535,0.036248510268077856
10,5.0493150684931525,0.03800268887420006
11,5.183561643835616,0.03861190693598189
12,5.7397260273972615,0.040234156722276336
13,6.9095890410958924,0.04389277511880388
14,8.827397260273973,0.047239911126710665
15,9.210958904109587,0.04742331722838173
16,10.169863013698633,0.04953705440552464
17,13.832876712328767,0.05331358266299786
18,15.347945205479453,0.05616694668845413
19,18.224657534246575,0.0581247155686704
