,maturity,rates
1,0.1232876712328767,0.001765707017661257
2,0.5232876712328767,0.006699568906955911
3,0.5808219178082191,0.004532918595486334
4,0.9452054794520548,0.012134525968153963
5,1.0794520547945206,0.013108834739691108
6,1.1369863013698631,0.009555630032409218
7,1.2904109589041095,0.015616129591233815
8,1.8657534246575345,0.02012090491561974
9,2.326027397260274,0.023318638150916147
10,3.208219178082192,0.027330076382891363
11,3.5534246575342467,0.029158375940648976
12,3.8219178082191783,0.026310140701895964
13,3.8794520547945206,0.031058551243591543
14,4.473972602739726,0.03308909470565529
15,4.857534246575343,0.034370115863262045
16,4.991780821917809,0.034322354958718056
17,5.471232876712329,0.03458251058643088
18,5.5479452054794525,0.03602806684756786
19,6.717808219178082,0.040280461357098826
20,8.635616438356163,0.044159694837442635
21,9.019178082191779,0.04416283388491942
22,9.97808219178082,0.046713637144370684
23,13.641095890410964,0.05125352874471497
24,15.156164383561645,0.05376541653461984
25,18.032876712328765,0.055537725760771636
