,maturity,rates
1,1.3972602739726028,0.04015385588068488
2,1.5506849315068494,0.0426523935655866
3,2.1835616438356165,0.050191867246841375
4,2.3013698630136985,0.051944921646925456
5,2.7589041095890408,0.05501707130534647
6,3.4684931506849317,0.06062726621867784
7,4.043835616438357,0.06303167463296126
8,4.5041095890410965,0.06524196255460374
9,5.3863013698630136,0.06741180141351914
10,6.652054794520548,0.07038170146073072
11,7.16986301369863,0.07074958319000982
12,7.64931506849315,0.06584379442694438
13,7.726027397260274,0.07253621374649377
14,11.197260273972605,0.07496211564949047
15,12.156164383561645,0.07563206532114633
16,20.21095890410959,0.07880427045808881
