,maturity,rates
0,0.11232876712328768,0.06812858410091133
1,0.16986301369863013,0.00200144481769735
2,0.5342465753424658,0.004884720923791047
3,0.6684931506849315,0.008384335357988928
4,0.726027397260274,0.009660647548722569
5,0.8794520547945206,0.010723661523067987
6,1.4547945205479451,0.01612419194877996
7,1.9150684931506847,0.020091116958002662
8,2.797260273972603,0.025336343343884224
9,3.1424657534246574,0.02703293502163862
10,3.410958904109589,0.02408842102994449
11,3.4684931506849317,0.029625404273438592
12,4.063013698630137,0.0314580678516259
13,4.446575342465755,0.033602506136700065
14,4.580821917808219,0.033946830158313436
15,5.06027397260274,0.03408117318401745
16,5.136986301369864,0.0354715303070933
17,5.6739726027397275,0.03788741472524552
18,6.306849315068492,0.039631688835702034
19,7.1506849315068495,0.028714804629448493
20,8.224657534246575,0.04417421432373458
21,8.608219178082193,0.04490154136933887
22,9.567123287671233,0.04672297574034142
23,10.909589041095893,0.04969260412195767
24,11.197260273972605,0.03356152269725591
25,13.23013698630137,0.05107600158362492
26,14.745205479452055,0.053026153784358966
27,15.876712328767125,0.05464273520227797
28,17.621917808219177,0.055689998681678426
