,maturity,rates
1,0.536986301369863,0.05300472967027231
2,0.8054794520547945,0.05628322769682041
3,0.8630136986301371,0.06798592710819353
4,1.3232876712328767,0.05933149414772401
5,1.4383561643835616,0.059423728343471975
6,1.956164383561644,0.06261635224120628
7,2.263013698630137,0.0632855950480855
8,2.4931506849315066,0.04881054328676772
9,2.4931516849315067,0.050297746006687294
10,3.202739726027397,0.0692341537460864
11,3.3561643835616435,0.06967803690502823
12,3.989041095890411,0.06157478233287547
13,4.1068493150684935,0.07112579169324637
14,4.506849315068493,0.08644235190697061
15,5.273972602739726,0.0734985306917239
16,5.849315068493151,0.07413770043553487
17,6.30958904109589,0.07578641399136947
18,7.191780821917808,0.07665555865420645
19,7.805479452054794,0.0756941474981844
20,8.457534246575342,0.07657461284920243
21,8.975342465753425,0.07000085163144576
22,9.531506849315068,0.07737300590854883
23,13.002739726027393,0.07942164870121428
24,13.961643835616439,0.0741182471195864
25,22.01643835616439,0.08871639385114223
