,maturity,rates
0,0.8767123287671232,0.0439258847239926
1,1.2219178082191782,0.007014795991229763
2,1.4904109589041097,0.006152574913069363
3,1.547945205479452,0.0083451452334477
4,2.1424657534246574,0.010830419798689385
5,2.526027397260274,0.012110927455112276
6,2.66027397260274,0.012821981064529827
7,3.1397260273972605,0.013058978670690044
8,3.2164383561643834,0.014585554949191925
9,3.3506849315068483,0.015088837359408844
10,3.753424657534248,0.016325583091226656
11,4.136986301369864,0.017397117853807317
12,4.3863013698630136,0.018251267570494653
13,5.23013698630137,-0.010519597109672828
14,5.4602739726027405,0.021141569674589564
15,6.153424657534248,0.054430971138936635
16,6.304109589041097,0.022394628316377927
17,6.361643835616437,0.02240899371391135
18,6.6876712328767125,0.022917257733993536
19,7.358904109589043,0.025212755422348646
20,7.646575342465752,0.025155499822617198
21,8.98904109589041,0.027783159967123397
22,9.871232876712329,0.02916144920178348
23,11.30958904109589,0.0307750633884252
24,12.824657534246574,0.033412241103952536
25,13.956164383561644,0.034615523616709484
26,15.145205479452054,0.03541905596172912
27,15.7013698630137,0.03681200764073962
28,18.808219178082194,0.0379369618667363
