,maturity,rates
1,0.4684931506849315,0.008042049790412209
2,0.8684931506849315,0.013420058141679712
3,0.9260273972602739,0.01073379993713367
4,1.4246575342465753,0.01943615006373093
5,1.4821917808219178,0.013619269188981115
6,1.6356164383561644,0.021112936396270883
7,2.2109589041095887,0.025645870663457176
8,2.671232876712329,0.028927268065136614
9,3.5534246575342467,0.03302133096854113
10,3.8986301369863017,0.035061955311613505
11,4.167123287671233,0.03252532684999061
12,4.8191780821917805,0.038257181862907816
13,5.2027397260273975,0.03960081761942808
14,5.336986301369863,0.040480400301505404
15,5.816438356164384,0.042055865396229984
16,5.8931506849315065,0.041933334574404985
17,7.0630136986301375,0.04449755765054175
18,8.980821917808221,0.04737587581681245
19,9.364383561643837,0.048151958461655264
20,10.323287671232876,0.04986196238998958
21,13.986301369863016,0.05369580892857239
22,15.501369863013695,0.05670293083613324
23,18.378082191780823,0.0597786009348244
