,maturity,rates
1,0.2876712328767123,0.004771541517937615
2,0.6876712328767123,0.010329943683972494
3,0.7452054794520548,0.007700750348957341
4,1.2438356164383562,0.016324781879240906
5,1.3013698630136987,0.013657907721924364
6,1.4547945205479451,0.018559019652924096
7,2.03013698630137,0.022644437814682727
8,2.4904109589041097,0.02642522028726435
9,3.3726027397260268,0.030623160650331376
10,3.7178082191780817,0.03217287908305121
11,3.9863013698630136,0.029877012786293462
12,4.043835616438357,0.03434458552119394
13,4.638356164383562,0.035744922946255066
14,5.021917808219178,0.037318108279577634
15,5.156164383561643,0.03808709640471459
16,5.635616438356164,0.03883879374261575
17,5.712328767123287,0.03955835790206222
18,6.882191780821918,0.0428720446395159
19,8.8,0.046391915744531366
20,9.183561643835617,0.04685232271687855
21,10.142465753424656,0.049078843134367486
22,13.805479452054794,0.05290543665349782
23,15.320547945205481,0.05579842878988102
24,18.19726027397261,0.05847144522168873
