,maturity,rates
1,1.3945205479452054,0.015453567229531373
2,1.8547945205479448,0.01944579016604402
3,2.736986301369863,0.024669108583209698
4,3.0821917808219177,0.026426138485682812
5,3.3506849315068483,0.022857225541450782
6,3.408219178082192,0.028828724627437994
7,4.002739726027397,0.03046987904320501
8,4.3863013698630136,0.032746230909773286
9,4.5205479452054815,0.03192239179131438
10,5.076712328767123,0.034202718738534435
11,5.613698630136986,0.03732504496394988
12,6.2465753424657535,0.03887471561316643
13,8.164383561643836,0.04321275539310665
14,8.547945205479452,0.04363199438065414
15,9.506849315068491,0.04560185525428455
16,10.849315068493151,0.048637302193705136
17,13.169863013698633,0.05053550822607029
18,14.684931506849315,0.052409281974062416
19,15.816438356164383,0.0540418154267756
20,17.561643835616437,0.054558768436031364
