,maturity,rates
1,0.9424657534246575,0.02518535017449906
2,1.5753424657534247,0.03390987879921305
3,1.6931506849315068,0.03450544246916056
4,2.150684931506849,0.03688900499850343
5,2.8602739726027395,0.04496957175979943
6,3.4356164383561643,0.04751256182828489
7,3.895890410958904,0.049530854664955416
8,4.778082191780824,0.051713527696344484
9,5.123287671232877,0.05281168171975045
10,5.391780821917808,0.05118249985173208
11,6.043835616438358,0.054887894770902
12,6.5616438356164375,0.055867593540497834
13,7.041095890410959,0.0574992925160223
14,7.117808219178082,0.05709325934502665
15,10.58904109589041,0.06081576148985043
16,11.547945205479452,0.062075895331390935
17,15.210958904109587,0.06598765512658654
18,19.602739726027398,0.07011654155706208
