,maturity,rates
0,0.16712328767123288,0.07326376887027485
1,0.28493150684931506,0.004675338280657034
2,0.6849315068493149,0.010278673472205912
3,0.7424657534246575,0.007596856904329833
4,1.2410958904109588,0.016118255338249753
5,1.2986301369863014,0.012217038726082707
6,1.452054794520548,0.0183622781345074
7,2.0273972602739727,0.022534744570398942
8,2.4876712328767123,0.026281462287023515
9,3.3698630136986303,0.030496809685962318
10,3.7150684931506848,0.03208617557726546
11,3.9835616438356163,0.029494781696667405
12,4.04109589041096,0.0341921983330389
13,4.635616438356164,0.03565914104275045
14,5.0191780821917815,0.037213414861271096
15,5.153424657534247,0.03770334706693463
16,5.632876712328768,0.03828977589018656
17,5.7095890410958905,0.03938857702947069
18,6.8794520547945215,0.04265573231006455
19,8.797260273972602,0.04644469602101065
20,9.18082191780822,0.0465243703857853
21,10.13972602739726,0.048842427044548685
22,13.802739726027394,0.05288146359976903
23,15.317808219178081,0.05568328625444308
24,18.194520547945206,0.05790687010248746
