,maturity,rates
1,0.9917808219178084,0.010924885486344234
2,1.8739726027397257,0.01739362316448011
3,2.219178082191781,0.01967580621380368
4,2.4876712328767123,0.01584819466598955
5,2.5452054794520547,0.021787098044112788
6,3.1397260273972605,0.02494590060448456
7,3.5232876712328767,0.02666223145204914
8,3.6575342465753424,0.027582320965435527
9,4.136986301369864,0.028723492025202996
10,4.213698630136986,0.02975559217698961
11,4.750684931506847,0.03179657033934339
12,5.134246575342465,0.033014143267834216
13,5.383561643835616,0.033789523857630205
14,7.301369863013699,0.03887701472041271
15,7.358904109589043,0.039324815133829835
16,7.684931506849315,0.039460493643593435
17,8.643835616438357,0.0417297673946388
18,9.986301369863014,0.044030151908251734
19,10.868493150684932,0.045951776270834285
20,12.306849315068495,0.04674918809511788
21,13.821917808219178,0.04950499831775102
22,14.953424657534244,0.05170205163591417
23,16.698630136986306,0.053310268398185465
