,maturity,rates
1,1.5095890410958903,0.01617834179013311
2,1.9698630136986297,0.01977403172897461
3,2.8520547945205488,0.024731190135148528
4,3.1972602739726037,0.026449884263688675
5,3.4657534246575343,0.02323338742047677
6,3.5232876712328767,0.027985155552854184
7,4.117808219178082,0.030028632146167182
8,4.501369863013698,0.03157668726107112
9,4.635616438356164,0.03231503931558913
10,5.115068493150685,0.032454799071067075
11,5.191780821917809,0.03391320805493682
12,5.728767123287669,0.03659856563151718
13,6.361643835616437,0.037863657326489865
14,8.279452054794518,0.04301573684557595
15,8.663013698630136,0.04354124134368865
16,9.62191780821918,0.04533475664785176
17,10.964383561643837,0.04777424682206908
18,13.284931506849315,0.0499105397128225
19,14.8,0.05215333244395975
20,15.931506849315069,0.05320833555020847
21,17.676712328767124,0.05353993740522536
