,maturity,rates
1,1.0109589041095892,0.03703194345899058
2,1.7205479452054795,0.051572988529638944
3,1.8739726027397257,0.05344768829219335
4,2.5068493150684934,0.06134465512579256
5,2.6246575342465754,0.06123794298350505
6,3.791780821917808,0.06985515118895395
7,4.8273972602739725,0.07494378746091697
8,5.7095890410958905,0.07842228785434131
9,6.323287671232878,0.079850234893167
10,6.9753424657534255,0.08095473450511431
11,7.493150684931508,0.08145456489481581
12,8.04931506849315,0.08315323239608358
13,11.52054794520548,0.08474401399898243
14,12.47945205479452,0.08677598442054313
15,20.534246575342465,0.09000648300579571
