,maturity,rates
1,1.1835616438356165,0.01285380871388397
2,2.0657534246575344,0.01974206422803955
3,2.410958904109589,0.022407535988316928
4,2.6794520547945204,0.01790283603792249
5,2.736986301369863,0.024226043324901855
6,3.3315068493150686,0.027747421117929195
7,3.7150684931506848,0.02943750726149926
8,3.849315068493152,0.030218602427555925
9,4.328767123287672,0.03033606206940021
10,4.405479452054794,0.0325703519265181
11,4.942465753424657,0.03480900136963655
12,5.575342465753424,0.03592835176066563
13,7.493150684931508,0.04067525863410877
14,7.550684931506847,0.04163085446206966
15,7.876712328767122,0.04162632276617237
16,8.835616438356164,0.04414914993570787
17,10.178082191780822,0.046960330130029516
18,12.498630136986305,0.049349762414057176
19,14.013698630136984,0.051334403460288267
20,15.145205479452054,0.05359246490756581
21,16.89041095890411,0.055379454880601794
