,maturity,rates
1,0.5150684931506849,0.02053112618137876
2,0.7452054794520548,0.027615960373659997
3,0.7452064794520549,0.02689504820292881
4,1.4547945205479451,0.04171952591764702
5,1.6082191780821915,0.043478645046276666
6,2.2410958904109592,0.0506817455501101
7,2.3589041095890413,0.051538494237552766
8,2.7589041095890408,0.05224757316066613
9,2.8164383561643835,0.05428739960096605
10,3.315068493150685,0.05870348324558409
11,3.5260273972602736,0.059544719910412415
12,4.101369863013699,0.062097178991739825
13,4.561643835616438,0.06378859420646077
14,5.443835616438356,0.06766340639376059
15,6.057534246575343,0.0673460303000238
16,6.7095890410958905,0.07049130046502848
17,7.227397260273973,0.07123450926115593
18,7.706849315068491,0.07413011323520577
19,7.7835616438356166,0.07221301825410642
20,11.254794520547943,0.07439484494392372
21,12.213698630136989,0.07623591866570249
22,20.268493150684925,0.08464159694649535
