,maturity,rates
1,0.2054794520547945,0.002684459453459569
2,0.7808219178082192,0.009170660315194194
3,1.2410958904109588,0.013011630613406756
4,2.1232876712328768,0.020371290680181998
5,2.4684931506849317,0.023179570728123974
6,2.736986301369863,0.0187804593579856
7,2.794520547945205,0.02498827007261885
8,3.389041095890412,0.028475721792828833
9,3.7726027397260284,0.030294343790985882
10,3.906849315068493,0.031333067467254706
11,4.3863013698630136,0.031579939334708325
12,4.463013698630137,0.033804947313922785
13,5.0,0.035489361890885134
14,5.632876712328768,0.03719093310226839
15,6.476712328767122,0.02153439970899704
16,7.550684931506847,0.042492996545630136
17,7.608219178082192,0.04329843928688306
18,7.934246575342466,0.04336105760554779
19,8.89315068493151,0.04567573930928371
20,10.235616438356164,0.04899074982836383
21,12.556164383561645,0.05108229551534319
22,14.07123287671233,0.05303349468980107
23,15.202739726027398,0.055084263532053035
24,16.947945205479453,0.05654801013340367
