,maturity,rates
1,0.7095890410958904,0.039853153248208435
2,1.227397260273973,0.05219241661786831
3,1.7643835616438357,0.06239669549602921
4,2.473972602739726,0.07097707330708675
5,2.627397260273973,0.07194885606377527
6,3.2602739726027403,0.07616213931489542
7,3.378082191780821,0.07744904321653058
8,4.545205479452054,0.08073735610049912
9,5.120547945205479,0.08196090488466291
10,5.580821917808219,0.08306496339873468
11,6.463013698630138,0.08457071341880291
12,7.076712328767122,0.07019970962142398
13,7.728767123287669,0.08636449769431517
14,8.246575342465754,0.0876468632186975
15,8.726027397260275,0.08983749275723818
16,8.802739726027399,0.08593053027420558
17,12.273972602739725,0.08785432912091291
18,13.232876712328768,0.08992794839223661
19,21.28767123287671,0.09546654725529828
