,maturity,rates
0,0.6136986301369863,0.07960530732047638
1,0.7315068493150685,0.01297281911239202
2,1.1315068493150684,0.011165740944437978
3,1.1890410958904107,0.01520153638882035
4,1.5534246575342463,0.01508096405777906
5,1.6876712328767125,0.024105821689345587
6,1.7452054794520548,0.020159451489691227
7,1.8986301369863008,0.02664932906631761
8,2.473972602739726,0.030875223872207407
9,2.9342465753424656,0.03395675572103904
10,3.816438356164384,0.03803337130759719
11,4.161643835616438,0.03896444304716844
12,5.082191780821918,0.04221135650493468
13,5.465753424657534,0.044152414683448486
14,5.6,0.04421879393883072
15,6.156164383561642,0.045477358397447626
16,7.3260273972602725,0.048704887658796256
17,9.243835616438355,0.05187934324636628
18,9.627397260273973,0.05068924360228266
19,10.586301369863014,0.053804090346761056
20,14.24931506849315,0.05688711289581189
21,15.764383561643836,0.05951214431628388
22,18.641095890410966,0.0611726718142299
