,maturity,rates
1,0.7890410958904109,0.0292184479487108
2,1.4986301369863009,0.043187721555297334
3,1.652054794520548,0.045539595732684346
4,2.2849315068493152,0.0535002138537793
5,2.4027397260273973,0.05382735557261427
6,3.5698630136986296,0.06256894079577201
7,4.145205479452055,0.06540174049205268
8,4.6054794520547935,0.06760378244268453
9,5.487671232876712,0.06978056060480578
10,6.101369863013699,0.06842884541093644
11,6.753424657534247,0.07378904798823767
12,7.271232876712331,0.07470101349054359
13,7.750684931506847,0.0723450490024921
14,7.827397260273972,0.0764244237908632
15,11.2986301369863,0.07992158791737593
16,12.257534246575348,0.08138279801403328
17,20.31232876712329,0.0889371480488419
