,maturity,rates
0,1.1068493150684928,0.055926762149695095
1,1.452054794520548,0.05520913324057133
2,1.7205479452054795,0.05217111420785619
3,1.7780821917808218,0.05566909886909843
4,2.3726027397260268,0.05632612848741857
5,2.756164383561644,0.05658142918419286
6,2.8904109589041096,0.056191186845676325
7,3.3698630136986303,0.05734777682219203
8,3.4465753424657533,0.05771829963257225
9,3.5808219178082186,0.05441085509217161
10,3.983561643835616,0.058681558606842696
11,4.367123287671233,0.05888695855314456
12,4.616438356164384,0.05868690449366624
13,5.69041095890411,0.059897432234456816
14,6.534246575342466,0.060829112189721715
15,6.5917808219178085,0.06056591177249928
16,6.917808219178082,0.060820781994760084
17,7.589041095890411,0.06088687199165235
18,7.876712328767122,0.06071326891265364
19,9.219178082191783,0.06249486133213593
20,10.101369863013696,0.0627207237885662
21,11.539726027397261,0.06426987932255711
22,13.054794520547945,0.06581923916629231
23,14.186301369863012,0.0658856860710856
24,15.931506849315069,0.06810441607531696
25,19.038356164383558,0.06630534354416365
