,maturity,rates
1,1.3013698630136987,0.009133269528237616
2,1.6465753424657534,0.011349185550383644
3,1.9150684931506847,0.007062180017277477
4,1.9726027397260275,0.013197321390939178
5,2.5671232876712327,0.015553547526287547
6,2.9506849315068493,0.017410541148362758
7,3.084931506849315,0.01724998810734544
8,3.5643835616438366,0.017350044872130595
9,3.641095890410959,0.01983710746797936
10,4.178082191780821,0.02203734668067029
11,4.561643835616438,0.023110732663975047
12,4.810958904109589,0.02409861691682701
13,5.884931506849315,0.027188105337549937
14,6.728767123287669,0.028720196034918027
15,6.786301369863014,0.02879742723584677
16,7.112328767123286,0.02913276707735587
17,7.7835616438356166,0.03150976298705844
18,8.071232876712331,0.031247813742683636
19,9.413698630136986,0.03370017989562302
20,10.295890410958904,0.034956758290649044
21,11.734246575342464,0.036250902380305074
22,13.24931506849315,0.038744328161125455
23,14.38082191780822,0.04022088678683637
24,16.126027397260273,0.04265795396127374
25,19.232876712328764,0.04353118972361435
