,maturity,rates
0,0.3671232876712329,0.05461599260064541
1,1.2493150684931509,0.008762171464591422
2,1.5945205479452054,0.010850215207044309
3,1.8630136986301369,0.00727619285928296
4,1.92054794520548,0.01266772221387878
5,2.515068493150685,0.01491791066114253
6,2.8986301369863017,0.0167264595592719
7,3.032876712328767,0.016895862823944473
8,3.512328767123288,0.016603704756679917
9,3.589041095890411,0.019011854198626398
10,4.126027397260274,0.02123039319241529
11,4.5095890410958885,0.021978295025516268
12,4.758904109589041,0.0230048363413748
13,5.602739726027397,0.00902017124643338
14,5.832876712328768,0.025934515546727217
15,6.676712328767122,0.027440155628577767
16,6.734246575342466,0.02759927494571577
17,7.06027397260274,0.028070308385675112
18,7.7315068493150685,0.03043845725335924
19,8.01917808219178,0.030146639419694882
20,9.361643835616439,0.03250542037295135
21,9.64931506849315,0.018757271994756828
22,10.243835616438355,0.03355254603019685
23,11.682191780821919,0.03488121889230489
24,13.197260273972606,0.03709246318273097
25,14.32876712328767,0.0389343494891091
26,16.073972602739726,0.041854029754119115
27,19.180821917808217,0.04193130336900195
