,maturity,rates
0,0.07671232876712329,0.10340845431377124
1,0.3835616438356164,0.01641762393209481
2,0.6136986301369863,0.02313335001939815
3,0.6136996301369864,0.023033081331521262
4,1.3232876712328767,0.039980808966669536
5,1.4767123287671229,0.04237241485142087
6,2.1095890410958904,0.05001678446680341
7,2.2273972602739724,0.050645294407425136
8,2.627397260273973,0.051022640587833686
9,2.684931506849315,0.05168995620706896
10,3.1835616438356165,0.058671105094105724
11,3.3945205479452056,0.059359578920201925
12,3.96986301369863,0.06253551581765447
13,4.4301369863013695,0.06464350808196599
14,5.3123287671232875,0.06732866543985973
15,5.926027397260274,0.06619457270493646
16,6.578082191780823,0.07007377063049124
17,7.095890410958903,0.0711637016391367
18,7.575342465753424,0.0736456288069587
19,7.652054794520548,0.07200585361722611
20,11.123287671232877,0.07456478428601925
21,12.082191780821915,0.07573539158538596
22,20.136986301369863,0.08252263756400531
