,maturity,rates
0,0.4410958904109589,0.05601001914119563
1,1.3232876712328767,0.00954577839744258
2,1.6684931506849314,0.011538469293585688
3,1.9369863013698632,0.008322791338792304
4,1.9945205479452053,0.009309259731812894
5,2.589041095890411,0.015894821098907105
6,2.972602739726028,0.017862963756056997
7,3.106849315068493,0.018023366540878626
8,3.5863013698630137,0.01771795045467954
9,3.6630136986301367,0.020308316518562318
10,4.2,0.02235788780759678
11,4.583561643835616,0.023424408558978014
12,4.832876712328766,0.024380538440213245
13,5.676712328767122,0.014413514642210147
14,5.906849315068492,0.02743076540268353
15,6.750684931506847,0.02880768429666175
16,6.808219178082192,0.029050787684806668
17,7.134246575342464,0.029272541019095013
18,7.805479452054794,0.03154975131364445
19,8.093150684931508,0.031386359175667074
20,9.435616438356163,0.0338546148345814
21,9.723287671232876,0.02653749477261384
22,10.317808219178081,0.03491048271982039
23,11.756164383561645,0.03637444983238625
24,13.271232876712327,0.03919016105724278
25,14.402739726027393,0.04035657525484115
26,16.147945205479452,0.04418098116381064
27,19.254794520547946,0.04373730420281708
