,maturity,rates
0,0.4219178082191781,0.07770124680776483
1,0.5397260273972603,0.00946471744825562
2,0.9397260273972604,0.01563098938602829
3,0.9972602739726028,0.004694408354888647
4,1.3616438356164384,0.013093772925634243
5,1.4958904109589042,0.01387219743585063
6,1.5534246575342463,0.016351670163032322
7,1.7068493150684931,0.023027307215075524
8,2.282191780821918,0.027580852698847996
9,2.742465753424657,0.030577886985258363
10,3.6246575342465763,0.03469093672066313
11,3.96986301369863,0.036898091470122775
12,4.238356164383561,0.03178515129601595
13,4.890410958904108,0.04005649134650166
14,5.273972602739726,0.041419364862247635
15,5.4082191780821915,0.042174498472947616
16,5.887671232876714,0.042456302069211735
17,5.964383561643835,0.0435857201183665
18,7.134246575342464,0.046759884841594594
19,9.052054794520547,0.04970441590125303
20,9.435616438356163,0.0500862866858462
21,10.394520547945207,0.051129405383127005
22,12.024657534246574,0.03999862641099414
23,14.057534246575342,0.056154683128727526
24,15.572602739726028,0.05912844777044021
25,18.44931506849315,0.06215264590245385
