,maturity,rates
1,0.9643835616438357,0.010613466729516985
2,1.8465753424657527,0.01715908167358362
3,2.191780821917808,0.01931357950553981
4,2.46027397260274,0.015432847972010012
5,2.5178082191780824,0.02101199848017289
6,3.1123287671232878,0.024187969615523008
7,3.495890410958904,0.0258520242543496
8,3.6301369863013697,0.026829371869986518
9,4.109589041095891,0.027786282471843397
10,4.186301369863013,0.029138438449360118
11,4.723287671232876,0.031070872875501355
12,5.1068493150684935,0.03237596104835303
13,5.3561643835616435,0.03330202578603722
14,6.4301369863013695,0.0364902240146031
15,7.273972602739726,0.0377347438377218
16,7.331506849315067,0.03813608369123589
17,7.657534246575342,0.03816492864482151
18,8.616438356164384,0.040508469442978284
19,9.958904109589039,0.04341685812428498
20,10.841095890410957,0.044351950259613096
21,12.279452054794517,0.045660041382151316
22,13.794520547945206,0.04806965610476132
23,14.926027397260276,0.04969145682374829
24,16.671232876712327,0.05274544224078273
