,maturity,rates
0,0.024657534246575345,0.09295197928635933
1,0.6575342465753424,0.012697470411810378
2,0.7753424657534247,0.014171834096463384
3,1.1753424657534246,0.013014374647083035
4,1.2328767123287672,0.01745835208354999
5,1.7315068493150685,0.025038753449991385
6,1.9424657534246568,0.02736200185383005
7,2.5178082191780824,0.031227071825134744
8,2.9780821917808216,0.03422674228367583
9,3.8602739726027404,0.03770737674974639
10,4.205479452054795,0.03859449262177684
11,4.473972602739726,0.03711093205420344
12,5.126027397260274,0.041547234893727227
13,5.5095890410958885,0.04306701881363318
14,5.6438356164383565,0.0433111735737363
15,6.123287671232878,0.045750389902865514
16,6.2,0.044932406954293666
17,8.213698630136987,0.02170862286852144
18,9.287671232876713,0.054430374810052674
19,9.671232876712331,0.052751291424996086
20,10.63013698630137,0.054513538707201284
21,14.293150684931504,0.05815711478987577
22,15.808219178082194,0.060919830573187436
23,18.68493150684932,0.06375486453840835
