,maturity,rates
1,1.167123287671233,0.007997346538651886
2,1.5123287671232877,0.009893211956820505
3,1.7808219178082192,0.006490485158580029
4,1.8383561643835613,0.01184349258294758
5,2.4328767123287682,0.014453085096408068
6,2.8164383561643835,0.015985797202082354
7,2.9506849315068493,0.01672138889765694
8,3.4301369863013704,0.016886855694411392
9,3.506849315068493,0.01831697594434044
10,4.043835616438357,0.020261784672816804
11,4.427397260273971,0.021566220826359467
12,4.676712328767123,0.022061989178130664
13,5.750684931506847,0.02478864884326312
14,6.594520547945206,0.02640976585910774
15,6.652054794520548,0.026527089131131446
16,6.978082191780822,0.02736035463348164
17,7.64931506849315,0.029217347403996573
18,7.9369863013698625,0.029480446270343682
19,9.279452054794518,0.03146935041144621
20,10.161643835616438,0.0327748112385867
21,11.6,0.034233830821916535
22,13.115068493150686,0.036517024520470086
23,14.246575342465755,0.038126733532574286
24,15.991780821917805,0.04127538989140468
25,19.0986301369863,0.04142218227946806
