,maturity,rates
1,0.4054794520547945,0.00701891378840014
2,0.8630136986301371,0.009510296939948105
3,1.5726027397260274,0.02004546452160622
4,2.147945205479452,0.02445470098162867
5,2.6082191780821917,0.02746927938872419
6,3.4904109589041097,0.02687893545508397
7,3.8356164383561633,0.033693104069467385
8,4.104109589041096,0.03131681136773685
9,4.161643835616438,0.03522686682655314
10,4.756164383561643,0.036794957910095766
11,5.139726027397259,0.03798090637460472
12,5.273972602739726,0.03855895774081676
13,5.753424657534247,0.04119907842909748
14,5.83013698630137,0.04000212462931176
15,7.0,0.04320638846863255
16,8.917808219178081,0.04720354125692715
17,9.301369863013699,0.04736414112396861
18,10.260273972602741,0.04920924982567708
19,13.923287671232874,0.05337347557571477
20,15.438356164383562,0.05622923535975808
21,18.315068493150687,0.059337304439367
