,maturity,rates
0,0.14794520547945206,0.10079380425517842
1,0.14794620547945206,0.005530649883279574
2,0.8575342465753425,0.02408540849405054
3,1.0109589041095892,0.026406945983230654
4,1.643835616438356,0.035853182874341354
5,1.7616438356164383,0.03652945128776699
6,2.1616438356164385,0.03728025414569287
7,2.7178082191780817,0.04423878168137948
8,2.7753424657534245,0.036093510862335774
9,2.928767123287672,0.046046057266741935
10,3.504109589041096,0.04933537319079283
11,3.9643835616438365,0.05137244499598328
12,4.846575342465753,0.05399318080356014
13,5.191780821917809,0.05504971289147709
14,5.4602739726027405,0.05399068634727604
15,6.112328767123286,0.05718664333681135
16,6.63013698630137,0.057699279264447866
17,7.109589041095893,0.05958719012369741
18,7.186301369863013,0.05899803375444654
19,9.2,0.0780496674576073
21,10.657534246575343,0.05575587043074416
22,11.616438356164384,0.057741448027174236
23,15.279452054794517,0.061975511754298475
24,19.671232876712327,0.06737256360629935
