,maturity,rates
1,0.17534346575342466,0.0063984370289852785
2,0.8849315068493151,0.02449162278274021
3,1.0383561643835617,0.026973017266944142
4,1.6712328767123288,0.03614781324381148
5,1.7890410958904108,0.03711607886145995
6,2.1890410958904107,0.03771140862275885
7,2.246575342465753,0.03966126628632653
8,2.7452054794520557,0.04584056042271433
9,2.956164383561644,0.04774882345972832
10,3.5315068493150683,0.050108174022007686
11,3.991780821917808,0.052705698964545744
12,4.873972602739726,0.05558708859974011
13,5.219178082191782,0.05713700208194255
14,5.487671232876712,0.053517095752627225
15,6.139726027397258,0.059010592260251286
16,6.657534246575342,0.060190801935801314
17,7.213698630136986,0.061391593397676164
18,10.684931506849317,0.06516862232532472
19,11.643835616438356,0.06647187347000924
20,15.306849315068495,0.06942751061884346
21,19.698630136986306,0.07411227964566752
