,maturity,rates
1,0.5506849315068493,0.0425392576251776
2,1.0109589041095892,0.05436676749262122
3,1.126027397260274,0.05698068093487803
4,1.643835616438356,0.06263712327586808
5,2.180821917808219,0.06667291468283375
6,2.8904109589041096,0.06967860948024165
7,3.0438356164383564,0.07037511760780099
8,3.676712328767124,0.07196359516056014
9,3.7945205479452055,0.0721134454304871
10,4.961643835616439,0.07416586929859169
11,5.536986301369864,0.07451252831123313
12,5.997260273972603,0.07547987785146218
13,6.8794520547945215,0.0767700631617937
14,7.493150684931508,0.08170352077252506
15,8.145205479452057,0.07684066905553266
16,8.663013698630136,0.07790676874524566
17,9.142465753424656,0.08462127930877714
18,9.219178082191783,0.07896509929482669
19,12.69041095890411,0.08187817856389157
20,13.649315068493149,0.08186355698793782
21,21.704109589041096,0.09149982862507412
