,maturity,rates
1,0.024658534246575343,0.0009074912171696655
2,0.7342465753424657,0.020249863027582558
3,0.8876712328767123,0.02362357488524248
4,1.5205479452054795,0.032368064208525754
5,1.6383561643835616,0.03347400880207605
6,2.0383561643835617,0.033786862133507636
7,2.095890410958904,0.03603241079213845
8,2.5945205479452054,0.0420519853551414
9,2.8054794520547945,0.04426909854286792
10,3.38082191780822,0.04725098376490937
11,3.8410958904109593,0.0490167767879329
12,4.723287671232876,0.05163786598368955
13,5.068493150684932,0.05281994880775005
14,5.336986301369863,0.051347182169573666
15,5.9890410958904114,0.05540426096965199
16,6.506849315068492,0.056789918975556825
17,6.986301369863014,0.05771518776096314
18,7.0630136986301375,0.057716704814722214
19,10.150684931506847,0.06321878531752513
20,10.534246575342467,0.06207022426177247
21,11.493150684931507,0.06339736017555224
22,15.156164383561645,0.06710259903211717
23,19.54794520547945,0.068646814081386
