,maturity,rates
0,0.25205479452054796,0.10036191675263888
1,0.5589041095890411,0.022865900847341646
2,0.7890410958904109,0.02889095701990914
3,0.7890420958904109,0.0291246043288375
4,1.4986301369863009,0.04307624371903017
5,1.652054794520548,0.045427442130743366
6,2.2849315068493152,0.053388255542404055
7,2.4027397260273973,0.05371736652421701
8,2.8027397260273967,0.054839199212464496
9,3.3589041095890413,0.06154054001935605
10,3.5698630136986296,0.06248275084062745
11,4.145205479452055,0.06543777774939942
12,4.6054794520547935,0.06750555588229616
13,5.487671232876712,0.06983190993172995
14,6.101369863013699,0.06837539831616074
15,6.753424657534247,0.07383563287478752
16,7.271232876712331,0.07468408519222715
17,7.750684931506847,0.07237078709636498
18,7.827397260273972,0.07645681134223227
19,11.2986301369863,0.0797824310154609
20,12.257534246575348,0.08139543953337484
21,20.31232876712329,0.08882254885277123
