,maturity,rates
1,0.3315068493150685,0.013508983823712637
2,0.5616438356164384,0.021041473857262842
3,0.5616448356164384,0.021281088236731215
4,1.2712328767123289,0.038377704144853
5,1.4246575342465753,0.04053324254039027
6,2.0575342465753423,0.04757660146050842
7,2.1753424657534253,0.04948720703336485
8,2.5753424657534247,0.049919623875914136
9,2.632876712328767,0.049959520676944015
10,3.1315068493150684,0.05746894818878503
11,3.3424657534246576,0.058726971504038626
12,3.9178082191780814,0.061911812005240124
13,4.3780821917808215,0.06410317695550997
14,5.2602739726027385,0.06669003273626246
15,6.526027397260274,0.07044465573841929
16,7.043835616438358,0.07084129024323588
17,7.6,0.07315713996978371
18,11.07123287671233,0.07548400052668386
19,12.03013698630137,0.07734407970230196
20,20.08493150684932,0.08037256326367588
