,maturity,rates
0,0.11506849315068493,0.07696939660405751
1,0.6904109589041096,0.008329361784748223
2,1.1506849315068493,0.012710873247407837
3,2.032876712328767,0.01948411370269639
4,2.378082191780821,0.022293423904991068
5,2.646575342465753,0.018223006435528277
6,2.7041095890410958,0.02420670906394413
7,3.2986301369863016,0.027804298873424026
8,3.6821917808219182,0.029238829025085282
9,3.816438356164384,0.030157034430715712
10,4.295890410958904,0.029822425068578608
11,4.3726027397260285,0.03244083389999644
12,4.909589041095892,0.03505415914511273
13,5.293150684931507,0.03619517194258051
14,5.542465753424659,0.03649909748353205
15,7.46027397260274,0.041738279128924256
16,7.5178082191780815,0.04213780297723805
17,7.843835616438358,0.04196260913071295
18,8.802739726027399,0.04467310214136036
19,10.145205479452057,0.04767386289202381
20,12.465753424657533,0.04699843016507438
21,13.980821917808221,0.05258726355793642
22,15.112328767123287,0.05455503817857376
23,16.857534246575337,0.055473453092741334
