,maturity,rates
1,0.6,0.005448401280582072
2,1.4821917808219178,0.011801582600484226
3,1.8273972602739723,0.013737351478311672
4,2.095890410958904,0.009999208148393071
5,2.1534246575342464,0.015272735011775682
6,2.7479452054794518,0.018143827888391098
7,3.1315068493150684,0.019627823168083616
8,3.2657534246575337,0.020270193162262282
9,3.7452054794520553,0.019752981066091826
10,3.8219178082191783,0.02239505152181013
11,4.358904109589041,0.024189916828232697
12,4.742465753424658,0.02512375543804698
13,4.991780821917809,0.02569268809228978
14,5.835616438356165,0.014873655132628456
15,6.065753424657534,0.028698715925104427
16,6.9095890410958924,0.030475186630415717
17,6.967123287671233,0.030633299447460537
18,7.293150684931509,0.031029269293241124
19,8.252054794520548,0.03303857251263377
20,9.594520547945203,0.03526331995024226
21,9.882191780821918,0.027071928540770538
22,10.476712328767123,0.03672958630183842
23,11.915068493150685,0.0387575262064935
24,13.43013698630137,0.0412546379655314
25,14.561643835616438,0.04197875435633232
26,16.306849315068494,0.04573410845374571
27,19.413698630136988,0.045380195404820016
