,maturity,rates
0,0.2465753424657534,0.09429755349611148
1,0.4767123287671233,0.01741155392917084
2,0.4767133287671233,0.016499401386224858
3,1.1863013698630136,0.03372618571191792
4,1.3397260273972602,0.03674244710706934
5,1.9726027397260275,0.046137754589394515
6,2.0904109589041098,0.046044733216074725
7,2.4904109589041097,0.048864426484790335
8,2.547945205479452,0.048926608322720166
9,3.0465753424657533,0.05557250075299363
10,3.2575342465753425,0.058005216435727876
11,3.8328767123287673,0.061820374075084006
12,4.293150684931507,0.06400150429916801
13,5.175342465753425,0.06684859055999866
14,5.520547945205481,0.06868743247660536
15,5.789041095890411,0.0643862264119263
16,6.441095890410957,0.07167016849870865
17,6.958904109589041,0.0727559831058917
18,7.515068493150685,0.07406375178940135
19,10.986301369863014,0.0774950767180476
20,11.945205479452055,0.07868111978208413
21,13.575342465753426,0.08178328682786068
22,20.0,0.08338356465517614
