,maturity,rates
0,0.3643835616438356,0.06727399661435639
1,0.8246575342465754,0.008214366812874912
2,1.7068493150684931,0.014834297560975863
3,2.052054794520548,0.016880071962002516
4,2.32054794520548,0.013132427531057284
5,2.378082191780821,0.019211320207678267
6,2.972602739726028,0.022138363341080783
7,3.3561643835616435,0.02388176537772213
8,3.4904109589041097,0.020708181110176315
9,3.96986301369863,0.024269724062971454
10,4.046575342465753,0.026451341412555264
11,4.583561643835616,0.028572380881902087
12,4.9671232876712335,0.029890897548348824
13,5.2164383561643834,0.030342582325300575
14,6.06027397260274,0.015968207661174696
15,6.2904109589041095,0.0336673446316337
16,7.134246575342464,0.035322688507782515
17,7.191780821917808,0.03542791443919965
18,7.5178082191780815,0.035629086363937544
19,8.476712328767123,0.0350134209127421
20,9.81917808219178,0.040926387352967976
21,10.7013698630137,0.04236550029793013
22,12.139726027397261,0.04340915543348318
23,13.654794520547945,0.04598848377919811
24,14.786301369863011,0.047383105153180206
25,16.531506849315072,0.05005561774964764
26,19.638356164383566,0.050702725503610886
