,maturity,rates
1,1.3972602739726028,0.017209493572082554
2,1.9726027397260275,0.021744996882676438
3,2.4328767123287682,0.024692589754321342
4,3.315068493150685,0.029299846881018724
5,3.6602739726027407,0.030780309815051313
6,3.9287671232876713,0.02878115205144116
7,3.9863013698630136,0.03276124034624845
8,4.580821917808219,0.033917427999020845
9,4.964383561643834,0.03607282712005838
10,5.0986301369863005,0.035896292739832324
11,5.578082191780823,0.03739958202600439
12,5.654794520547945,0.03730694941817018
13,6.824657534246574,0.04134478195104847
14,8.742465753424657,0.045461860265951115
15,9.126027397260273,0.04576233616109104
16,10.084931506849315,0.04842517464615169
17,13.747945205479452,0.052491661247250715
18,15.263013698630138,0.05534203905545915
19,18.13972602739726,0.057014299197395465
