,maturity,rates
0,0.03835616438356165,0.06811761930910162
1,0.4986301369863014,-0.00043301325923281165
2,1.3808219178082193,0.010305721888379587
3,1.7260273972602742,0.01225948048980647
4,1.9945205479452053,0.006559910223645046
5,2.052054794520548,0.013746061655248078
6,2.646575342465753,0.016664319339300234
7,3.03013698630137,0.018132564413390367
8,3.1643835616438367,0.01868647195008304
9,3.643835616438357,0.018509244079805368
10,3.72054794520548,0.021314523282069328
11,4.257534246575342,0.02303180636889157
12,4.641095890410959,0.024104777104007238
13,4.890410958904108,0.024930898262078744
14,5.734246575342466,0.01375561071865253
15,5.964383561643835,0.02783155291838528
16,6.808219178082192,0.029320894235577724
17,6.865753424657536,0.029589206057668783
18,7.191780821917808,0.029854891520463618
19,8.150684931506849,0.03185207099021991
20,9.493150684931509,0.033978410991217955
21,9.780821917808217,0.025857122413185604
22,10.375342465753425,0.03535771898008728
23,11.813698630136988,0.03719945842125366
24,13.32876712328767,0.039819670124867375
25,14.460273972602739,0.03845378900337045
26,16.205479452054792,0.04414109430667466
27,19.31232876712329,0.04456164613542156
