,maturity,rates
1,1.4767123287671229,0.016416982741912597
2,1.9369863013698632,0.020088570065867728
3,2.8191780821917813,0.02549356515663601
4,3.1643835616438367,0.02725043231105476
5,3.432876712328768,0.023638150915064503
6,3.4904109589041097,0.023455176920399685
7,4.084931506849316,0.031524089547962326
8,4.468493150684932,0.03369253964824718
9,4.602739726027396,0.03401284648500403
10,5.082191780821918,0.03418629015475368
11,5.158904109589041,0.035682072784154716
12,5.695890410958903,0.038109977661938785
13,6.328767123287673,0.039623351752678414
14,8.246575342465754,0.043971425057166655
15,8.63013698630137,0.044313473973997874
16,9.58904109589041,0.04636704357091751
17,10.931506849315069,0.04843464928972602
18,13.252054794520548,0.05035609666331922
19,14.767123287671232,0.05266118588891788
20,15.898630136986306,0.053812169440863485
21,17.643835616438356,0.054520499910227116
