,maturity,rates
1,1.16986301369863,0.006416827951229522
2,1.4383561643835616,0.0060597487355442655
3,1.4958904109589042,0.003961114649273989
4,2.0904109589041098,0.010161131237664135
5,2.473972602739726,0.011902154334297288
6,2.6082191780821917,0.012253263930658169
7,3.0876712328767124,0.01264393865215248
8,3.1643835616438367,0.013945367952708898
9,3.2986301369863016,0.014750292673440222
10,3.7013698630136975,0.0158997305573226
11,4.084931506849316,0.016858388741931067
12,4.3342465753424655,0.017803756413779497
13,5.082191780821918,0.020531066416186686
14,5.178082191780822,-0.01023661629714093
15,5.4082191780821915,0.020598275770656357
16,6.101369863013699,0.057455727272969374
17,6.252054794520547,0.021992718101257414
18,6.30958904109589,0.02228070684443478
19,6.635616438356164,0.022610830999747263
20,7.306849315068492,0.024890044832353315
21,7.594520547945206,0.024810554012919917
22,8.936986301369863,0.02774973291388131
23,9.81917808219178,0.02910907806992437
24,11.257534246575343,0.030969749473301125
25,12.772602739726029,0.03351731799740325
26,13.904109589041095,0.03480415699653084
27,15.093150684931507,0.035642713339988946
28,15.649315068493149,0.03650664646781124
29,18.756164383561643,0.038309198136280254
