,maturity,rates
1,1.1123287671232878,0.005960714072916396
2,1.3808219178082193,0.005479043859230677
3,1.4383561643835616,0.007605848217859761
4,2.032876712328767,0.00973541768551122
5,2.416438356164384,0.011429142106097072
6,2.5506849315068494,0.011850138133325914
7,3.03013698630137,0.011947451847713012
8,3.106849315068493,0.013937500212917923
9,3.2410958904109592,0.014663841461882338
10,3.643835616438357,0.015847525453192852
11,4.027397260273974,0.01659056545355014
12,4.276712328767124,0.017471872087065222
13,5.024657534246575,0.02049235208962429
14,5.35068493150685,0.020856501125578825
15,6.1945205479452055,0.022619753436346774
16,6.252054794520547,0.022651710555760863
17,6.578082191780823,0.023296688088862896
18,7.249315068493153,0.02575912282470015
19,7.536986301369862,0.02605196233887201
20,8.87945205479452,0.02886861009613736
21,9.761643835616438,0.03025447793544735
22,11.2,0.032076045976377615
23,12.715068493150685,0.034785098714401975
24,13.846575342465751,0.0362150998232889
25,15.035616438356163,0.03712428076671123
26,15.591780821917805,0.037828096508683
27,18.698630136986306,0.03985705717470953
