,maturity,rates
1,1.2465753424657535,0.007264684881251424
2,1.515068493150685,0.006571455619048446
3,1.5726027397260274,0.008746249236751606
4,2.1671232876712327,0.01092356725365041
5,2.5506849315068494,0.01215486397758901
6,2.684931506849315,0.012750034983956129
7,3.1643835616438367,0.01354472742283441
8,3.2410958904109592,0.014573704764300338
9,3.3753424657534246,0.015004974789764576
10,3.778082191780822,0.016248770005965377
11,4.161643835616438,0.0176000132385427
12,4.410958904109589,0.018056755927036303
13,5.484931506849315,0.018005250717728766
14,6.328767123287673,0.02214310635566455
15,6.3863013698630136,0.02222710631840214
16,6.712328767123287,0.02272592160255374
17,7.383561643835616,0.025100179519424923
18,7.671232876712327,0.025072382596564385
19,9.013698630136986,0.027485154984782788
20,9.895890410958904,0.02877502707993462
21,11.334246575342464,0.03078860020439687
22,12.849315068493151,0.032960965342045484
23,13.980821917808221,0.033947235416024304
24,15.169863013698633,0.035563755826383533
25,15.726027397260275,0.03644103615252932
26,18.832876712328765,0.03782524652652156
