,maturity,rates
0,0.6575342465753424,0.10311231645465484
1,1.1945205479452057,0.10009496477831024
2,1.904109589041096,0.10024658221080841
3,2.0575342465753423,0.10090332329405695
4,2.6904109589041094,0.10140899918982367
5,2.808219178082192,0.10109455185913852
6,4.550684931506848,0.09740338548350949
7,6.506849315068492,0.10311166709079678
8,7.676712328767122,0.09870463764256728
9,8.156164383561642,0.12190630212116219
10,8.232876712328768,0.09791852636288767
11,11.704109589041094,0.09696421343124209
12,12.663013698630134,0.09750137066291169
13,20.717808219178078,0.10498836545014825
