,maturity,rates
0,0.5808219178082191,0.09208404404692312
1,0.6958904109589041,0.08458221932288486
2,1.2136986301369863,0.09055247594762915
3,1.7506849315068491,0.09449819028651213
4,2.6136986301369864,0.10318763446639827
5,5.567123287671233,0.09466887901555093
6,8.232876712328768,0.0947731930079213
7,12.26027397260274,0.09593560031441177
8,13.219178082191785,0.09518511944562723
