,maturity,rates
1,0.5150684931506849,0.05020550774741267
2,0.7835616438356164,0.05316300009857874
3,1.3013698630136987,0.058014477929147885
4,1.4164383561643836,0.05745184269297982
5,1.9342465753424656,0.06204162933349457
6,2.2410958904109592,0.06449560859713213
7,2.4712328767123286,0.06493736410305069
8,3.1808219178082187,0.0685392219647208
9,3.3342465753424664,0.06870071232201946
10,3.967123287671233,0.07014673678797917
11,4.084931506849316,0.07002246801063051
12,4.484931506849315,0.07677429617101332
13,5.252054794520548,0.07389056322323498
14,5.8273972602739725,0.07407115330652919
15,6.287671232876713,0.0752674539345372
16,7.16986301369863,0.07577098968485546
17,7.7835616438356166,0.0782984183408013
18,8.435616438356165,0.07672097269715078
19,8.953424657534246,0.07749401501015668
20,9.509589041095893,0.07776331646082044
21,12.980821917808221,0.07974891212465081
22,13.93972602739726,0.08148248987963311
