,maturity,rates
1,0.4,0.006836162188717379
2,0.8575342465753425,0.01012575692811014
3,1.5671232876712329,0.019991409761946227
4,2.1424657534246574,0.024456406533411898
5,2.602739726027397,0.02734851008157729
6,3.484931506849315,0.03203006103445978
7,3.8301369863013695,0.03345151260238315
8,4.098630136986301,0.03117055711474032
9,4.156164383561643,0.03516096023013826
10,4.750684931506847,0.036638220880821935
11,5.134246575342465,0.03807845190730528
12,5.2684931506849315,0.03862154722695496
13,5.747945205479453,0.040852640373365716
14,5.824657534246574,0.0400671895707432
15,6.994520547945205,0.043238725358458664
16,8.912328767123286,0.04734042675550644
17,9.295890410958904,0.047403273741357055
18,10.254794520547943,0.049277423339096266
19,13.917808219178085,0.05345579580659563
20,15.432876712328767,0.056179074947438436
21,18.30958904109589,0.05886079153469584
