,maturity,rates
1,0.7232876712328767,0.007119870588383288
2,1.6054794520547946,0.013563292710049251
3,1.9506849315068493,0.01586883247559994
4,2.219178082191781,0.011639050878157394
5,2.2767123287671227,0.01759946484060765
6,2.871232876712329,0.020505621205100355
7,3.2547945205479447,0.022098096552394197
8,3.389041095890412,0.02271283539502075
9,3.868493150684932,0.02218844866355317
10,3.945205479452055,0.024982165685632586
11,4.482191780821919,0.026825157917412825
12,4.865753424657535,0.02771788936654489
13,5.115068493150685,0.028323880806464606
14,6.189041095890411,0.03111329307914088
15,7.032876712328767,0.032791283757197115
16,7.090410958904108,0.03302195790929333
17,7.416438356164384,0.03404573249925021
18,8.375342465753425,0.03609088552344082
19,9.717808219178082,0.03852515564420327
20,10.6,0.03968624725095735
21,12.038356164383561,0.04118287833030364
22,13.553424657534249,0.04377715643696711
23,14.684931506849315,0.045259260095841296
24,16.43013698630137,0.04786214078236944
25,19.53698630136986,0.04844855864443209
