,maturity,rates
1,1.4383561643835616,0.0109127047939712
2,1.7835616438356163,0.012823841103477136
3,2.052054794520548,0.009505855946539736
4,2.1095890410958904,0.01432783448940839
5,2.7041095890410958,0.017222408381382382
6,3.0876712328767124,0.018544984217063142
7,3.221917808219178,0.019426119972584373
8,3.7013698630136975,0.0190155341984218
9,3.778082191780822,0.021604680234606686
10,4.315068493150685,0.02349482273863586
11,4.698630136986301,0.024338105492328312
12,4.947945205479452,0.025286466248023547
13,6.021917808219178,0.027771960456777683
14,6.865753424657536,0.02946208851541245
15,6.923287671232878,0.02979901119717395
16,7.249315068493153,0.030211352349530676
17,8.208219178082192,0.032020416816671664
18,9.550684931506847,0.034224998134382865
19,10.432876712328767,0.035342060670538904
20,11.871232876712327,0.037379282038007486
21,13.386301369863016,0.039650857485631935
22,14.517808219178082,0.0408232415066976
23,16.263013698630136,0.044235354591409724
24,19.369863013698627,0.04433549093508223
