,maturity,rates
1,0.07945205479452055,0.0009813298538660434
2,0.5780821917808219,0.0073910898733858185
3,0.6356164383561644,0.007565953463362774
4,0.7890410958904109,0.009859894843691566
5,1.3643835616438356,0.01525241486969135
6,1.824657534246576,0.019049937834703413
7,2.7068493150684927,0.024801582230882902
8,3.0520547945205485,0.026456481050480075
9,3.32054794520548,0.02252241371384273
10,3.378082191780821,0.02879327454951256
11,3.9726027397260273,0.031303594670711435
12,4.3561643835616435,0.032858346568875936
13,4.4904109589041115,0.03241919802532845
14,4.96986301369863,0.03382160921831979
15,5.046575342465753,0.03446972567345739
16,5.583561643835616,0.03705716868147488
17,6.2164383561643834,0.03862255932763504
18,8.134246575342466,0.04303348441391125
19,8.517808219178082,0.04337772328089514
20,9.476712328767123,0.045376933043673115
21,10.81917808219178,0.048388687775555286
22,13.139726027397261,0.05027526708423033
23,14.654794520547945,0.052194478889782465
24,15.786301369863011,0.053996908947780455
25,17.531506849315072,0.05427604120567636
