,maturity,rates
1,1.021917808219178,0.05541716088521508
2,1.1369863013698631,0.055429841184456256
3,1.6547945205479453,0.061733397147819315
4,2.191780821917808,0.06681906655745659
5,2.9013698630136986,0.07267313119525927
6,3.054794520547945,0.07012079667749505
7,3.6876712328767125,0.07282303830365983
8,3.8054794520547945,0.07272698650338172
9,4.972602739726027,0.07436883026100406
10,5.5479452054794525,0.0764801996905668
11,6.008219178082192,0.07582775446847813
12,6.890410958904107,0.07673851677250561
13,7.504109589041097,0.08183834087594517
14,8.156164383561642,0.07762955941792864
15,8.673972602739726,0.07816231624783886
16,9.23013698630137,0.07903597424534692
17,12.7013698630137,0.08180285141091184
18,13.66027397260274,0.08209941468549398
