,maturity,rates
1,1.2027397260273969,0.006810649186508741
2,1.4712328767123288,0.0061992374943063856
3,1.5287671232876712,0.008201100226575105
4,2.1232876712328768,0.01072673171172824
5,2.5068493150684934,0.012090970834552732
6,2.6410958904109587,0.012854897848809957
7,3.1205479452054794,0.012772025744093356
8,3.1972602739726037,0.014742019645001582
9,3.3315068493150686,0.015364618988086241
10,3.7342465753424654,0.01669561486981701
11,4.117808219178082,0.017629543804168105
12,4.367123287671233,0.018420998082464488
13,5.441095890410958,0.021454852770654474
14,6.284931506849315,0.022595893990331583
15,6.342465753424658,0.02296658485882673
16,6.668493150684933,0.023417018387738776
17,7.339726027397258,0.02555098821747832
18,7.627397260273972,0.02571067378979835
19,8.96986301369863,0.0284269919319328
20,9.852054794520548,0.02965978819774723
21,11.29041095890411,0.03130996000370659
22,12.805479452054794,0.034210599132339765
23,13.936986301369865,0.03575171048172957
24,15.126027397260273,0.03689176164579679
25,15.682191780821919,0.03710976814078036
26,18.78904109589041,0.038519302055287266
