,maturity,rates
0,0.06301369863013699,0.06192101972130633
1,0.46301369863013697,0.006164850391196464
2,0.5205479452054794,0.003595162114696404
3,1.0191780821917809,0.011578560259186986
4,1.0767123287671232,0.008764251112986308
5,1.2301369863013698,0.013936979967234928
6,1.8054794520547943,0.01843230331229159
7,2.265753424657534,0.02116818426218555
8,3.1479452054794512,0.02587522665482306
9,3.493150684931507,0.027246334742553373
10,3.761643835616439,0.02545334959232579
11,3.819178082191781,0.02889129772827928
12,4.413698630136986,0.030941874611312106
13,4.7972602739726025,0.032211683255956726
14,4.931506849315068,0.03263988312896065
15,5.410958904109589,0.032457747193013434
16,5.487671232876712,0.03393639652402952
17,6.657534246575342,0.0378074979947982
18,8.575342465753424,0.04175860251396287
19,8.958904109589039,0.0425022424907719
20,9.917808219178085,0.044712977475115885
21,11.547945205479452,0.040305985169233866
22,13.58082191780822,0.04965144855547267
23,15.095890410958905,0.051849404458479534
24,17.972602739726028,0.05520817812617628
