,maturity,rates
0,0.8,0.097191564919894
1,0.9534246575342464,0.0924545132615521
2,1.5863013698630135,0.08973278361531621
3,1.704109589041096,0.08734244741694605
4,2.1616438356164385,0.0905618825010252
5,2.871232876712329,0.08570637387097284
6,3.4465753424657533,0.08339931105617501
7,3.906849315068493,0.0834580547517255
8,4.789041095890411,0.08186660669754531
9,5.134246575342465,0.08168738971459179
10,5.402739726027397,0.07950436343935792
11,6.054794520547945,0.08089350323831004
12,6.572602739726027,0.07886152642702345
13,7.052054794520547,0.0828785634320068
14,7.128767123287672,0.07924501523085678
15,10.6,0.07806322781733484
16,11.558904109589042,0.07739031384927125
17,15.221917808219178,0.0793829649252338
18,19.613698630136987,0.08232316655894951
