,maturity,rates
1,1.1095890410958904,0.005939566658999801
2,1.378082191780822,0.005554659789424024
3,1.4356164383561645,0.0076070665676242185
4,2.03013698630137,0.00968966223926279
5,2.4136986301369863,0.01141422561844714
6,2.547945205479452,0.011661051598463064
7,3.0273972602739727,0.01162984697768538
8,3.104109589041096,0.013661512985225992
9,3.238356164383561,0.014545975865013928
10,3.641095890410959,0.01560015388126534
11,4.024657534246575,0.016531246051289257
12,4.273972602739726,0.017409163939043987
13,5.021917808219178,0.02023284617719216
14,5.347945205479452,0.020643024327686808
15,6.191780821917808,0.022360645260169777
16,6.249315068493153,0.0223983076866799
17,6.575342465753424,0.023031019309502868
18,7.2465753424657535,0.02541607572415482
19,7.534246575342466,0.025697197030421837
20,8.876712328767123,0.028473240756753875
21,9.75890410958904,0.029816058605121838
22,11.197260273972605,0.03166249863104675
23,12.712328767123287,0.034364291628540884
24,13.843835616438355,0.0355597593677162
25,15.032876712328768,0.036628685609832325
26,15.58904109589041,0.0379754495173886
27,18.695890410958906,0.03930873762998524
