,maturity,rates
0,0.1095890410958904,0.06651759898551726
1,0.2273972602739726,0.0036029932609892624
2,0.6273972602739726,0.008261665196437383
3,0.6849315068493149,0.006410057745100553
4,1.1835616438356165,0.014844424586190045
5,1.2410958904109588,0.007868004119619468
6,1.3945205479452054,0.016942987409458956
7,1.9698630136986297,0.02156554098151035
8,2.4301369863013704,0.024608608264270648
9,3.3123287671232875,0.029089481407630857
10,3.6575342465753424,0.030598264188090144
11,3.9260273972602735,0.027465618693306576
12,3.9835616438356163,0.03269369626109142
13,4.578082191780823,0.03377003709323413
14,4.961643835616439,0.035986781775019336
15,5.095890410958903,0.035714235487132664
16,5.575342465753424,0.03615128899292869
17,5.652054794520548,0.037330735965010534
18,6.821917808219178,0.04132585156199591
19,7.6657534246575345,0.030759018726166324
20,8.739726027397259,0.045926675491886
21,9.123287671232877,0.046646021799770086
22,10.082191780821915,0.04897923645654872
23,13.745205479452055,0.052826558002092634
24,15.26027397260274,0.05551890249793905
25,18.136986301369863,0.05872831630957823
