,maturity,rates
0,0.6493150684931507,0.10436784497615743
1,1.1863013698630136,0.10106186783389799
2,1.895890410958904,0.1024195131325838
3,2.0493150684931507,0.1023407452117423
4,2.682191780821918,0.10305096937848318
5,2.8,0.10351625960771701
6,3.967123287671233,0.10292599184416276
7,4.542465753424658,0.10353659473354197
8,5.0027397260273965,0.10221748856652346
9,5.884931506849315,0.10313268540512602
10,6.4986301369863035,0.10998559140379138
11,7.1506849315068495,0.10286432527736719
12,7.668493150684933,0.10055356264878659
13,8.147945205479452,0.116126430967399
14,8.224657534246575,0.09899639319190101
15,11.695890410958905,0.09869826971951297
16,12.654794520547945,0.10017017782162344
17,20.709589041095892,0.10404831410168625
