,maturity,rates
1,0.8821917808219178,0.016373021296192745
2,1.3397260273972602,0.019545083710947108
3,2.0493150684931507,0.028675129686473164
4,2.6246575342465754,0.03300068021802925
5,3.084931506849315,0.035548981161834525
6,3.967123287671233,0.03916359865354626
7,4.3123287671232875,0.04024827138789017
8,5.232876712328767,0.04296821579517539
9,5.616438356164384,0.04436907349498962
10,5.750684931506847,0.04438824989576637
11,6.230136986301369,0.0482064115625033
12,6.306849315068492,0.04629585555357462
13,9.394520547945207,0.05177466107994469
14,9.778082191780822,0.0512640636267709
15,10.736986301369864,0.053261106622432663
16,14.4,0.058197306251557085
17,15.915068493150685,0.06066193533709855
18,18.791780821917808,0.0623859597970805
