,maturity,rates
0,0.4356164383561644,0.07920668762105919
1,0.5534246575342465,0.009729360610990985
2,0.9534246575342464,0.016000130194747858
3,1.0109589041095892,0.013276775360273505
4,1.5095890410958903,0.02066043364547556
5,1.5671232876712329,0.017732759289486137
6,1.7205479452054795,0.023167306771792625
7,2.2958904109589042,0.02752708476732681
8,2.756164383561644,0.030815948819913976
9,3.638356164383562,0.03489035676893985
10,3.9835616438356163,0.03705328090363798
11,4.252054794520548,0.03450967989177131
12,4.904109589041097,0.040028711352418506
13,5.287671232876712,0.04166132718606765
14,5.4219178082191775,0.04226978922184197
15,5.978082191780822,0.04351874906497182
16,7.147945205479453,0.046793421862631766
17,9.065753424657537,0.04962611875636045
18,9.449315068493153,0.04991064676642419
19,10.408219178082193,0.05108385978825918
20,14.07123287671233,0.05512511736831634
21,15.586301369863017,0.05800805894093108
22,18.46301369863014,0.06082168234153455
