,maturity,rates
0,0.1917808219178082,0.07748524345184085
1,0.4602739726027397,0.039550373299839736
2,0.5178082191780822,0.03862462697528262
3,0.978082191780822,0.05231235451096964
4,1.0931506849315071,0.05293322382354088
5,1.610958904109589,0.060445163846727025
6,1.9178082191780816,0.0633235123133232
7,2.147945205479452,0.06231816437590885
8,2.1479462054794523,0.06545076586242896
9,2.8575342465753426,0.06834497930762737
10,3.010958904109589,0.06866636497073382
11,3.643835616438357,0.0700518857185595
12,3.761643835616439,0.07006792898306716
13,4.219178082191782,0.10222122284618143
14,4.92876712328767,0.07175018516165876
15,5.504109589041097,0.07241450571336211
16,5.964383561643835,0.0734846910547321
17,6.846575342465752,0.07375594146415826
18,7.46027397260274,0.07842127318384598
19,8.112328767123287,0.07447757771991402
20,8.63013698630137,0.07562023290155276
21,9.186301369863012,0.07652263468200468
22,12.657534246575349,0.07889675305397054
23,13.616438356164384,0.08053547811337572
24,21.671232876712327,0.0872338185801109
