,maturity,rates
0,0.4465753424657534,0.09575154051740097
1,0.7534246575342466,0.0302686567850928
2,0.9835616438356164,0.03677773677803371
3,0.9835626438356164,0.036468978732470514
4,1.6931506849315068,0.05086215182723874
5,1.8465753424657527,0.053471471697251145
6,2.4794520547945207,0.06149300748150135
7,2.5972602739726027,0.06210862330127779
8,2.9972602739726018,0.061927764040521235
9,3.054794520547945,0.056632631355826225
10,3.5534246575342467,0.0692966843924689
11,4.339726027397258,0.07361685012704605
12,4.8,0.07735339554205273
13,5.68219178082192,0.0787635835964063
14,6.295890410958903,0.07892251350871404
15,6.947945205479453,0.08214328278772799
16,7.465753424657534,0.0830926026017804
17,8.021917808219179,0.08451363604641668
18,11.493150684931507,0.08719726766720344
19,12.452054794520548,0.08822306989181856
20,20.506849315068493,0.08980016092543537
