,maturity,rates
1,1.0876712328767124,0.012040644791562742
2,1.9698630136986297,0.019312144705184782
3,2.3150684931506853,0.021468624103232317
4,2.5835616438356164,0.016887732843941145
5,2.6410958904109587,0.023479862895039758
6,3.2356164383561645,0.026915266271713967
7,3.6191780821917807,0.028471060541831718
8,3.753424657534248,0.029361832740776733
9,4.232876712328768,0.02946472439599768
10,4.30958904109589,0.03158935059768021
11,4.846575342465753,0.03400813857506693
12,5.23013698630137,0.03554380040189222
13,5.479452054794519,0.03610890698702963
14,7.397260273972603,0.04097723068571328
15,7.454794520547947,0.04144473520275014
16,7.780821917808219,0.041249703644289516
17,8.739726027397259,0.043742202336557214
18,10.082191780821915,0.04645686438830575
19,10.964383561643837,0.0481386220658616
20,12.402739726027393,0.04986734391923317
21,13.917808219178085,0.052535370659051034
22,15.049315068493149,0.05389756967667207
23,16.794520547945208,0.05500153439732846
