,maturity,rates
0,0.6958904109589041,0.0693538510877317
1,1.4054794520547946,0.06784910519690567
2,1.9808219178082191,0.06788375897280102
3,2.441095890410959,0.06846124569153417
4,3.3232876712328765,0.06882035234456269
5,3.668493150684931,0.06912484087910922
6,3.936986301369863,0.06509699234579615
7,3.994520547945205,0.06984854195978567
8,4.589041095890411,0.06944472031670255
9,4.972602739726027,0.07012609422243235
10,5.1068493150684935,0.06939322155430386
11,5.586301369863015,0.06823306997518323
12,5.663013698630137,0.06982872830865028
13,6.832876712328768,0.07149502547417852
14,8.75068493150685,0.07339551685093047
15,9.134246575342466,0.07288940783570846
16,10.093150684931508,0.0738060486300839
17,13.756164383561645,0.07504505210256546
18,15.271232876712327,0.07691532019415542
19,18.14794520547945,0.07653474030942534
