,maturity,rates
0,0.26301369863013696,0.11625941782260968
1,0.7808219178082192,0.11000548432394305
2,1.3178082191780822,0.11688099254875758
3,2.0273972602739727,0.10749826056236557
4,2.180821917808219,0.10706037676156782
5,2.8136986301369857,0.10722584560175466
6,2.9315068493150687,0.10765846770547967
7,4.098630136986301,0.10658523309972112
8,4.673972602739727,0.10516418737091378
9,6.016438356164382,0.10660072856890807
10,6.63013698630137,0.12989702009818932
11,7.282191780821918,0.10327554895772366
12,7.8,0.10352730202753617
13,8.356164383561643,0.10266808438235103
14,11.82739726027397,0.10224565293147042
15,12.786301369863011,0.1034462317614501
16,20.841095890410962,0.1095371763902495
