,maturity,rates
0,0.3424657534246575,0.06885737690002973
1,0.6109589041095891,0.04611546542690479
2,0.6684931506849315,0.04797174359691487
3,1.1287671232876713,0.05742762348162386
4,1.2438356164383562,0.059008697898405175
5,1.7616438356164383,0.06668755590874807
6,2.068493150684932,0.06766549539295058
7,2.2986301369863016,0.06760882869743319
8,2.2986311369863017,0.07089819291375164
9,3.1616438356164385,0.07345318753174117
10,3.7945205479452055,0.07467950821314495
11,3.912328767123288,0.0754846646840356
12,4.3123287671232875,0.0832227441086621
13,4.369863013698629,0.040515948427437394
14,5.079452054794522,0.07930383088962878
15,5.654794520547945,0.07819167321093783
16,6.997260273972603,0.0819229758748896
17,7.610958904109589,0.08503880712449925
18,8.263013698630138,0.08390188299379475
19,8.780821917808218,0.08419778467695735
20,9.336986301369864,0.08554761307341817
21,12.808219178082194,0.08651579445866618
22,13.767123287671232,0.0874937489895021
23,21.82191780821918,0.09114180840862246
