,maturity,rates
1,1.1643835616438356,0.007974933760980553
2,1.5095890410958903,0.009819646212040659
3,1.7780821917808218,0.006423138534223131
4,1.8356164383561644,0.011752684146484105
5,2.4301369863013704,0.014387351565314796
6,2.8136986301369857,0.01591107117187134
7,2.9479452054794515,0.01660527717626656
8,3.4273972602739726,0.016811394523123694
9,3.504109589041096,0.01824464378824297
10,4.04109589041096,0.020159553725620286
11,4.424657534246577,0.02142102935232691
12,4.673972602739727,0.021855572001494426
13,5.747945205479453,0.024683004802217842
14,6.5917808219178085,0.026218768243570938
15,6.64931506849315,0.026448328771901296
16,6.9753424657534255,0.02712485024468617
17,7.646575342465752,0.029076575339879486
18,7.934246575342466,0.029247037877582958
19,9.276712328767124,0.031330446316909524
20,10.158904109589043,0.03246416824966333
21,11.597260273972607,0.034070793490972105
22,13.112328767123287,0.03639195879044665
23,14.243835616438355,0.03802443607862677
24,15.98904109589041,0.04126908647999943
25,19.095890410958905,0.041284568467674615
