,maturity,rates
0,0.3123287671232877,0.05001445928068218
1,1.1945205479452057,0.008292809028486016
2,1.5397260273972602,0.010187987098609113
3,1.808219178082192,0.006664367761265624
4,1.8657534246575345,0.012168774724136631
5,2.46027397260274,0.01490756500476869
6,2.8438356164383563,0.016306689951948908
7,2.9780821917808216,0.01707197418945609
8,3.4575342465753423,0.01698831474557531
9,3.5342465753424657,0.018745354222637716
10,4.071232876712329,0.020840014521591423
11,4.454794520547946,0.02241312657349407
12,4.704109589041097,0.022901088075763475
13,5.5479452054794525,0.006634637142672903
14,5.778082191780823,0.02589545512914398
15,6.471232876712329,0.04597577714402403
16,6.6219178082191785,0.027238549860363767
17,6.679452054794519,0.027356739463548014
18,7.005479452054795,0.02776947626801067
19,7.676712328767122,0.03022261861668665
20,7.964383561643835,0.030665930945170318
21,9.306849315068494,0.032372433101033306
22,9.594520547945203,0.01766976145800606
23,10.189041095890412,0.03365606578753401
24,11.627397260273971,0.035002492804595865
25,13.142465753424654,0.03722839833006263
26,14.273972602739725,0.039067858145354524
27,16.019178082191786,0.04108700697578877
28,19.126027397260273,0.04225154073219834
