,maturity,rates
0,0.0136986301369863,0.07243652728329747
1,0.473972602739726,0.004191654905061847
2,1.356164383561644,0.010075562064231462
3,1.7013698630136986,0.012025038477081005
4,1.9698630136986297,0.008055888782873258
5,2.0273972602739727,0.013714451243164021
6,2.6219178082191785,0.016488640746062766
7,3.0054794520547947,0.017963200968290353
8,3.1397260273972605,0.018698367740606053
9,3.6191780821917807,0.01835323228492568
10,3.695890410958904,0.02084570642589634
11,4.232876712328768,0.023061817302035208
12,4.616438356164384,0.0239848140642681
13,4.865753424657535,0.02494589229473842
14,5.7095890410958905,0.012895149303811122
15,5.93972602739726,0.02783502330114069
16,6.7835616438356166,0.029279595738640377
17,6.8410958904109584,0.029379705153573587
18,7.167123287671232,0.02974666694808865
19,8.126027397260273,0.031850261541692425
20,9.468493150684932,0.034411575946160566
21,9.756164383561645,0.02444268405035696
22,10.35068493150685,0.03548625251069585
23,11.789041095890413,0.03716491295049327
24,13.304109589041095,0.03973990193253064
25,14.435616438356163,0.040830218048001486
26,16.18082191780822,0.043624741871626974
27,19.28767123287671,0.044469987457338905
