,maturity,rates
1,1.2027397260273969,0.04604688899336027
2,1.9123287671232883,0.057146463346242814
3,2.0657534246575344,0.05811322776507325
4,2.698630136986301,0.06565358191820073
5,2.8164383561643835,0.06598540436286747
6,3.2739726027397262,0.07064755623087669
7,3.9835616438356163,0.07303537844100294
8,4.558904109589041,0.07295636318285237
9,5.0191780821917815,0.07577585088801897
10,5.9013698630137,0.07830765015587422
11,6.515068493150685,0.08350541735170339
12,7.167123287671232,0.08093307281396228
13,7.684931506849315,0.08022365004657386
14,8.164383561643836,0.0906591356928516
15,8.241095890410959,0.0831491639970185
16,11.712328767123287,0.0840505068167106
17,12.67123287671233,0.08597502234051763
18,20.72602739726027,0.0946707106916796
