,maturity,rates
1,0.1917808219178082,0.005061526110227724
2,0.8246575342465754,0.01730013489069122
3,0.9424657534246575,0.019042668679830985
4,1.3424657534246576,0.017854534961247306
5,1.4,0.021168909777488424
6,1.7643835616438357,0.020782641867226472
7,1.8986301369863008,0.028238231442107818
8,2.1095890410958904,0.030267309789266693
9,2.684931506849315,0.034282861679070686
10,3.1452054794520548,0.036438385185676686
11,4.027397260273974,0.03957871125771082
12,4.3726027397260285,0.04157432023359103
13,4.641095890410959,0.03971485485438553
14,5.293150684931507,0.04424165693626335
15,5.676712328767122,0.045416099060843054
16,5.810958904109589,0.04587812537252756
17,6.2904109589041095,0.04868650617138537
18,6.367123287671232,0.04790803452649391
19,9.454794520547946,0.05347568610443487
20,9.838356164383562,0.0526353090011099
21,10.797260273972602,0.055266107870188236
22,14.460273972602739,0.05481559477068219
23,15.975342465753426,0.061943407710432524
24,18.852054794520548,0.06369792458502985
