,maturity,rates
0,0.2876712328767123,0.09634451323966073
1,0.9205479452054794,0.08702282031912378
2,1.0383561643835617,0.08639963686168071
3,1.4958904109589042,0.022848280290955238
4,2.2054794520547945,0.08357294694746895
5,2.780821917808219,0.0820802253401419
6,3.2410958904109592,0.08169704991531884
7,4.123287671232877,0.08125349384432258
8,4.468493150684932,0.0817955438933556
9,4.736986301369863,0.06469457424800626
10,5.389041095890411,0.08004202387900221
11,5.772602739726027,0.08159520682580892
12,5.9068493150684915,0.08083643216803625
13,6.3863013698630136,0.08801281953318635
14,6.463013698630138,0.08065372283780824
15,9.550684931506847,0.08090425116676912
16,9.934246575342463,0.07810627984903884
17,10.893150684931507,0.07989925965527557
18,14.556164383561645,0.0813604346602988
19,18.947945205479453,0.08340614879676055
