,maturity,rates
1,1.2410958904109588,0.03647980656807612
2,1.3945205479452054,0.03945528589258337
3,2.0273972602739727,0.04811317650399046
4,2.1452054794520548,0.049425745091910604
5,2.602739726027397,0.053030320423093885
6,3.3123287671232875,0.06022780547303828
7,3.8876712328767122,0.06370952850088524
8,4.347945205479451,0.06690523582244691
9,5.23013698630137,0.07019190480000162
10,5.843835616438358,0.06808101800606732
11,6.495890410958903,0.07333580271465502
12,7.013698630136986,0.0751084580455792
13,7.5698630136986305,0.0765535135714939
14,11.041095890410961,0.0805203758807909
15,12.0,0.08211650236536218
16,20.05479452054795,0.08219952821003743
