,maturity,rates
1,1.3013698630136987,0.008471292898199912
2,1.5698630136986302,0.0076547146221312215
3,1.6273972602739726,0.010100050384491535
4,2.221917808219178,0.012736695759006876
5,2.6054794520547944,0.014173690545293154
6,2.73972602739726,0.015017806983980963
7,3.2191780821917813,0.015406089304483747
8,3.2958904109589042,0.01690807733579198
9,3.4301369863013704,0.017698318635361945
10,3.8328767123287673,0.019396190375470385
11,4.2164383561643834,0.019991734036417123
12,4.465753424657534,0.021154030858750932
13,5.53972602739726,0.023590333049419054
14,6.383561643835616,0.025394394897272125
15,6.441095890410957,0.025517701188533887
16,6.767123287671232,0.02582171801155919
17,7.438356164383562,0.028311568554201232
18,7.726027397260274,0.028348507831777406
19,9.068493150684931,0.0307314186550858
20,9.95068493150685,0.03220491604344017
21,11.389041095890413,0.033949462673912266
22,12.904109589041095,0.03588069872057886
23,14.035616438356163,0.03694992808430758
24,15.780821917808215,0.03944156217822873
25,18.88767123287672,0.04073623354037601
