,maturity,rates
0,0.6383561643835617,0.06414824425993901
1,1.5205479452054795,0.0627242074480725
2,1.8657534246575345,0.06289073422093538
3,2.1342465753424658,0.05370600656970091
4,2.191780821917808,0.0634921996119668
5,2.7863013698630144,0.06382671466246498
6,3.1698630136986297,0.06360026155354198
7,3.304109589041096,0.06382263204265652
8,3.783561643835617,0.060765396389303096
9,3.86027397260274,0.06460277124539274
10,4.397260273972603,0.06478077038323025
11,4.780821917808218,0.06483086046607685
12,5.03013698630137,0.06529457904675592
13,6.104109589041097,0.0656929537784789
14,6.947945205479453,0.06594498691528515
15,7.005479452054795,0.06568708837923642
16,7.331506849315067,0.06605806867443606
17,8.29041095890411,0.06617131652971929
18,9.632876712328768,0.06686109536216596
19,10.515068493150684,0.06765693737419477
20,11.953424657534244,0.06919941293074379
21,13.468493150684932,0.07002269579096099
22,14.6,0.07006876688770013
23,16.345205479452055,0.07438935799636195
24,19.45205479452055,0.07001976102847322
