,maturity,rates
1,0.6109589041095891,0.005843154105959206
2,1.4931506849315068,0.01216390039494906
3,1.8383561643835613,0.014147527188097241
4,2.106849315068493,0.010491516236908636
5,2.164383561643836,0.015818300178519106
6,2.7589041095890408,0.018599182242060173
7,3.1424657534246574,0.0200598647390544
8,3.276712328767123,0.020803700487856663
9,3.7561643835616434,0.0202267580062348
10,3.8328767123287673,0.023188119366489617
11,4.369863013698629,0.024983582565025142
12,4.753424657534247,0.025886037153066654
13,5.0027397260273965,0.026446624170045414
14,5.846575342465752,0.013241523456335984
15,6.076712328767122,0.029333505771585475
16,6.9205479452054774,0.03132539347450655
17,6.978082191780822,0.0314094210661495
18,7.304109589041097,0.031810611406638094
19,8.263013698630138,0.033873097483655884
20,9.605479452054793,0.03603033467465559
21,10.487671232876714,0.03715912246601071
22,11.926027397260276,0.03922488021002359
23,13.441095890410958,0.04164269574270946
24,14.572602739726028,0.0427198552390007
25,16.317808219178087,0.045252258870145314
26,19.424657534246574,0.04622251459016005
