,maturity,rates
1,0.6,0.028318885088914107
2,0.9068493150684932,0.03812525812403551
3,1.1369863013698631,0.04323318971845485
4,1.8465753424657527,0.057006274800500224
5,2.0,0.057098661824738835
6,2.632876712328767,0.065767243767625
7,2.750684931506849,0.06689994530761599
8,3.208219178082192,0.06887114017492202
9,3.7068493150684927,0.07244057299176103
10,3.9178082191780814,0.07407936933711419
11,4.493150684931507,0.07509219304007253
12,5.835616438356165,0.07958176338823703
13,6.449315068493153,0.08282632157154482
14,7.101369863013699,0.08218525706637174
15,7.619178082191781,0.08377618489020422
16,8.098630136986301,0.08930021192442003
17,8.175342465753424,0.08397646962326671
18,11.646575342465756,0.08599118599256657
19,12.605479452054794,0.08667630351625995
20,20.660273972602734,0.09290705228484354
