,maturity,rates
1,0.7726027397260274,0.05444620396625191
2,1.2904109589041095,0.05698155732047895
3,1.9232876712328768,0.06173406184505662
4,2.46027397260274,0.06413723610282163
5,3.1698630136986297,0.06841235147166894
6,3.3232876712328765,0.06840388225239788
7,3.956164383561644,0.07001108528059698
8,4.073972602739726,0.06996229484217173
9,5.241095890410959,0.07386540270274149
10,5.816438356164384,0.07404300797999858
11,6.2767123287671245,0.07537795882595724
12,7.1589041095890416,0.07571729783062121
13,7.772602739726027,0.07741322256431718
14,8.424657534246576,0.0770742469431191
15,8.942465753424658,0.07765326083467207
16,9.498630136986305,0.07850849816348825
17,12.96986301369863,0.0795711030115437
18,13.92876712328767,0.08136006600828218
