,maturity,rates
0,0.2684931506849315,0.12487803506591365
1,0.7863013698630137,0.11532711537927574
2,1.3232876712328767,0.11392512058506118
3,2.032876712328767,0.11370771762522008
4,2.1863013698630143,0.11407726027884114
5,2.8191780821917813,0.11427235300369402
6,2.936986301369863,0.11381594747470965
7,3.3945205479452056,0.1128556890177764
8,4.104109589041096,0.10749103586873983
9,4.6794520547945195,0.11282413556825086
10,5.139726027397259,0.11219783340400298
11,6.021917808219178,0.11187896884094185
12,6.6356164383561635,0.11869188722634053
13,7.287671232876713,0.11147495683414477
14,7.805479452054794,0.10991063561238044
15,8.361643835616439,0.10795642345905843
16,11.832876712328767,0.10799268347795354
17,12.791780821917806,0.10941596130390747
18,20.846575342465755,0.11206379250261327
