,maturity,rates
1,1.1287671232876713,0.029789547038476888
2,1.2821917808219179,0.03151721890629934
3,1.9150684931506847,0.04010788517432495
4,2.032876712328767,0.04153504283626201
5,3.2,0.05136137114257221
6,3.775342465753425,0.05503134131603372
7,4.235616438356163,0.05730991556689261
8,5.117808219178082,0.06064576176410755
9,5.463013698630136,0.06417499498663576
10,5.7315068493150685,0.061194884153897774
11,6.383561643835616,0.06423428843870925
12,6.9013698630137,0.06523411025842081
13,7.380821917808219,0.06666059696303707
14,7.457534246575342,0.06662528741485538
15,10.92876712328767,0.07048978075006057
16,11.887671232876713,0.07164551031498942
17,15.550684931506849,0.07413231490474302
18,19.942465753424656,0.08168961838880097
