,maturity,rates
1,1.367123287671233,0.009956736155677885
2,1.6356164383561644,0.009692644694487608
3,1.6931506849315068,0.011825080231277287
4,2.287671232876712,0.014975708740487204
5,2.671232876712329,0.016910354931328222
6,2.8054794520547945,0.01783867809030514
7,3.2849315068493152,0.017112415155234817
8,3.3616438356164378,0.02025852048509251
9,3.495890410958904,0.021273767789222332
10,3.8986301369863017,0.02246589446838116
11,4.282191780821917,0.023502832822944308
12,4.531506849315068,0.02398991331514829
13,5.6054794520547935,0.027127799839509484
14,6.449315068493153,0.029293299975590343
15,6.506849315068492,0.028978741311840094
16,6.832876712328768,0.02961656205200989
17,7.504109589041097,0.03142996058266315
18,7.791780821917808,0.03231860914510359
19,9.134246575342466,0.03442242730797369
20,10.016438356164382,0.03524111866276325
21,11.454794520547946,0.037443471213805264
22,12.96986301369863,0.038991748342641984
23,14.101369863013694,0.04071674306813527
24,15.846575342465751,0.04293886669510542
25,18.953424657534246,0.044188412771589414
