,maturity,rates
0,0.1506849315068493,0.07088066383034343
1,0.20821917808219176,0.0009388243206818107
2,0.3616438356164384,0.004586960898822994
3,0.9369863013698628,0.010921861658370113
4,1.3972602739726028,0.015627253644464968
5,2.2794520547945205,0.022420814954433987
6,2.6246575342465754,0.02482685932654285
7,2.893150684931507,0.020199186890753968
8,2.9506849315068493,0.027401634162339983
9,3.5452054794520547,0.030008167698588818
10,3.9287671232876713,0.03300865888140265
11,4.063013698630137,0.032739719631907534
12,4.542465753424658,0.030136870892090988
13,4.619178082191781,0.03552858605034738
14,5.156164383561643,0.038065696850626135
15,5.789041095890411,0.039919441369574926
16,7.706849315068491,0.044887544474814
17,8.09041095890411,0.04556129072518515
18,9.04931506849315,0.048071402195394915
19,10.391780821917807,0.050742959784529064
20,12.712328767123287,0.05289054578210757
21,14.227397260273971,0.05516493852285506
22,15.358904109589036,0.05649234583132754
23,17.104109589041094,0.05750257901060635
