,maturity,rates
1,0.5232876712328767,0.00905603254240147
2,0.9232876712328768,0.015142429593737003
3,0.9808219178082191,0.012288507837506868
4,1.4794520547945205,0.020763785765168755
5,1.6904109589041096,0.022486470694390817
6,2.265753424657534,0.02713785533966317
7,2.7260273972602738,0.03020351534170215
8,3.6082191780821917,0.03418646656246367
9,3.953424657534247,0.03619118290966738
10,4.873972602739726,0.039061253636008535
11,5.257534246575342,0.04042722005484288
12,5.391780821917808,0.040959721558927686
13,5.8712328767123285,0.042489015221544586
14,5.947945205479453,0.04237017679861605
15,7.117808219178082,0.04565750943058275
16,9.035616438356163,0.04823444314551957
17,9.41917808219178,0.04864625122123359
18,10.37808219178082,0.05029898437083854
19,14.041095890410961,0.054069280810081714
20,15.556164383561645,0.05709352566386061
21,18.432876712328767,0.06062033173795585
