,maturity,rates
1,1.263013698630137,0.015181476713107104
2,1.7232876712328766,0.019630541560072438
3,2.6054794520547944,0.02606492482045693
4,2.9506849315068493,0.029015150233018407
5,3.2191780821917813,0.0243564554140898
6,3.276712328767123,0.031409588644429186
7,3.871232876712329,0.03374895843158481
8,4.2547945205479465,0.036550126740585435
9,4.389041095890411,0.03775496949328997
10,4.868493150684932,0.03782044294320146
11,4.945205479452055,0.04012800946848833
12,5.482191780821919,0.04269877641660545
13,6.115068493150685,0.044229965561242764
14,8.032876712328768,0.04912708515838317
15,8.416438356164383,0.04985268288507859
16,9.375342465753425,0.05210176931434842
17,10.717808219178082,0.05489373909908472
18,13.038356164383561,0.05822362731822998
19,14.553424657534249,0.0584525001462808
20,15.684931506849315,0.05953839262009598
21,17.43013698630137,0.06004678223947672
