,maturity,rates
1,0.3424657534246575,0.012720524332264213
2,0.3424667534246575,0.012289174011669679
3,1.0520547945205478,0.028921844921914512
4,1.2054794520547945,0.031591323650025545
5,1.8383561643835613,0.03948211780145554
6,1.956164383561644,0.040558654876495966
7,2.356164383561644,0.0399882521432885
8,2.912328767123288,0.04849813526421202
9,3.1232876712328768,0.04984899591906468
10,3.6986301369863015,0.052844457308011114
11,4.158904109589041,0.05479238582196766
12,5.04109589041096,0.057764150538702826
13,5.3863013698630136,0.06010873246791373
14,5.654794520547945,0.059270350759026716
15,6.306849315068492,0.0618285549504587
16,6.824657534246574,0.06312574903355751
17,7.304109589041097,0.06467195963658531
18,7.380821917808219,0.06389836951175848
19,10.852054794520548,0.068640530382567
20,11.810958904109588,0.0697563677826666
21,15.473972602739725,0.07323222026301612
22,19.86575342465753,0.07848459780152346
