,maturity,rates
1,0.46301369863013697,0.008080204550013181
2,0.9205479452054794,0.01076106381743017
3,1.6301369863013702,0.02168936106077693
4,2.2054794520547945,0.02614463419830436
5,2.665753424657534,0.029474387426159317
6,3.547945205479452,0.03330467440174457
7,3.893150684931507,0.03528429274234497
8,4.161643835616438,0.03395799920520768
9,4.813698630136988,0.03849200928905341
10,5.197260273972604,0.0400789303782553
11,5.331506849315068,0.04097649790517684
12,5.810958904109589,0.04178133101901791
13,5.887671232876714,0.04242903236141387
14,7.057534246575343,0.04521362847131187
15,8.975342465753425,0.04462151230476232
16,9.358904109589039,0.04901499142118346
17,10.317808219178081,0.05072458187204083
18,13.980821917808221,0.05458738592202217
19,15.495890410958905,0.056980108767829586
20,18.372602739726027,0.059865347838601264
