,maturity,rates
1,1.2246575342465753,0.01321813143108624
2,2.106849315068493,0.020097960484607668
3,2.4520547945205484,0.02295795904046151
4,2.7205479452054795,0.018452152004942268
5,2.778082191780822,0.02473109812719257
6,3.3726027397260268,0.028245833156980583
7,3.7561643835616434,0.030145027942046532
8,3.8904109589041096,0.031143409251464662
9,4.369863013698629,0.03092850951616463
10,4.446575342465755,0.033500089630274774
11,4.983561643835618,0.03591263676196072
12,5.616438356164384,0.037174472011670144
13,7.534246575342466,0.041833396756643874
14,7.5917808219178085,0.04270539366839173
15,7.917808219178082,0.04306419360488716
16,8.876712328767123,0.045426669606494136
17,10.219178082191783,0.048464679134583466
18,12.539726027397261,0.050498781785455985
19,14.054794520547945,0.05265662122800945
20,15.186301369863012,0.054846060330621615
21,16.93150684931507,0.05621682666146805
