,maturity,rates
1,1.2904109589041095,0.008305299561381242
2,1.5589041095890408,0.007488622686330145
3,1.6164383561643836,0.009824269201048879
4,2.2109589041095887,0.012568083127210805
5,2.5945205479452054,0.01409054596112189
6,2.7287671232876707,0.014926941587127868
7,3.208219178082192,0.01521722567034871
8,3.2849315068493152,0.016748431782207033
9,3.419178082191781,0.017385880933510754
10,3.8219178082191783,0.018921674871541675
11,4.205479452054795,0.019895530758121505
12,4.454794520547946,0.02087904093735029
13,5.528767123287671,0.02345385859868094
14,6.372602739726028,0.025357406694184792
15,6.4301369863013695,0.02539563828374628
16,6.756164383561642,0.02568463596105491
17,7.427397260273973,0.02819531172959357
18,7.715068493150685,0.028148863639267663
19,9.057534246575342,0.03043450159442072
20,9.93972602739726,0.03219033023276032
21,11.37808219178082,0.03381330848848787
22,12.893150684931507,0.035979123871631984
23,14.024657534246574,0.03693509615606636
24,15.76986301369863,0.03938128622899874
25,18.876712328767127,0.0405682859122528
