,maturity,rates
0,0.3835616438356164,0.1572839134647307
1,0.4986301369863014,0.024017930377605117
2,1.0164383561643835,0.07307747035206519
3,1.5534246575342463,0.07412388406748098
4,1.5534256575342462,0.0905610159580304
5,2.263013698630137,0.10694315226600716
6,2.416438356164384,0.10980709121874507
7,3.0493150684931507,0.11560654804838015
8,3.1671232876712327,0.11558007993938665
9,4.909589041095892,0.12736248864932767
10,6.252054794520547,0.12830274143192238
11,7.5178082191780815,0.12840205463829188
12,8.035616438356165,0.12646872083356478
13,8.515068493150684,0.1259994740899016
14,8.591780821917808,0.1242996263751955
15,12.063013698630135,0.11976939432286855
16,13.02191780821918,0.12323245746372492
17,21.07671232876713,0.09831919913614903
