,maturity,rates
0,0.4054794520547945,0.07990876783738338
1,0.5232876712328767,0.0090381897755957
2,0.9232876712328768,0.015115238120284237
3,0.9808219178082191,0.012265513068546329
4,1.4794520547945205,0.02073028389574628
5,1.6904109589041096,0.022451372689235617
6,2.265753424657534,0.0270992754682298
7,2.7260273972602738,0.030163354653104168
8,3.6082191780821917,0.0341453746635472
9,3.953424657534247,0.036149786663267285
10,4.873972602739726,0.03902040183166345
11,5.257534246575342,0.04038646723438718
12,5.391780821917808,0.04091920612596656
13,5.8712328767123285,0.04244741962359026
14,5.947945205479453,0.04233042344803304
15,7.117808219178082,0.04561828091181647
16,9.035616438356163,0.0481976849568607
17,9.41917808219178,0.04861031937827608
18,10.37808219178082,0.05026444279939957
19,14.041095890410961,0.05403727478493783
20,15.556164383561645,0.057052752696020975
21,18.432876712328767,0.0605913952274714
