,maturity,rates
0,13.084931506849315,0.07907191588325818
1,14.043835616438356,0.07618994486957996
