,maturity,rates
1,1.1863013698630136,0.008213750390629935
2,1.5315068493150683,0.0101041598973788
3,1.8,0.006702358321159885
4,1.8575342465753424,0.012072027310829346
5,2.4520547945205484,0.014718654917367876
6,2.8356164383561637,0.016248265602803475
7,2.96986301369863,0.01697899741741196
8,3.4493150684931506,0.016962367634225727
9,3.5260273972602736,0.01861888477968991
10,4.063013698630137,0.02070792781554785
11,4.446575342465755,0.02218005341960239
12,4.695890410958904,0.02261428738435038
13,5.769863013698631,0.025349984224477085
14,6.613698630136986,0.027243987870997688
15,6.671232876712327,0.02723982916161911
16,6.997260273972603,0.027729932422368486
17,7.668493150684933,0.03011163634699013
18,7.956164383561642,0.030288073299971293
19,9.2986301369863,0.032371902138387955
20,10.18082191780822,0.033471958831947486
21,11.61917808219178,0.034826943831044864
22,13.134246575342464,0.037032750642080885
23,14.265753424657536,0.03862913776422201
24,16.01095890410959,0.04106173642770925
25,19.117808219178084,0.042032535703136906
