,maturity,rates
1,1.2219178082191782,0.008585327728536844
2,1.5671232876712329,0.010535835811520532
3,1.8356164383561644,0.006896629253867684
4,1.8931506849315067,0.01242053318610003
5,2.4876712328767123,0.01498823437823628
6,2.871232876712329,0.016444968302678855
7,3.0054794520547947,0.016683965468898464
8,3.484931506849315,0.017560364626488932
9,3.5616438356164384,0.018819619645040392
10,4.098630136986301,0.020795040516198914
11,4.482191780821919,0.022269128079009774
12,4.7315068493150685,0.02278105054670235
13,5.8054794520547945,0.02566628766570117
14,6.64931506849315,0.0273215760699492
15,6.706849315068491,0.02752974699916224
16,7.032876712328767,0.027835109057769883
17,7.7041095890410975,0.03021635640240205
18,7.991780821917808,0.030020517092911363
19,9.334246575342464,0.03239052395070675
20,10.216438356164383,0.03348111043688765
21,11.654794520547945,0.03493561469684859
22,13.169863013698633,0.03708516483650432
23,14.301369863013699,0.03865096549615632
24,16.046575342465754,0.041377694103904746
25,19.153424657534245,0.041868906747455616
