,maturity,rates
0,0.019178082191780826,-0.1331532464763301
1,0.5178082191780822,0.006822254073258725
2,0.5753424657534246,0.008040674254321029
3,0.7287671232876712,0.009340360972776612
4,1.3041095890410959,0.015264855823537073
5,1.7643835616438357,0.01982473697287182
6,2.646575342465753,0.02581480174157151
7,2.9917808219178084,0.023792779945102663
8,3.2602739726027403,0.02380768715405596
9,3.3178082191780818,0.0307444052128616
10,3.912328767123288,0.033463503108564656
11,4.295890410958904,0.03530207902987749
12,4.4301369863013695,0.03643074502835654
13,4.909589041095892,0.03678135559921593
14,4.986301369863012,0.03475359381838008
15,5.523287671232877,0.0402231642125444
16,6.156164383561642,0.04225995072247729
17,8.073972602739726,0.046822809673368965
18,8.457534246575342,0.04788493463955417
19,9.416438356164383,0.05049796849797756
20,10.758904109589038,0.05267267889444625
21,11.046575342465754,0.029341712653835363
22,13.079452054794519,0.05444169535599835
23,14.594520547945207,0.05629990510881872
24,15.726027397260275,0.058648256232190825
25,17.471232876712328,0.057975584359962265
