,maturity,rates
1,1.2054794520547945,0.006776847065022818
2,1.4739726027397255,0.006057706716029721
3,1.5315068493150683,0.008104508303988716
4,2.126027397260274,0.010765193532224682
5,2.5095890410958903,0.012034439405571149
6,2.643835616438356,0.012673546629818306
7,3.1232876712328768,0.013388450340219557
8,3.2,0.014779679276115782
9,3.3342465753424664,0.015334942544806066
10,3.736986301369863,0.01632310768164931
11,4.120547945205479,0.01755975851423663
12,4.369863013698629,0.018418321356445874
13,5.443835616438356,0.021275987992572968
14,6.287671232876713,0.02257278661487746
15,6.345205479452055,0.022822305203033355
16,6.671232876712327,0.02329953410994644
17,7.342465753424658,0.025515342418841645
18,7.63013698630137,0.02562147902389853
19,8.972602739726025,0.028419804392426293
20,9.854794520547943,0.029468804342875424
21,11.293150684931504,0.03127049595178935
22,12.808219178082194,0.03389174963114125
23,13.93972602739726,0.0352549635669128
24,15.128767123287673,0.036365153700021975
25,15.684931506849315,0.036902674872069566
26,18.791780821917808,0.038321778765666316
