,maturity,rates
0,0.2164383561643836,0.0745532316435429
1,0.33424657534246577,0.00567945873636076
2,0.7342465753424657,0.011144147700939877
3,0.7917808219178082,0.008405734452175238
4,1.2904109589041095,0.017483365870020237
5,1.5013698630136991,0.019137671622895484
6,2.0767123287671234,0.023901271405458217
7,2.536986301369863,0.026978137732167763
8,3.419178082191781,0.03168528096271273
9,3.7643835616438364,0.03336014950704053
10,4.032876712328767,0.03088888605089632
11,4.090410958904109,0.035311954401295656
12,4.684931506849315,0.036864327945413514
13,5.068493150684932,0.038353154652561325
14,5.2027397260273975,0.03914320942619105
15,5.758904109589041,0.04061459334763733
16,6.9287671232876695,0.044236043768178177
17,8.846575342465753,0.04761585667089549
18,9.23013698630137,0.04768901619264553
19,10.189041095890412,0.04966748347225609
20,13.852054794520548,0.05332264431903986
21,15.367123287671232,0.05642423188220672
22,18.24383561643836,0.058336510091240815
