,maturity,rates
0,0.4054794520547945,0.09008871519437857
1,0.5589041095890411,0.013712063627401438
2,1.1917808219178083,0.023784950881104727
3,1.3095890410958904,0.025344629270045386
4,1.7095890410958905,0.024353226536418388
5,1.7671232876712328,0.02756444706383457
6,2.1315068493150684,0.02573699669709813
7,2.265753424657534,0.035085848369472004
8,2.3232876712328765,0.026447221937317616
9,2.476712328767124,0.03726697887578016
10,3.0520547945205485,0.04062662045679357
11,3.512328767123288,0.04359666845105454
12,4.394520547945207,0.04767536448700528
13,4.7397260273972615,0.04898603224781431
14,5.008219178082191,0.045838761633983316
15,5.660273972602742,0.052413775986457946
16,6.178082191780822,0.05413952927270597
17,6.657534246575342,0.055416066211847234
18,6.734246575342466,0.055381199449838034
19,9.821917808219178,0.060677128408180035
20,10.205479452054792,0.06024760267881483
21,11.164383561643836,0.06251248161353819
22,12.794520547945206,0.06433054727037706
23,14.82739726027397,0.06650086560683602
24,19.21917808219178,0.06970981900696832
