,maturity,rates
0,0.6876712328767123,0.0987944183784076
1,1.2246575342465753,0.10033120644115608
2,1.9342465753424656,0.09910652196910523
3,2.0876712328767124,0.09985800859085615
4,2.7205479452054795,0.10166813878336453
5,2.838356164383561,0.09929428861176394
6,5.0410958904109595,0.10320543567186038
7,5.923287671232878,0.10304247023525355
8,6.536986301369862,0.11034087366074558
9,7.189041095890411,0.1023183764526058
10,7.706849315068491,0.10078563768370945
11,8.186301369863013,0.11767513515563742
12,8.263013698630138,0.0994310024970115
13,11.734246575342464,0.09728573018657251
14,12.693150684931505,0.09986504755956327
15,20.747945205479454,0.10330768961360041
