,maturity,rates
1,1.3589041095890408,0.01524396829851384
2,1.819178082191781,0.01916588848376395
3,2.7013698630136984,0.02498946617985965
4,3.0465753424657533,0.026613579273920662
5,3.315068493150685,0.023079908627911063
6,3.3726027397260268,0.02906925286898152
7,3.967123287671233,0.03172206046842243
8,4.3506849315068505,0.03304386770683574
9,4.484931506849315,0.033597947058659504
10,4.964383561643834,0.034324541510354835
11,5.04109589041096,0.034788028092831734
12,5.578082191780823,0.037521692489013714
13,6.210958904109589,0.03913908090605195
14,8.128767123287671,0.0441928284488516
15,8.512328767123286,0.043835327933671384
16,9.471232876712328,0.04624634582278124
17,10.813698630136988,0.0488448205814646
18,13.134246575342464,0.050576481910970576
19,14.649315068493149,0.05240246775219616
20,15.780821917808215,0.054253221069944894
21,17.526027397260275,0.05486055334217392
