,maturity,rates
1,1.0328767123287672,0.01981556613685987
2,1.1506849315068493,0.020738553004332
3,1.6082191780821915,0.023028798372780487
4,2.317808219178082,0.03235438754941824
5,2.893150684931507,0.03588972575952374
6,3.3534246575342466,0.038600356027652924
7,4.235616438356163,0.0417414060081465
8,4.580821917808219,0.04314868783793822
9,4.849315068493151,0.04244945041313327
10,5.501369863013698,0.04580155291808806
11,6.019178082191781,0.04802023686062188
12,6.575342465753424,0.04953290381906593
13,9.663013698630136,0.05590083057823327
14,10.046575342465754,0.055097327462646686
15,11.005479452054796,0.05947566048569719
16,14.668493150684931,0.06255031676042781
17,19.06027397260274,0.06502825707492015
