,maturity,rates
1,0.4465753424657534,0.035297309187277866
2,0.9068493150684932,0.04926776729220619
3,1.021917808219178,0.051036738311015115
4,1.5397260273972602,0.05836824631076615
5,2.7863013698630144,0.06666260389296022
6,2.9397260273972603,0.06706661875999202
7,3.5726027397260283,0.0683775520257652
8,3.690410958904109,0.06846001787230419
9,4.857534246575343,0.07215676071190552
10,5.432876712328767,0.07203730671087116
11,5.8931506849315065,0.07318612712540264
12,6.7753424657534245,0.07440435407136503
13,7.389041095890411,0.0788769367765641
14,8.04109589041096,0.0750682356281054
15,8.558904109589042,0.07589950466681593
16,9.115068493150686,0.07653229599693105
17,12.586301369863017,0.07905701656042095
18,13.545205479452054,0.07977393559517426
19,21.6,0.08755471435494391
