,maturity,rates
0,0.1863013698630137,0.0587668012618997
1,1.0684931506849316,0.00868537798479178
2,1.4136986301369865,0.011774787207715964
3,1.6821917808219178,0.010763053127008756
4,1.7397260273972603,0.014386447403198966
5,2.334246575342466,0.017083094286530126
6,2.7178082191780817,0.019172133713578118
7,2.8520547945205488,0.02030985298288817
8,3.3315068493150686,0.0204299898341816
9,3.408219178082192,0.022785161816383053
10,3.5424657534246577,0.021538081189715026
11,3.945205479452055,0.02564419499870791
12,4.328767123287672,0.02712300716508849
13,4.578082191780823,0.027568659867605504
14,5.652054794520548,0.03106655631888568
15,6.345205479452055,0.07004146762341916
16,6.495890410958903,0.0323232240009814
17,6.553424657534246,0.032289798710181644
18,6.8794520547945215,0.033677677416064554
19,7.550684931506847,0.03565068441385217
20,7.838356164383563,0.036929776093804746
21,9.18082191780822,0.04035722116879721
22,10.063013698630137,0.039730929958480585
23,11.501369863013695,0.0414836238749203
24,13.016438356164384,0.04430305693393294
25,14.147945205479452,0.04626476821130383
26,15.893150684931507,0.04847573600332395
27,19.0,0.04982547091741575
