,maturity,rates
0,0.2356164383561644,0.08640669150071058
1,0.38904109589041097,0.009526805704998628
2,1.021917808219178,0.0195164640385254
3,1.1397260273972605,0.020282038822590918
4,1.5972602739726027,0.0225431717463715
5,1.9616438356164383,0.02302945822979837
6,2.095890410958904,0.029672360646350076
7,2.1534246575342464,0.022428826101319663
8,2.3068493150684932,0.03187579735334824
9,2.8821917808219184,0.03554120046991305
10,3.3424657534246576,0.03849998993561734
11,4.224657534246576,0.04192668675862618
12,4.569863013698631,0.04270421668758567
13,4.838356164383562,0.042042039093307663
14,5.4904109589041115,0.0456407341401294
15,6.008219178082192,0.04775431549977067
16,6.487671232876713,0.04898471984930235
17,6.5643835616438375,0.04932661067797623
18,9.652054794520547,0.055586195694668716
19,10.035616438356163,0.05489927104773207
20,10.994520547945204,0.05741675553863885
21,12.624657534246573,0.04932147392088452
22,14.657534246575349,0.06380216524790537
23,19.04931506849315,0.06694491603901938
