,maturity,rates
1,0.4191780821917808,0.009986032116962305
2,1.0520547945205478,0.020624222141100764
3,1.16986301369863,0.021250239932394725
4,1.6273972602739726,0.02472247167578095
5,2.126027397260274,0.030150978227393488
6,2.1835616438356165,0.02202175433999076
7,2.3369863013698637,0.032515550655462334
8,2.912328767123288,0.03647898965304213
9,3.3726027397260268,0.03887304927298922
10,4.2547945205479465,0.04210146861611471
11,4.6,0.04316856030075659
12,4.868493150684932,0.04220376300497218
13,5.520547945205481,0.04600270998764404
14,6.038356164383561,0.048068930587408916
15,6.5178082191780815,0.05074352497872126
16,6.594520547945206,0.04962099155003192
17,9.682191780821919,0.05542089156854951
18,10.065753424657537,0.05477188220251809
19,11.024657534246575,0.05717969363553616
20,14.687671232876713,0.061806818104697424
21,19.07945205479452,0.06585724657088822
