,maturity,rates
0,0.6684931506849315,0.10447185495932827
1,1.2054794520547945,0.09991850147074251
2,1.9150684931506852,0.0997851822457603
3,2.068493150684932,0.10059750976354598
4,2.7013698630136984,0.10242097422517614
5,2.8191780821917813,0.10079380836505918
6,3.276712328767123,0.1048617651853402
7,3.9863013698630136,0.10043094062452079
8,4.561643835616438,0.10025968969868106
9,5.021917808219178,0.09965441679301189
10,5.904109589041097,0.1005282129660586
11,6.5178082191780815,0.10879874929145684
12,7.16986301369863,0.10002001118710814
13,7.687671232876712,0.09774711629179905
14,8.167123287671233,0.12234304950769777
15,8.243835616438357,0.09824513051328602
16,11.715068493150685,0.09638241169961388
17,12.673972602739726,0.09800769586027921
18,20.728767123287675,0.10433837956212849
