,maturity,rates
0,0.3041095890410959,0.1241741919176548
1,0.4191780821917808,0.032321701795182976
2,0.9369863013698628,0.05434117975629189
3,1.2438356164383562,0.06465219184312017
4,1.4739726027397255,0.0577596540049851
5,1.4739736027397257,0.07278459468079773
6,2.1835616438356165,0.0835106818701478
7,2.3369863013698637,0.0859665866935656
8,2.96986301369863,0.09121122046873144
9,3.0876712328767124,0.09044256882783468
10,3.4876712328767123,0.08702104375352135
11,3.5452054794520547,0.09594880670838687
12,4.2547945205479465,0.09976340492055928
13,4.83013698630137,0.09973057466076392
14,5.2904109589041095,0.10285173117190527
15,6.1726027397260275,0.1039809772987771
16,6.786301369863014,0.10810573208096434
17,7.438356164383562,0.10387015215484882
18,7.956164383561642,0.10320587107905796
19,8.435616438356165,0.10291780449503653
20,8.512328767123286,0.10225405221836063
21,10.526027397260274,0.07594950311170276
22,11.983561643835616,0.10340542171368566
23,12.942465753424658,0.10463312512585632
24,20.99726027397261,0.1138114919154499
