,maturity,rates
0,0.8958904109589041,0.09565626602340176
1,1.0493150684931507,0.09121473048461357
2,1.6821917808219178,0.09038597824328118
3,1.8,0.08938181374369082
4,2.2575342465753425,0.08541366121137436
5,2.967123287671233,0.08952788124610221
6,3.5424657534246577,0.08918017401397353
7,4.002739726027397,0.08876790027740364
8,4.884931506849315,0.08678662296621077
9,5.23013698630137,0.08793559825736166
10,5.498630136986302,0.08170953225520258
11,6.1506849315068495,0.0873448192715548
12,6.668493150684933,0.08652103854764484
13,7.147945205479453,0.0881157784608687
14,7.224657534246575,0.0862074594348556
15,10.695890410958905,0.0841841382916086
16,11.654794520547945,0.08455057497685894
17,15.317808219178081,0.08454350000817261
18,19.709589041095892,0.08817550034128861
