,maturity,rates
1,0.5397260273972603,0.0461710044722395
2,0.5972602739726027,0.04886818689808035
3,1.0575342465753426,0.05706165129417125
4,1.1726027397260277,0.056446156532001523
5,1.6904109589041096,0.06581531134891402
6,1.9972602739726024,0.0680024042472106
7,2.2273972602739724,0.07150910183715764
8,2.2273982602739726,0.06980521714010073
9,2.936986301369863,0.07388196053965028
10,3.0904109589041098,0.0741626913563347
11,3.723287671232877,0.07627512747820522
12,4.241095890410959,0.08202359159128393
13,5.008219178082191,0.07624141331305886
14,5.583561643835616,0.07814531193556894
15,6.043835616438358,0.07853446044501584
16,6.926027397260274,0.08085907007316565
17,7.5397260273972595,0.08173799474004191
18,9.265753424657532,0.08292219412648554
19,12.736986301369862,0.08419646890209245
20,13.695890410958905,0.08551728522536385
