,maturity,rates
1,1.0712328767123287,0.011573651539032958
2,1.9534246575342469,0.019009065729493603
3,2.2986301369863016,0.021052554740783744
4,2.5671232876712327,0.01642705477135115
5,2.6246575342465754,0.022808267445505844
6,3.2191780821917813,0.026486955784851014
7,3.602739726027397,0.02802716954330625
8,3.736986301369863,0.02895210814608318
9,4.2164383561643834,0.029495206181485045
10,4.293150684931507,0.0311404979892156
11,4.83013698630137,0.03343225288596393
12,5.213698630136986,0.03447771111426538
13,5.463013698630136,0.035435023425117666
14,7.380821917808219,0.04029427161331841
15,7.438356164383562,0.04085367749231552
16,7.764383561643838,0.04064956759663315
17,8.723287671232876,0.04326461395200919
18,10.065753424657537,0.04550202005041568
19,10.947945205479453,0.046469494846966
20,12.386301369863016,0.04913271209323652
21,13.901369863013699,0.051740338427470466
22,15.032876712328768,0.0530328264163225
23,16.778082191780822,0.05480241528447023
