,maturity,rates
1,0.5205479452054794,0.041345848482025126
2,0.9808219178082191,0.05285099741850319
3,1.095890410958904,0.05382963603355642
4,1.6136986301369862,0.0608625932538248
5,2.150684931506849,0.0655710434294933
6,2.8602739726027395,0.06803837436481752
7,3.0136986301369864,0.0684160445242614
8,3.6465753424657534,0.07090113788817988
9,3.7643835616438364,0.07008972048320893
10,4.931506849315068,0.0725299363067818
11,5.967123287671233,0.07386585936539862
12,6.849315068493151,0.07455321886063107
13,7.463013698630138,0.08037903724014286
14,8.115068493150686,0.07421679390811642
15,8.632876712328768,0.07655694094871332
16,9.189041095890412,0.07659221186696771
17,12.66027397260274,0.07935303305864058
18,13.61917808219178,0.08036977295224593
19,21.673972602739724,0.09056980812163372
