,maturity,rates
0,0.07671232876712329,0.1023397506581153
1,0.07671332876712329,0.002939066932109727
2,0.7863013698630137,0.021939820496677368
3,0.9397260273972604,0.02507500713939216
4,1.5726027397260274,0.033750534640244786
5,1.6904109589041096,0.034658596845811684
6,2.0904109589041098,0.03568565226390028
7,2.147945205479452,0.036775443751701636
8,2.646575342465753,0.043018311672976116
9,2.8575342465753426,0.045167811870625664
10,3.432876712328768,0.04750394351795674
11,3.893150684931507,0.049947724027000734
12,4.7753424657534245,0.052345042066598214
13,5.120547945205479,0.0531797324418799
14,5.389041095890411,0.0508310261520711
15,6.041095890410959,0.05543424232757091
16,6.558904109589043,0.056664044250821374
17,7.038356164383561,0.05689526855227173
18,7.115068493150685,0.057665402929597376
19,10.202739726027398,0.06213954556513138
20,10.586301369863014,0.06082059948316027
21,11.545205479452054,0.06208542856925819
22,13.175342465753426,0.09718750429280493
23,15.208219178082194,0.06363895259707013
24,19.6,0.06796970151796919
