,maturity,rates
1,0.5397260273972603,0.043386111935604335
2,1.0575342465753426,0.06176056561014536
3,1.5945205479452054,0.07663563596537609
4,1.5945215479452053,0.08323735168169939
5,2.304109589041096,0.09807293459686844
6,2.4575342465753423,0.10069232801924742
7,3.0904109589041098,0.10551075211549577
8,3.208219178082192,0.1062303089541157
9,3.6082191780821917,0.0880608671377321
10,4.375342465753425,0.1135362641093736
11,4.9506849315068475,0.1165404633183061
12,6.293150684931509,0.11677587940167886
13,6.906849315068492,0.08336731768373805
14,7.558904109589043,0.11777117801180098
15,8.076712328767123,0.11370737226065315
16,8.556164383561644,0.09463997149961673
17,8.632876712328768,0.1119457857187175
18,12.104109589041094,0.10952151614979366
19,13.063013698630135,0.1121917813200517
