,maturity,rates
0,0.4054794520547945,0.10342535657321723
1,0.9424657534246575,0.03788443927457631
2,0.9424667534246576,0.03755904492824648
3,1.652054794520548,0.05428876963540432
4,1.8054794520547943,0.05695628085935711
5,2.4383561643835616,0.06573290855912227
6,2.556164383561644,0.0658470416963934
7,3.0136986301369864,0.06717359787121957
8,3.512328767123288,0.07530371508201107
9,3.723287671232877,0.07642853838534051
10,4.298630136986302,0.07899940182443185
11,4.758904109589041,0.08186313890457991
12,5.641095890410957,0.08448363735987105
13,6.2547945205479465,0.08129708407642695
14,6.906849315068492,0.08936049246353105
15,7.424657534246576,0.08962368391307468
16,7.904109589041097,0.08842802691219279
17,7.980821917808219,0.08969503357040971
18,9.994520547945202,0.07453904443508393
19,11.452054794520548,0.09728821866714
20,12.41095890410959,0.09750384752352964
21,14.041095890410961,0.0906064744617431
22,20.46575342465753,0.09661749711923824
