,maturity,rates
1,1.2301369863013698,0.0070813778063048465
2,1.4986301369863009,0.006222723418141965
3,1.5561643835616439,0.008523603774010449
4,2.150684931506849,0.010886154462398346
5,2.5342465753424657,0.012088876580488071
6,2.6684931506849314,0.0127154516300828
7,3.1479452054794512,0.013410294188694109
8,3.2246575342465755,0.014583598299445178
9,3.3589041095890413,0.01512948458898954
10,3.761643835616439,0.016350759937352362
11,4.145205479452055,0.017339988985281617
12,4.394520547945207,0.018279234055043232
13,5.238356164383561,-0.008269163317478685
14,5.468493150684932,0.02085160658243429
15,6.161643835616437,0.0605878630006314
16,6.312328767123287,0.022066767323157776
17,6.36986301369863,0.02229833643763832
18,6.695890410958903,0.022745001251610133
19,7.367123287671232,0.025004456114474903
20,7.654794520547945,0.025013096083863998
21,8.997260273972604,0.027408097232106687
22,9.284931506849317,0.011156155713825344
23,9.87945205479452,0.029329228299030827
24,11.317808219178081,0.0309669114610104
25,12.832876712328767,0.03335902947670652
26,13.964383561643837,0.03403794178652237
27,15.153424657534249,0.03608091715223465
28,15.70958904109589,0.0368274148815375
29,18.816438356164387,0.03809722720811436
