,maturity,rates
1,0.8438356164383561,0.05664174167867893
2,0.9013698630136986,0.05623696834886862
3,1.3616438356164384,0.058508871574247424
4,1.4767123287671229,0.05882341099245378
5,1.9945205479452053,0.04254621638376846
6,2.5315068493150683,0.06424266196100313
7,3.2410958904109592,0.06726692031558916
8,3.3945205479452056,0.06759248556661379
9,4.027397260273974,0.06876926643443014
10,4.145205479452055,0.06848347157696025
11,5.3123287671232875,0.07208498750532487
12,5.887671232876714,0.07231790445447141
13,6.347945205479452,0.07392375279433079
14,7.230136986301369,0.07449287164301309
15,7.843835616438358,0.08002945150380844
16,8.495890410958904,0.07610941134260958
17,9.013698630136986,0.07649095326476249
18,9.493150684931509,0.061211659132172226
19,9.56986301369863,0.07886940471428576
20,13.041095890410961,0.07996225799086401
21,14.0,0.08122350250806724
22,22.054794520547944,0.08726421353161427
