,maturity,rates
1,0.46301369863013697,0.04152323531827524
2,0.9808219178082191,0.07000491130039603
3,1.2876712328767124,0.07857247194132175
4,1.5178082191780822,0.07029221525269227
5,1.5178092191780816,0.08525714965037387
6,2.2273972602739724,0.09550579680785133
7,2.38082191780822,0.1009571203228637
8,3.0136986301369864,0.10405380594442684
9,3.1315068493150684,0.10540746499150076
10,3.5315068493150683,0.09314698591602368
11,4.298630136986302,0.11041452895738547
12,4.873972602739726,0.11303426895609743
13,6.2164383561643834,0.11802935270581995
14,6.83013698630137,0.11405825649380436
15,7.4821917808219185,0.11700026042038415
16,8.556164383561644,0.1117822162687666
17,12.027397260273972,0.11333265429256775
18,12.986301369863016,0.11427295673999435
19,21.04109589041096,0.0999221037648284
