,maturity,rates
1,0.7452054794520548,0.013305298018587259
2,1.2027397260273969,0.016514311376393753
3,1.9123287671232883,0.026640800189920003
4,2.4876712328767123,0.03097408879733165
5,2.9479452054794515,0.03382423252346023
6,3.8301369863013695,0.03778771170297757
7,4.175342465753425,0.03934454404662796
8,4.443835616438356,0.036734093478474346
9,5.095890410958903,0.042386069637561856
10,5.479452054794519,0.04415935889375275
11,5.613698630136986,0.04402892699737114
12,6.16986301369863,0.04521131026228282
13,7.339726027397258,0.04865067944780258
14,9.257534246575343,0.05129144672008009
15,9.641095890410961,0.050805534555835995
16,10.6,0.05293427073714512
17,14.263013698630138,0.05672888187729878
18,15.778082191780822,0.0593066968095303
19,18.654794520547945,0.06222427787635507
