,maturity,rates
1,0.9150684931506852,0.01944190967615271
2,1.0328767123287672,0.02054769010792671
3,2.2,0.032588958119914684
4,2.7753424657534245,0.036529622010971166
5,3.2356164383561645,0.03925958463672117
6,4.117808219178082,0.042587048028115984
7,4.463013698630137,0.04470017356656138
8,4.7315068493150685,0.04180324741535196
9,5.383561643835616,0.04736711552324635
10,5.767123287671232,0.049080080835372894
11,5.9013698630137,0.04958031214519285
12,6.380821917808219,0.05035803188653493
13,6.457534246575342,0.05048905310615055
14,9.545205479452054,0.055994597018332766
15,9.928767123287669,0.05580729115601968
16,10.887671232876713,0.05819516680889885
17,14.550684931506849,0.06135474606176971
18,18.942465753424656,0.06631075177659825
