,maturity,rates
1,0.8410958904109589,0.03309840095389793
2,1.5506849315068494,0.04722251230916537
3,1.704109589041096,0.049923010744138616
4,2.3369863013698637,0.058846754566641575
5,2.4547945205479453,0.06006907535091545
6,3.6219178082191785,0.06953482634357472
7,4.197260273972603,0.07211158880066823
8,4.6575342465753415,0.07510794916373514
9,5.53972602739726,0.07723576801088798
10,6.153424657534248,0.07515950472089399
11,6.8054794520547945,0.08118830856302765
12,7.323287671232878,0.08182025129816729
13,7.802739726027397,0.08257228680206175
14,7.8794520547945215,0.08364489952789007
15,11.350684931506851,0.08594505981747548
16,12.30958904109589,0.08597141560626087
17,20.364383561643837,0.09221245729202916
