,maturity,rates
0,0.1178082191780822,0.0770752750449222
1,0.6931506849315069,0.008292778944419226
2,1.1534246575342466,0.012689055234108624
3,2.0356164383561643,0.01945831407174917
4,2.38082191780822,0.02222273483266798
5,2.649315068493151,0.017680882950377067
6,2.7068493150684927,0.02425449104817724
7,3.3013698630136985,0.027722059276345905
8,3.684931506849315,0.029175936221517724
9,3.819178082191781,0.030233330114030437
10,4.298630136986302,0.030205587370115836
11,4.375342465753425,0.03245095191215164
12,4.912328767123288,0.035164855542776915
13,5.295890410958903,0.03626637867623441
14,5.545205479452053,0.036447031648473294
15,6.389041095890411,0.026664090679997445
16,7.463013698630138,0.042383516706878746
17,7.520547945205481,0.04265579579954327
18,7.846575342465752,0.04249638823830881
19,8.805479452054792,0.04517116709013416
20,10.147945205479452,0.047860033022769435
21,12.468493150684932,0.0504265628293786
22,13.983561643835616,0.052749348770231685
23,15.115068493150686,0.05439885472827817
24,16.86027397260274,0.05576692128436934
