,maturity,rates
0,0.052054794520547946,0.09119595573726784
1,0.6849315068493149,0.013426937028169082
2,0.8027397260273973,0.014809183772743238
3,1.2027397260273969,0.01342820707974052
4,1.2602739726027397,0.018252860349095117
5,1.7589041095890412,0.025948598242613963
6,1.9698630136986297,0.02836116159441872
7,2.5452054794520547,0.03216377661451555
8,3.0054794520547947,0.0346309801939226
9,3.8876712328767122,0.0386436878568716
10,4.232876712328768,0.03949857252417166
11,4.501369863013698,0.036919025409638234
12,5.153424657534247,0.04241567564466207
13,5.536986301369864,0.04355343395108003
14,5.671232876712327,0.04387469527357515
15,6.1506849315068495,0.045779570274646256
16,6.227397260273973,0.045666982726769986
17,7.397260273972603,0.048592975481203206
18,9.315068493150683,0.05089842222721391
19,9.698630136986301,0.049785106066619234
20,10.657534246575343,0.05231214755874075
21,14.320547945205481,0.05651581806188862
22,15.835616438356164,0.059517348331966737
23,18.71232876712329,0.06196264341978605
