,maturity,rates
1,0.2657534246575343,0.007137277110902403
2,0.8986301369863013,0.019149884392333
3,1.0164383561643835,0.02040174027529497
4,1.4164383561643836,0.019292498173043408
5,1.4739726027397255,0.02206309079779668
6,1.9726027397260275,0.030101505720826927
7,2.03013698630137,0.02074849838757486
8,2.1835616438356165,0.03216666559763857
9,2.7589041095890408,0.03596864413301232
10,3.2191780821917813,0.038864201631217565
11,4.101369863013699,0.04220866295530691
12,4.446575342465755,0.0441878526425553
13,4.715068493150685,0.04246541901502135
14,5.367123287671234,0.04691997371980229
15,5.750684931506847,0.04860986621779734
16,5.884931506849315,0.049132666265458216
17,6.3643835616438365,0.05130556753924883
18,6.441095890410957,0.050024500205333985
19,9.528767123287672,0.05550480810804255
20,9.912328767123286,0.05509826155045023
21,10.871232876712327,0.05765885177667372
22,14.534246575342467,0.06100028836639956
23,18.926027397260274,0.06622844634377684
