,maturity,rates
1,0.4986301369863014,0.0017577511142836315
2,1.1315068493150684,0.02248783500206857
3,1.2493150684931509,0.023248929228492442
4,1.7068493150684931,0.0264872222088554
5,2.2054794520547945,0.0327520811554003
6,2.263013698630137,0.02418919572494193
7,2.416438356164384,0.035040626656454486
8,2.9917808219178084,0.033312053232507216
9,3.4520547945205484,0.041582126372233984
10,4.3342465753424655,0.04512896396558645
11,4.67945205479452,0.04618891196462613
12,4.947945205479452,0.044219446050143184
13,5.6,0.049326845215958884
14,6.117808219178082,0.05113913387175256
15,6.597260273972603,0.05524228638309193
16,6.6739726027397275,0.052414258668513264
17,9.761643835616438,0.05853488014490455
18,10.145205479452057,0.05845594263557646
19,11.104109589041094,0.059754269188522675
20,14.767123287671232,0.06451824024266352
21,19.158904109589038,0.06742554096144315
