,maturity,rates
1,1.5369863013698633,0.012634218325010691
2,1.8821917808219173,0.015101341876648904
3,2.150684931506849,0.011002392671265869
4,2.208219178082192,0.01695264135194131
5,2.8027397260273967,0.019869084959953258
6,3.186301369863014,0.0214635984793049
7,3.32054794520548,0.02222611322473541
8,3.8,0.021151549733366533
9,3.8767123287671232,0.02438826241962065
10,4.413698630136986,0.026588604811225797
11,4.7972602739726025,0.027563293282501858
12,5.046575342465753,0.02804450628674704
13,6.120547945205479,0.03108134296726223
14,6.964383561643835,0.03299287185543283
15,7.021917808219178,0.032629418354133286
16,7.347945205479452,0.03370267380850324
17,8.306849315068494,0.035822123323161405
18,9.64931506849315,0.03811203306328676
19,10.531506849315068,0.03925831988506268
20,11.96986301369863,0.04089825424917951
21,13.484931506849316,0.0434940742914384
22,14.616438356164384,0.04504732752689235
23,16.361643835616437,0.04736275966983985
24,19.468493150684928,0.048238888677845114
