,maturity,rates
1,1.4794520547945205,0.01669957850039075
2,1.9397260273972603,0.020616864897731048
3,2.8219178082191783,0.02579077300515771
4,3.1671232876712327,0.027646494272951558
5,3.4356164383561643,0.023961048119551763
6,3.493150684931507,0.029654612940120964
7,4.087671232876712,0.03240936341156836
8,4.471232876712329,0.03440940957690746
9,4.6054794520547935,0.03480317170513901
10,5.084931506849316,0.034948747195272675
11,5.161643835616438,0.03627560974602916
12,5.698630136986301,0.03903458792987733
13,6.331506849315067,0.040391499976768205
14,8.24931506849315,0.04498767331588968
15,8.632876712328768,0.04529828945389739
16,9.591780821917807,0.04733123060210216
17,10.934246575342462,0.049240819622649465
18,13.254794520547945,0.05141487081577557
19,14.76986301369863,0.05352463297865204
20,15.901369863013699,0.05462028881916568
21,17.646575342465752,0.055118346891161935
