,maturity,rates
0,0.4602739726027397,0.0705305690279898
1,0.9205479452054794,0.009634362126801336
2,1.8027397260273967,0.016543874307894092
3,2.147945205479452,0.0184522554820614
4,2.416438356164384,0.014515042765104806
5,2.473972602739726,0.0209052204793868
6,3.068493150684932,0.023175890341437654
7,3.4520547945205484,0.025421620214622444
8,3.5863013698630137,0.025814583133871413
9,4.065753424657534,0.026235418515751653
10,4.142465753424657,0.02824999520189136
11,4.67945205479452,0.030150999817794018
12,5.063013698630137,0.03129067557161643
13,5.3123287671232875,0.03215477370851857
14,6.3863013698630136,0.0351918702520212
15,7.230136986301369,0.036598203810937965
16,7.287671232876713,0.03673417769425346
17,7.613698630136986,0.03679275425268914
18,8.572602739726028,0.03906888483807357
19,9.915068493150685,0.04167678461612908
20,10.202739726027398,0.03186785758291584
21,10.797260273972602,0.04272229166024767
22,12.235616438356164,0.04405982766895445
23,13.75068493150685,0.04629195236738258
24,14.882191780821914,0.04767799945095842
25,16.627397260273973,0.050692355118001436
26,19.734246575342464,0.0511091264874125
