,maturity,rates
0,0.6684931506849315,0.09360873989462216
1,0.821917808219178,0.021159787764697152
2,1.4547945205479451,0.03052658250525288
3,1.5726027397260274,0.031024753988578718
4,1.9726027397260275,0.03088358772951816
5,2.03013698630137,0.03376656062863222
6,2.5287671232876714,0.040076578191187685
7,2.73972602739726,0.04226386890259423
8,3.315068493150685,0.04573482836764131
9,3.775342465753425,0.04781756772521715
10,4.6575342465753415,0.0502393050933414
11,5.0027397260273965,0.05148132740828976
12,5.27123287671233,0.04902468233817064
13,5.923287671232878,0.053862065296996414
14,6.441095890410957,0.054733037892595066
15,6.997260273972603,0.055190748807495235
16,10.084931506849315,0.05997627478787367
17,10.468493150684932,0.05996895769725461
18,11.427397260273972,0.061426442133509465
19,13.057534246575342,0.06875124938252203
20,15.090410958904107,0.06453401726493142
21,19.48219178082192,0.06885039803220673
