,maturity,rates
0,0.3835616438356164,0.05321142159279936
1,0.4410958904109589,0.005045336881442141
2,0.8054794520547945,0.009004842722807908
3,0.9397260273972604,0.010513580387417556
4,0.9972602739726028,-0.12625846184571285
5,1.1506849315068493,0.012610957760221244
6,1.7260273972602742,0.016924430108302156
7,2.1863013698630143,0.02001007658112874
8,3.068493150684932,0.024576113908679604
9,3.4136986301369863,0.02634761483015581
10,3.6821917808219182,0.023882399748479808
11,3.73972602739726,0.027868063556626268
12,4.3342465753424655,0.02969216231136605
13,4.717808219178083,0.030870096348929708
14,4.852054794520548,0.031499986663497015
15,5.331506849315068,0.03319954132737132
16,5.4082191780821915,0.033370324594983104
17,5.945205479452055,0.03600804172907885
18,6.578082191780823,0.037018258314682535
19,7.4219178082191775,0.03833611815549482
20,8.495890410958904,0.04122172767212829
21,8.87945205479452,0.04177168579406537
22,9.838356164383562,0.04404234474414508
23,11.18082191780822,0.046344487754949336
24,11.468493150684932,0.04060702471236265
25,13.501369863013695,0.04851651406850569
26,15.016438356164384,0.05099012529480528
27,16.147945205479452,0.052838762730035085
28,17.893150684931506,0.053483269055120776
