,maturity,rates
0,0.1726027397260274,0.05486702541165416
1,1.0547945205479452,0.008133192343751483
2,1.4,0.011010755750073329
3,1.6684931506849314,0.010319536672387086
4,1.7260273972602742,0.01281222787756591
5,2.32054794520548,0.016231556261922884
6,2.7041095890410958,0.01824431924041296
7,2.838356164383561,0.01895171607229765
8,3.3178082191780818,0.018400023075577195
9,3.3945205479452056,0.02132297367211286
10,3.5287671232876714,0.02159016317333109
11,3.9315068493150687,0.023819417690550338
12,4.315068493150685,0.025002260104386383
13,4.564383561643836,0.02586399568847891
14,5.4082191780821915,-0.0027665376152004764
15,5.638356164383563,0.029042192444623263
16,6.331506849315067,0.07047331489992405
17,6.482191780821919,0.028576775916797057
18,6.53972602739726,0.03031608519502792
19,6.865753424657536,0.031171708028653187
20,7.536986301369862,0.032390666486958535
21,7.824657534246574,0.034138050103283406
22,9.167123287671233,0.03671143318023617
23,9.454794520547946,0.017510548046821204
24,10.04931506849315,0.0383063321171491
25,11.487671232876716,0.0397640122919038
26,13.002739726027393,0.04134403099510079
27,14.134246575342464,0.043237597067793516
28,15.87945205479452,0.04571543007384781
29,18.98630136986301,0.04668709061623319
