,maturity,rates
0,0.6,0.059824130440658214
1,1.3095890410958904,0.06578771411817065
2,1.8849315068493149,0.06540864270090331
3,2.345205479452055,0.06575631465568363
4,3.2273972602739724,0.06500063594735157
5,3.572602739726028,0.06700409209840485
6,3.8410958904109593,0.06514408475635476
7,3.898630136986301,0.06740361146765798
8,4.493150684931507,0.06701326285454169
9,4.876712328767123,0.06718131653301578
10,5.0109589041095886,0.06775326689408707
11,5.490410958904111,0.071920778733028
12,5.567123287671233,0.06736792002335108
13,6.736986301369862,0.0697701290082925
14,8.654794520547945,0.0716898099290612
15,9.038356164383561,0.07125807405306574
16,9.997260273972604,0.07252203450251996
17,13.66027397260274,0.07437139556631878
18,15.175342465753426,0.07601335595961616
19,18.052054794520547,0.07452407703146421
