,maturity,rates
1,0.3095890410958904,0.007994272746123899
2,0.9424657534246575,0.019646104868717425
3,1.0602739726027397,0.0207919267511246
4,1.4602739726027398,0.019797645734877956
5,1.5178082191780822,0.02145361464551537
6,1.8821917808219173,0.02266162498553495
7,2.0164383561643837,0.030199401022597206
8,2.0739726027397256,0.021392358838319428
9,2.2273972602739724,0.0325073526376344
10,2.8027397260273967,0.03639212315216467
11,3.263013698630137,0.03883153760613807
12,4.145205479452055,0.04234345476129954
13,4.4904109589041115,0.0440726621625178
14,4.758904109589041,0.04200427516721415
15,5.410958904109589,0.046893808231778265
16,5.794520547945205,0.04885879041513775
17,5.9287671232876695,0.049431577274352594
18,6.4082191780821915,0.05038091177663071
19,6.484931506849315,0.05013807384608225
20,9.572602739726028,0.05582944506127701
21,9.956164383561644,0.055437681804086585
22,10.915068493150683,0.0582112737619654
23,14.578082191780824,0.0616571147437379
24,18.969863013698628,0.0659037985662151
