,maturity,rates
1,1.3095890410958904,0.008519482667895437
2,1.5780821917808217,0.007835687353102003
3,1.6356164383561644,0.010293938472244149
4,2.2301369863013702,0.012905547421570405
5,2.6136986301369864,0.014380748043059074
6,2.7479452054794518,0.01518690452549234
7,3.2273972602739724,0.015799277185773803
8,3.304109589041096,0.017042647750510544
9,3.4383561643835616,0.017741233919890662
10,3.8410958904109593,0.01927539033560606
11,4.224657534246576,0.02021014238808835
12,4.473972602739726,0.021063197345555718
13,5.5479452054794525,0.023489404561191377
14,6.391780821917808,0.02545530678932009
15,6.449315068493153,0.02574475324427788
16,6.7753424657534245,0.02591494689241684
17,7.446575342465754,0.028243404708300883
18,7.734246575342466,0.028158265568356138
19,9.076712328767123,0.030745328798856695
20,9.958904109589039,0.03232767335012782
21,11.397260273972602,0.033992303575465205
22,12.912328767123284,0.03602522779774714
23,14.043835616438356,0.03690358374649178
24,15.789041095890413,0.039653733309202896
25,18.895890410958906,0.04055759167403596
