,maturity,rates
1,0.4767123287671233,0.011745506341030285
2,1.1095890410958904,0.021962861012000626
3,1.227397260273973,0.022985677567338898
4,1.6849315068493151,0.02675869907443393
5,2.3945205479452056,0.034861707222120626
6,2.96986301369863,0.03887373530250573
7,3.4301369863013704,0.04181830392864688
8,4.3123287671232875,0.04503667226987533
9,4.6575342465753415,0.0463513776175491
10,4.926027397260274,0.04395150270280336
11,5.578082191780823,0.0490766854301454
12,6.095890410958903,0.05117180721508665
13,6.575342465753424,0.05247993525669858
14,6.652054794520548,0.05194150722581088
15,9.739726027397259,0.058911103437209136
16,10.123287671232877,0.058382770705813686
17,11.082191780821917,0.060243111702302066
18,14.745205479452055,0.06474632378010174
19,19.136986301369863,0.06808769479884454
