,maturity,rates
1,0.8876712328767123,0.0092517682294078
2,1.7698630136986302,0.01593247962969542
3,2.115068493150685,0.017946773937562523
4,2.3835616438356166,0.014026985783947165
5,2.441095890410959,0.020376225748213347
6,3.0356164383561643,0.022759361235824786
7,3.419178082191781,0.024884421424373783
8,3.5534246575342467,0.025196427084006264
9,4.032876712328767,0.02519733743915473
10,4.109589041095891,0.0274957001173928
11,4.646575342465753,0.029426896656862756
12,5.03013698630137,0.03035891392200258
13,5.279452054794521,0.03138385042594069
14,6.353424657534248,0.03429432138584237
15,7.197260273972603,0.035936809600921486
16,7.254794520547946,0.036164753990707774
17,7.580821917808219,0.03634101241483026
18,8.53972602739726,0.03855552860159548
19,9.882191780821918,0.04122722447070363
20,10.169863013698633,0.0273703299555001
21,10.764383561643836,0.041971598252211764
22,12.202739726027398,0.04386045640600965
23,13.717808219178085,0.045951961993663866
24,14.849315068493151,0.0474446351364252
25,16.594520547945205,0.05081794040060722
26,19.7013698630137,0.050564811044357935
