,maturity,rates
1,1.0191780821917809,0.03819025009477872
2,1.7287671232876711,0.05370805717029757
3,1.8821917808219173,0.05439237499164462
4,2.515068493150685,0.06315906756468105
5,2.632876712328767,0.06477475586744079
6,3.0904109589041098,0.05743708765851443
7,3.8,0.07316460966218373
8,4.375342465753425,0.07614453372231426
9,4.8356164383561655,0.07789248428523174
10,5.717808219178082,0.0806795157585492
11,6.331506849315067,0.07993361229704851
12,6.983561643835618,0.08362368076751735
13,7.501369863013696,0.0833178157286271
14,7.980821917808219,0.08893921151033288
15,8.057534246575342,0.08610052712331531
16,11.528767123287675,0.0884421175825284
17,12.487671232876716,0.09017725167984864
18,20.542465753424658,0.08518549381965188
