,maturity,rates
0,0.0136986301369863,0.06501414841391534
1,0.8958904109589041,0.0055186920965274965
2,1.2410958904109588,0.007182769453681306
3,1.5095890410958903,0.006563356915760964
4,1.5671232876712329,0.008633014790305494
5,2.1616438356164385,0.011026150668860443
6,2.5452054794520547,0.012276383364621186
7,2.6794520547945204,0.012824076974363876
8,3.1589041095890407,0.013203774971909272
9,3.2356164383561645,0.0146617091461956
10,3.3698630136986303,0.015011344128049638
11,3.7726027397260284,0.016416134362599567
12,4.156164383561643,0.017467633953711828
13,4.405479452054794,0.01826818103713255
14,5.249315068493153,-0.005212207713493264
15,5.479452054794519,0.021078610191871384
16,6.1726027397260275,0.05945555417655146
17,6.323287671232878,0.022291369252811992
18,6.380821917808219,0.022243729674291387
19,6.706849315068491,0.022680466641674887
20,7.3780821917808215,0.02508225860880202
21,7.6657534246575345,0.025055737574758603
22,9.008219178082193,0.027377650233833237
23,9.89041095890411,0.028866072692435137
24,11.32876712328767,0.03063555172117292
25,12.843835616438355,0.03319297003985574
26,13.975342465753426,0.03401961308152523
27,15.164383561643836,0.035821827393782535
28,15.720547945205483,0.03607154173868725
29,18.827397260273973,0.03788763305297642
