,maturity,rates
0,0.3397260273972603,0.05950437813777432
1,0.3972602739726027,0.004811292537061623
2,0.8958904109589041,0.01035470422278903
3,0.9534246575342464,0.010697788691356578
4,1.1068493150684928,0.01217771478925889
5,1.6821917808219178,0.01660517565215637
6,2.1424657534246574,0.0198116285007229
7,3.0246575342465762,0.024259242725341287
8,3.3698630136986303,0.02622649289241541
9,3.638356164383562,0.023357599529303986
10,3.695890410958904,0.02729867577341192
11,4.2904109589041095,0.02929412690662664
12,4.673972602739727,0.030577186788747344
13,4.808219178082191,0.031189053786454906
14,5.287671232876712,0.032167563658848264
15,5.364383561643836,0.03289821564545403
16,5.9013698630137,0.03556314491977235
17,6.534246575342466,0.0364297700555018
18,8.452054794520548,0.041034585897890906
19,8.835616438356164,0.041494176034232916
20,9.794520547945208,0.04388203530480725
21,11.136986301369863,0.04611034061382562
22,13.457534246575339,0.04848569340826416
23,14.972602739726028,0.05082676413962298
24,16.104109589041094,0.05252935068462675
25,17.849315068493148,0.053263495556691035
