,maturity,rates
1,0.7287671232876712,0.018482341101013915
2,1.3616438356164384,0.02767560891013469
3,1.4794520547945205,0.028675834624133995
4,1.8794520547945208,0.02821798663271849
5,1.9369863013698632,0.031725021769861424
6,2.4356164383561643,0.03761961312685756
7,2.646575342465753,0.039173631576394106
8,3.221917808219178,0.04262800226261281
9,3.6821917808219182,0.04513029252775224
10,4.564383561643836,0.04772323095146273
11,4.909589041095892,0.04958005827390003
12,5.178082191780822,0.046745919329495914
13,5.83013698630137,0.05213658883956301
14,6.347945205479452,0.0536960102741217
15,6.8273972602739725,0.053906746852418176
16,6.904109589041097,0.05409681320168515
17,9.991780821917807,0.058322620487127365
18,10.375342465753425,0.05839526815587314
19,11.334246575342464,0.059854615727076566
20,14.997260273972607,0.06333756220544706
21,19.389041095890416,0.06676312933290916
