,maturity,rates
0,0.024657534246575345,0.13137486493554465
1,0.13972602739726028,0.0097029605543751
2,0.6575342465753424,0.03107877981140628
3,0.9643835616438357,0.038947220793334215
4,1.1945205479452057,0.03477883718239808
5,1.1945215479452056,0.04538545568173827
6,1.904109589041096,0.05673372852815156
7,2.0575342465753423,0.058255571530092726
8,2.6904109589041094,0.06508943406579555
9,2.808219178082192,0.06568697304429635
10,3.208219178082192,0.06777272055101717
11,4.550684931506848,0.07233391130498186
12,6.506849315068492,0.08034428250693132
13,7.676712328767122,0.08118107906575865
14,8.156164383561642,0.09029406905055024
15,8.232876712328768,0.08188720867458081
16,11.704109589041094,0.08433531462432914
17,12.663013698630134,0.08566645401324495
18,20.717808219178078,0.09495550875933864
