,maturity,rates
1,1.1315068493150684,0.012516896949845277
2,1.7068493150684931,0.016810001882064746
3,2.1671232876712327,0.01989401501511866
4,3.0493150684931507,0.0244674445133148
5,3.3945205479452056,0.026530386976077645
6,3.6630136986301367,0.02355936880762066
7,3.72054794520548,0.02769266394275747
8,4.315068493150685,0.029575953456756607
9,4.698630136986301,0.030725030219107313
10,4.832876712328766,0.031053533903933294
11,5.3123287671232875,0.032619870143858816
12,5.389041095890411,0.03323192646799203
13,5.926027397260274,0.035728531165333755
14,6.558904109589043,0.03673443187005079
15,8.476712328767123,0.037840490608173766
16,8.860273972602737,0.041907101205632735
17,9.81917808219178,0.04421992683986257
18,11.161643835616438,0.046404842311973934
19,13.482191780821918,0.04846817306736381
20,14.997260273972607,0.051221045956799716
21,16.12876712328767,0.05291054187343976
22,17.873972602739727,0.05274240989989794
