,maturity,rates
1,0.3287671232876712,0.012049214194551187
2,0.3287681232876712,0.012110434815596085
3,1.0383561643835617,0.028806049435496438
4,1.1917808219178083,0.03152907441399271
5,1.824657534246576,0.0397797321407007
6,1.9424657534246568,0.04003179907077102
7,2.3424657534246576,0.040092698019716405
8,2.8986301369863017,0.048620600854941486
9,3.1095890410958904,0.04982254374989895
10,3.684931506849315,0.053166364755827
11,4.145205479452055,0.054887078716432405
12,5.027397260273973,0.05810052383442566
13,5.3726027397260285,0.06044125479034401
14,5.641095890410957,0.06034296821945034
15,6.293150684931509,0.062269586383545614
16,6.810958904109589,0.06319967414192397
17,7.290410958904108,0.0644137050644737
18,7.367123287671232,0.06482651712067171
19,10.838356164383562,0.06916886073250082
20,11.797260273972602,0.07031144319024894
21,15.460273972602739,0.07373999556128052
22,19.852054794520548,0.07818184366392203
