,maturity,rates
0,0.252054794520548,0.08115332814098727
1,0.7123287671232876,0.08112310169775405
2,0.8273972602739726,0.0809715421821728
3,1.3452054794520547,0.0827388093002065
4,1.8821917808219175,0.09062669370983809
5,2.591780821917808,0.09116057760794485
6,2.7452054794520553,0.09187856335062078
7,3.3780821917808215,0.09302663524944121
8,3.495890410958904,0.09321870507838433
9,4.663013698630137,0.09322218718578124
10,5.238356164383561,0.09608418907918788
11,5.698630136986301,0.09070419055314094
12,6.580821917808219,0.09161319998494803
13,7.1945205479452055,0.09875535723381068
14,7.846575342465752,0.09184435722150193
15,8.364383561643837,0.09845107625355526
16,8.920547945205481,0.09186573108563943
17,12.391780821917806,0.09173590403156323
18,13.350684931506851,0.0919997463762153
19,21.405479452054795,0.09167709172480898
