,maturity,rates
0,0.4575342465753425,0.09426489249765996
1,0.9945205479452056,0.036576891259912994
2,0.9945215479452056,0.03723516393553348
3,1.704109589041096,0.050998661110350105
4,1.8575342465753424,0.05313414981568625
5,2.4904109589041097,0.062249608872374865
6,2.6082191780821917,0.06257195499981433
7,3.5643835616438366,0.07009470153602304
8,3.775342465753425,0.07009658072045398
9,4.3506849315068505,0.07341955292445697
10,4.810958904109589,0.07633541897086563
11,5.693150684931508,0.07856321741218268
12,6.306849315068492,0.0784650762265668
13,6.958904109589041,0.08226812065309065
14,8.032876712328768,0.08488354275870343
15,10.046575342465754,0.07349905230097427
16,11.504109589041095,0.08858509515524564
17,12.463013698630135,0.09012712076228274
18,14.093150684931507,0.0827050802985753
19,20.51780821917808,0.09103833156406764
