,maturity,rates
1,0.2876712328767123,0.02440166069029909
2,0.3452054794520548,0.028371127793948982
3,0.8054794520547945,0.04661869444936001
4,0.9205479452054794,0.048675518640615215
5,1.4383561643835616,0.05893139167550336
6,1.9753424657534249,0.06133923668167057
7,1.9753434657534248,0.06657888591224574
8,2.684931506849315,0.07214736494499878
9,2.838356164383561,0.07311360455335794
10,3.4712328767123286,0.07613944163538043
11,3.589041095890411,0.07608632869177026
12,4.756164383561643,0.07891041556397005
13,5.331506849315068,0.08097943193024364
14,5.791780821917808,0.08098065687036872
15,6.6739726027397275,0.08173460683518034
16,7.287671232876713,0.08377928011862798
17,7.93972602739726,0.0830338447747735
18,8.457534246575342,0.08327359050642065
19,9.013698630136986,0.0830604901133634
20,12.484931506849316,0.08535527255593547
21,13.443835616438355,0.08696776895783118
22,21.4986301369863,0.08209929275865868
