,maturity,rates
0,0.32602739726027397,0.06172416715116009
1,0.3835616438356164,0.006219391760374202
2,0.8821917808219178,0.011346445561430659
3,0.9397260273972604,0.011468332173687574
4,1.0931506849315071,0.013386703176429277
5,1.6684931506849314,0.018287961425860026
6,2.128767123287671,0.02198295176998563
7,3.010958904109589,0.02667303265712625
8,3.3561643835616435,0.028638918525509014
9,3.6246575342465763,0.02445397177174409
10,3.6821917808219182,0.02957706199447642
11,4.276712328767124,0.032134434387012634
12,4.660273972602742,0.03361539759140973
13,4.794520547945205,0.0341800252621425
14,5.273972602739726,0.03520556115249208
15,5.35068493150685,0.03586693231326464
16,5.887671232876714,0.038053351285564765
17,6.520547945205481,0.03887172564820307
18,8.438356164383563,0.044371994985520885
19,8.821917808219178,0.044539933417132714
20,9.780821917808217,0.04672360284515724
21,11.123287671232877,0.04872637860208202
22,13.443835616438355,0.051185740452992026
23,14.958904109589039,0.049872253350556416
24,16.09041095890411,0.05451518307070704
25,17.835616438356162,0.0555889265764508
