,maturity,rates
1,1.1890410958904107,0.00651298706172131
2,1.4575342465753425,0.006002212970581206
3,1.515068493150685,0.00795439976108502
4,2.1095890410958904,0.010645453302221636
5,2.4931506849315066,0.008471604191358213
6,2.627397260273973,0.012663072812844149
7,3.106849315068493,0.013031905193575315
8,3.1835616438356165,0.014467901272709775
9,3.3178082191780818,0.01501925529312846
10,3.72054794520548,0.016352667267172147
11,4.104109589041096,0.01732303524924236
12,4.353424657534247,0.01824894680705888
13,5.101369863013699,0.02097563678243764
14,5.427397260273971,0.021061498904008616
15,6.271232876712331,0.02232422576692062
16,6.328767123287673,0.022531543184096583
17,6.654794520547945,0.023136047677027673
18,7.3260273972602725,0.025339628615418303
19,7.613698630136986,0.02530012890503723
20,8.956164383561644,0.02817331077331992
21,9.838356164383562,0.029403261070143183
22,11.276712328767125,0.030796320502695856
23,12.791780821917806,0.034025943289043334
24,13.923287671232874,0.035437233598740625
25,15.112328767123287,0.03652608907464106
26,15.668493150684931,0.037004519852352084
27,18.775342465753425,0.038719406163778634
