,maturity,rates
0,0.6657534246575343,0.04987062143157625
1,1.3753424657534246,0.0656710352448044
2,1.9506849315068493,0.06588125159412199
3,2.410958904109589,0.06757937805391424
4,3.2931506849315073,0.06650085775992819
5,3.6383561643835622,0.06844199548553524
6,3.906849315068493,0.06300894552462133
7,3.964383561643836,0.06967459557093783
8,4.558904109589041,0.06791653740638412
9,4.942465753424657,0.07016775286872813
10,5.076712328767123,0.06855139925344073
11,5.556164383561644,0.06756278078222881
12,5.632876712328768,0.06833851190871873
13,6.802739726027397,0.07112904959536898
14,8.720547945205482,0.07373412053663003
15,9.104109589041096,0.07314978775262175
16,10.063013698630137,0.07389937534737796
17,13.726027397260275,0.07496475324966645
18,15.241095890410962,0.07664975854213811
19,18.117808219178084,0.07528746084577118
