,maturity,rates
0,0.8438356164383561,0.09110710383041733
1,0.9616438356164384,0.08551295857829404
2,1.4191780821917808,0.08001796898697142
3,2.128767123287671,0.0808808735234421
4,2.704109589041096,0.07907450793464157
5,3.1643835616438367,0.07854989431897999
6,4.046575342465753,0.0771506082863671
7,4.391780821917808,0.07727467692022802
8,4.660273972602741,0.07968974833756333
9,5.312328767123288,0.07622185407474098
10,5.695890410958903,0.07654691968151207
11,5.83013698630137,0.0765853504579324
12,6.30958904109589,0.08519377833785136
13,6.3863013698630136,0.0770750781761091
14,9.473972602739726,0.0709616144777465
15,9.857534246575344,0.07741632720417599
16,10.816438356164383,0.07860715810962447
17,14.47945205479452,0.07934337106147817
18,15.994520547945205,0.08018682820687432
19,18.871232876712327,0.08088390830803709
