,maturity,rates
0,0.5808219178082191,0.0807647369591214
1,0.6986301369863014,0.012295718198504252
2,1.0986301369863014,0.011454117078277624
3,1.1561643835616435,0.01599046409992069
4,1.5205479452054795,0.015222151141378941
5,1.6547945205479453,0.02376536690056124
6,1.7123287671232876,0.020455228832374828
7,1.8657534246575345,0.025958536053458253
8,2.441095890410959,0.030364948838773824
9,2.9013698630136986,0.033493305826181416
10,3.7835616438356166,0.03774081531006287
11,4.1287671232876715,0.03855291120199291
12,4.397260273972603,0.03700065659390187
13,5.0493150684931525,0.041728685726443615
14,5.432876712328767,0.04358277187459028
15,5.567123287671233,0.043596844186586964
16,6.0465753424657525,0.044293770797369264
17,6.123287671232878,0.0446222324616367
18,7.293150684931509,0.048118888610815036
19,9.210958904109587,0.05068412721578802
20,9.594520547945203,0.049495401847995384
21,10.553424657534247,0.052495040667681264
22,12.183561643835617,0.039965045437777916
23,14.216438356164383,0.05767407152869013
24,15.731506849315071,0.060149491541521126
25,18.60821917808219,0.06294210221218767
