,maturity,rates
1,0.2465753424657534,0.003426418664624216
2,0.4575342465753425,0.006218105910075484
3,1.0328767123287672,0.012369616808541496
4,1.4931506849315068,0.017210002283721583
5,2.3753424657534246,0.023644488650347188
6,2.7205479452054795,0.026479685403460056
7,2.989041095890411,0.021746130884485283
8,3.0465753424657533,0.028209088116038557
9,3.641095890410959,0.03134513223769782
10,4.024657534246575,0.03289023058946504
11,4.158904109589041,0.033963437547990985
12,4.638356164383562,0.034091566538626134
13,4.715068493150685,0.03620607402200344
14,5.252054794520548,0.03921518543848489
15,5.884931506849315,0.04120069812277349
16,7.802739726027397,0.04590667373218684
17,8.186301369863013,0.04653482240388583
18,9.145205479452057,0.049046390872770115
19,10.487671232876714,0.05148555515335192
20,12.808219178082194,0.05403177894771749
21,14.323287671232874,0.056359506106914974
22,15.454794520547946,0.057716262203216885
23,17.2,0.058730305172634285
