,maturity,rates
1,0.7917808219178082,0.044127564239956375
2,1.3287671232876712,0.05626090973485323
3,2.0383561643835617,0.07348385565592692
4,2.191780821917808,0.06937850970257367
5,2.824657534246575,0.07757827034450121
6,2.9424657534246577,0.07742111823644397
7,6.027397260273973,0.0903975872152853
8,6.641095890410957,0.09225477586743804
9,7.293150684931509,0.09281881987443896
10,7.810958904109589,0.0920041727123362
11,8.367123287671232,0.09259264096371572
12,11.838356164383562,0.0958593800544112
13,12.797260273972602,0.0940588027808504
14,20.852054794520548,0.10448849135980763
