,maturity,rates
0,0.2712328767123288,0.05076011856291232
1,0.4054794520547945,0.005450763097272025
2,0.46301369863013697,0.005288035115152611
3,0.6164383561643836,0.007835385814130812
4,1.1917808219178083,0.013681113055678826
5,1.652054794520548,0.01816482058827886
6,2.5342465753424657,0.02430178072643509
7,2.8794520547945206,0.02722596703781214
8,3.1479452054794512,0.02282750585768584
9,3.2054794520547945,0.02917602037105588
10,3.8,0.03208849068479923
11,4.183561643835616,0.03377599610102176
12,4.317808219178081,0.03430541904573687
13,4.7972602739726025,0.03450616684167907
14,4.873972602739726,0.036765869753249865
15,5.410958904109589,0.03912655850243262
16,6.043835616438358,0.0405698823210538
17,7.961643835616439,0.046079836067043176
18,8.345205479452055,0.04650974590846338
19,9.304109589041095,0.048564375909558685
20,10.646575342465754,0.05085763598776229
21,10.934246575342462,0.03494082118535564
22,12.967123287671232,0.05377999894045279
23,14.482191780821918,0.05527098152913125
24,15.613698630136984,0.05685977199799614
25,17.358904109589034,0.05757516896269173
