,maturity,rates
1,0.3315068493150685,0.012107814935693993
2,0.3315078493150685,0.012213394120527509
3,1.0410958904109588,0.028939309914032707
4,1.1945205479452057,0.03156849740442354
5,1.8273972602739723,0.0392546922753971
6,1.9452054794520548,0.0404411698734023
7,2.345205479452055,0.04093468627072279
8,2.9013698630136986,0.04843735391355492
9,2.958904109589041,0.04399846071105863
10,3.1123287671232878,0.048892408091219565
11,3.6876712328767125,0.05295976208169865
12,4.147945205479451,0.05479822594391184
13,5.03013698630137,0.057219801849649865
14,5.375342465753425,0.06010515978801389
15,6.295890410958903,0.06168979786593296
16,6.813698630136987,0.06281058940749774
17,7.293150684931509,0.06451284342772133
18,7.36986301369863,0.06431242936004858
19,10.841095890410957,0.06874824732712521
20,11.8,0.06986826315014892
21,15.463013698630135,0.07339152274660463
22,19.854794520547944,0.07971476313935595
