,maturity,rates
1,0.6712328767123288,0.011882851080773629
2,1.1287671232876713,0.014265086584225768
3,1.8383561643835613,0.025956802488332483
4,2.4136986301369863,0.03035522441537292
5,2.8739726027397263,0.03347435012028198
6,3.7561643835616434,0.03743003196304364
7,4.101369863013699,0.03898514616113831
8,4.369863013698629,0.03580779298240535
9,5.021917808219178,0.04197309942324928
10,5.405479452054794,0.04372898385347819
11,5.53972602739726,0.043919740263245056
12,6.019178082191781,0.0443164634743637
13,6.095890410958903,0.045230368776708885
14,7.265753424657534,0.04860633284662473
15,9.183561643835617,0.05111624960705664
16,9.567123287671233,0.05019094972462347
17,10.526027397260274,0.05284153858074067
18,14.189041095890412,0.05644852231012345
19,15.704109589041094,0.05897995053383475
20,18.58082191780822,0.06106695299536556
