,maturity,rates
1,0.20821917808219176,0.0028905011577849363
2,0.2657534246575343,0.0027620515273388963
3,0.4191780821917808,0.005779029276766939
4,0.9945205479452056,0.012426682622882313
5,1.4547945205479451,0.01708802531762349
6,2.3369863013698637,0.023669696298606
7,2.682191780821918,0.0261152007609461
8,2.9506849315068493,0.021185541847798854
9,3.008219178082192,0.02816727429680835
10,3.602739726027397,0.030846396951614632
11,3.9863013698630136,0.03353675316940908
12,4.120547945205479,0.033725201476795134
13,4.676712328767123,0.036019623280736615
14,5.213698630136986,0.0387588838712692
15,5.846575342465752,0.04058539446101452
16,7.764383561643838,0.04552619835325728
17,8.147945205479452,0.04616583022282048
18,9.10684931506849,0.0485625183045268
19,10.449315068493153,0.05188909141562415
20,12.76986301369863,0.053504857686904606
21,14.284931506849315,0.055732999622055183
22,15.416438356164385,0.0572467262567463
23,17.161643835616438,0.057838014189749314
