,maturity,rates
1,0.8958904109589041,0.009319103494233531
2,1.7780821917808218,0.01605615039985879
3,2.1232876712328768,0.01802047397598752
4,2.3917808219178083,0.014102044113746331
5,2.4493150684931506,0.02038776226943169
6,3.0438356164383564,0.022872053897297233
7,3.4273972602739726,0.02496234186061591
8,3.5616438356164384,0.02526165910266675
9,4.04109589041096,0.025303060670004568
10,4.117808219178082,0.02759031678080616
11,4.654794520547945,0.029427944813797
12,5.038356164383561,0.030495358645076756
13,5.287671232876712,0.031373013685542066
14,6.361643835616437,0.03431179550375176
15,7.205479452054795,0.03598167926502635
16,7.263013698630138,0.03619952890508117
17,7.589041095890411,0.03625575880355508
18,8.547945205479452,0.03853231897102115
19,9.89041095890411,0.0410839675335366
20,10.772602739726029,0.04217569642572937
21,12.210958904109587,0.04372346281583216
22,13.726027397260275,0.0458252296817068
23,14.857534246575346,0.04734251437476076
24,16.602739726027398,0.05046683712031886
25,19.709589041095885,0.05074688756760865
