,maturity,rates
1,0.13424657534246576,0.011298797301251188
2,0.5945205479452055,0.03583759899734136
3,0.7095890410958904,0.039853153248208435
4,1.227397260273973,0.05219241661786831
5,1.5342465753424657,0.05661262297913852
6,1.7643835616438357,0.05533729621901693
7,1.7643845616438356,0.06254626567763052
8,2.473972602739726,0.07106433263264672
9,2.627397260273973,0.07204281975822882
10,3.2602739726027403,0.07625538570152589
11,3.378082191780821,0.07756662497303421
12,3.778082191780822,0.07742084631663285
13,4.545205479452054,0.08079239436988564
14,5.120547945205479,0.08209177701935172
15,5.580821917808219,0.08317975005077878
16,6.463013698630138,0.08469182225863138
17,7.076712328767122,0.07031079336441819
18,7.728767123287669,0.08649607619574673
19,8.246575342465754,0.08776386617739126
20,8.726027397260275,0.08993024500242834
21,8.802739726027399,0.08604432750369688
22,12.273972602739725,0.0879586075707495
23,13.232876712328768,0.09001529742361197
24,21.28767123287671,0.09554551395759027
