,maturity,rates
1,1.5506849315068494,0.012865242064763893
2,1.895890410958904,0.015351914789496731
3,2.164383561643836,0.011169357402000922
4,2.221917808219178,0.017079995969539553
5,2.8164383561643835,0.01995368420803326
6,3.2,0.021583762552377164
7,3.3342465753424664,0.02234564231679661
8,3.813698630136986,0.021331197129178674
9,3.8904109589041096,0.02447336131969648
10,4.427397260273971,0.026620735604540903
11,4.810958904109589,0.027573009235735545
12,5.06027397260274,0.028190291670601494
13,6.134246575342464,0.031116843792166313
14,6.978082191780822,0.03302192527419249
15,7.035616438356165,0.0327895978739257
16,7.361643835616437,0.033667063596244044
17,8.320547945205481,0.03575873581898556
18,9.663013698630136,0.03806280431175152
19,10.545205479452054,0.039274255820915496
20,11.983561643835616,0.0408333771658167
21,13.498630136986305,0.043488446839344885
22,14.63013698630137,0.04504731062371648
23,16.375342465753427,0.04746547495257847
24,19.48219178082192,0.048166304685622316
