,maturity,rates
0,0.3479452054794521,0.08931524193135376
1,0.5013698630136987,0.012116535512737316
2,1.1342465753424658,0.022499649502283583
3,1.2520547945205478,0.023673458914917102
4,1.652054794520548,0.023546874135193952
5,1.7095890410958905,0.027189379792658844
6,2.208219178082192,0.03310655521863691
7,2.265753424657534,0.02683573305134434
8,2.419178082191781,0.03543451574563074
9,2.9945205479452053,0.038892715383316685
10,3.4547945205479453,0.04187374703890178
11,4.336986301369863,0.04503593637220057
12,4.682191780821919,0.04643017681488686
13,4.9506849315068475,0.0449727059848742
14,5.602739726027397,0.04928852646100032
15,6.120547945205479,0.051310102548118304
16,6.6,0.05361962635651859
17,6.676712328767122,0.05245687093306132
19,9.764383561643836,0.042476171910676916
20,10.147945205479452,0.04234541191951333
21,11.106849315068493,0.04638897575207974
22,14.76986301369863,0.050654634435201226
23,19.16164383561644,0.05939355112365395
