,maturity,rates
0,0.6,0.09104219524383304
1,0.7534246575342466,0.018698710270891747
2,1.3863013698630138,0.027738256599457656
3,1.5041095890410958,0.02836230253020189
4,1.9616438356164383,0.031768473431355825
5,2.326027397260274,0.03231500757792878
6,2.46027397260274,0.037947124600557804
7,2.671232876712329,0.03930920304917762
8,3.246575342465753,0.04258796298181068
9,3.7068493150684927,0.044825944826009816
10,4.589041095890411,0.047915044431967715
11,4.934246575342466,0.04931651404576737
12,5.2027397260273975,0.04498888118619136
13,5.854794520547945,0.05176263942430438
14,6.372602739726028,0.05328290212782734
15,6.852054794520547,0.05296113975060416
16,6.9287671232876695,0.052688320368895813
17,10.016438356164382,0.058199221266642925
18,10.4,0.05831084765703583
19,11.358904109589036,0.05948141915772899
20,12.98904109589041,0.05803698759000106
21,15.02191780821918,0.0633442035082306
22,19.413698630136988,0.06735449746522275
