,maturity,rates
1,1.4575342465753425,0.009824730328341549
2,1.7260273972602742,0.009233471377699056
3,1.7835616438356163,0.011489215805013123
4,2.378082191780821,0.01422996524363831
5,2.7616438356164386,0.015723928561198922
6,2.8958904109589043,0.01644920315611921
7,3.3753424657534246,0.016797884444963215
8,3.4520547945205484,0.018504452566711783
9,3.5863013698630137,0.018881230513058504
10,3.989041095890411,0.017151163681913918
11,4.3726027397260285,0.021283480613656484
12,4.6219178082191785,0.021581634629005586
13,5.695890410958903,0.02469976535013279
14,6.53972602739726,0.026084025334358184
15,6.597260273972603,0.0262523529897589
16,6.923287671232878,0.026824018643441208
17,7.594520547945206,0.0283779177313775
18,7.882191780821918,0.02895570811068064
19,9.224657534246576,0.03117464337671587
20,10.10684931506849,0.03247366031387553
21,11.545205479452054,0.034735335068112244
22,13.06027397260274,0.03628242400530103
23,14.191780821917806,0.037882009418066236
24,15.936986301369865,0.041348507254855296
25,19.04383561643836,0.04099781193354909
