,maturity,rates
1,1.5205479452054795,0.016083793742057168
2,1.9808219178082191,0.01958592666636513
3,2.863013698630137,0.024180308532955608
4,3.208219178082192,0.025998108414537743
5,3.476712328767124,0.02333193304000404
6,3.5342465753424657,0.02753270553734358
7,4.1287671232876715,0.029818675585038437
8,4.512328767123288,0.031190162693357962
9,4.646575342465753,0.03188781007515181
10,5.126027397260274,0.03188145262824134
11,5.2027397260273975,0.03321375380347905
12,5.7397260273972615,0.03604142235693168
13,6.372602739726028,0.0373344931306808
14,8.29041095890411,0.042051391019515036
15,8.673972602739726,0.04267310787540875
16,9.632876712328768,0.044272100630996535
17,10.975342465753425,0.04631656228986774
18,13.295890410958906,0.049214745489396576
19,14.810958904109588,0.05139036928514045
20,15.942465753424658,0.0525981859933514
21,17.68767123287671,0.05374701124456308
