,maturity,rates
1,0.9589041095890408,0.0256406793717336
2,1.5917808219178082,0.034152738085132354
3,1.7095890410958905,0.0350472782986948
4,2.1671232876712327,0.038132398605900654
5,2.8767123287671232,0.04529563797403181
6,3.4520547945205484,0.04745837121625954
7,3.912328767123288,0.049825401690808166
8,4.794520547945205,0.05186441743216525
9,5.139726027397259,0.05321317953209327
10,5.4082191780821915,0.052034984395289516
11,6.06027397260274,0.055141437521421435
12,6.578082191780823,0.05638258412115915
13,7.057534246575343,0.05884149430616921
14,7.134246575342464,0.057558609371834366
15,10.605479452054793,0.06152443393938078
16,11.564383561643837,0.06303382201942169
17,15.227397260273971,0.0666336317947004
18,19.61917808219178,0.06970358186164569
