,maturity,rates
1,1.3835616438356164,0.04086387440462448
2,1.5369863013698633,0.04079320700561709
3,2.1698630136986297,0.05044786400158408
4,2.287671232876712,0.05170677662362448
5,2.7452054794520557,0.054142022561541416
6,3.4547945205479453,0.06040762317076509
7,4.03013698630137,0.06284636107441391
8,4.4904109589041115,0.0645229177915797
9,5.3726027397260285,0.06677450026459386
10,5.986301369863014,0.06563728608791287
11,6.638356164383563,0.0700923280050411
12,7.156164383561642,0.07069370498836725
13,7.712328767123287,0.07202817259417703
14,11.183561643835617,0.07425893596024692
15,12.142465753424654,0.07501032128711725
16,20.19726027397261,0.07973867635762663
