,maturity,rates
1,1.16986301369863,0.012856932366735262
2,2.052054794520548,0.01968760049855351
3,2.3972602739726026,0.022252594526095182
4,2.665753424657534,0.017805021016699854
5,2.723287671232877,0.02422345839465833
6,3.3178082191780818,0.027680879331171044
7,3.7013698630136975,0.029267127902856932
8,3.8356164383561633,0.030131696925823157
9,4.315068493150685,0.030328691346002933
10,4.391780821917808,0.032511803670846065
11,4.92876712328767,0.034680973719996656
12,5.561643835616438,0.03598728677845525
13,7.479452054794519,0.037882692976851255
14,7.536986301369862,0.041786271379880405
15,7.863013698630137,0.04182789841856885
16,8.821917808219178,0.04427002249714238
17,10.164383561643836,0.047468721469748204
18,12.484931506849316,0.049614734383437546
19,14.0,0.0516664463644184
20,15.131506849315068,0.05361124860879026
21,16.876712328767127,0.05508836002625505
