,maturity,rates
1,1.3643835616438356,0.009841383990299208
2,1.6328767123287669,0.009327170093241344
3,1.6904109589041096,0.01184349258294758
4,2.2849315068493152,0.015040628593591288
5,2.6684931506849314,0.016672520950974424
6,2.8027397260273967,0.017510199184424487
7,3.2821917808219183,0.017646539577131276
8,3.3589041095890413,0.0199886232424719
9,3.493150684931507,0.021005579396791305
10,3.895890410958904,0.022328238568027358
11,4.279452054794521,0.02338037939537143
12,4.528767123287671,0.023926791081574843
13,5.602739726027397,0.02707011699005369
14,6.446575342465754,0.029204538389198224
15,6.504109589041097,0.028864909554824663
16,6.83013698630137,0.029407088724656336
17,7.501369863013696,0.0312348544408054
18,7.789041095890411,0.032142099465657346
19,9.131506849315068,0.03423112604658765
20,10.013698630136986,0.03527370389465668
21,11.452054794520548,0.03729209816737851
22,12.967123287671232,0.03891506795666766
23,14.098630136986301,0.04045160015302267
24,15.843835616438355,0.04246328895531317
25,18.95068493150685,0.04413311481969133
