,maturity,rates
0,0.2164383561643836,0.12570600180200225
1,0.3315068493150685,0.026695637302740747
2,0.8493150684931506,0.05011062226512703
3,1.1561643835616435,0.059418862995954135
4,1.3863013698630138,0.05281441095965896
5,1.3863023698630137,0.0651345088125902
6,2.095890410958904,0.07877443240086487
7,2.249315068493151,0.07952075742848712
8,2.8821917808219184,0.08837258760682805
9,3.0,0.08754792518178517
10,4.167123287671233,0.09590837091387068
11,4.742465753424658,0.09796612275612987
12,5.2027397260273975,0.09860056744472508
13,6.084931506849316,0.10134099526449432
14,7.35068493150685,0.10392854512059983
15,7.868493150684931,0.10527292947952954
16,8.424657534246576,0.10432472298692172
17,11.895890410958906,0.10700428478414792
18,12.854794520547946,0.10761804551710827
19,20.90958904109589,0.10721632661624847
