,maturity,rates
0,0.15342465753424658,0.07345069707425084
1,0.2712328767123288,0.0044829920199572545
2,0.6712328767123288,0.01001490559485582
3,0.7287671232876712,0.007482815431110019
4,1.227397260273973,0.015919091444116792
5,1.2849315068493148,0.011684577115698327
6,1.4383561643835616,0.01817744630976821
7,2.0136986301369864,0.022300752610921855
8,2.473972602739726,0.026029573348969347
9,3.3561643835616435,0.030202992422933683
10,3.7013698630136975,0.031941909053327534
11,3.96986301369863,0.029731126129984495
12,4.027397260273974,0.0339656623168779
13,4.6219178082191785,0.03525172384943706
14,5.005479452054795,0.03690967912272903
15,5.139726027397259,0.037683083739342337
16,5.695890410958903,0.03903312387206925
17,6.865753424657536,0.042389020104316534
18,7.70958904109589,0.024353685134596667
19,8.783561643835617,0.04666672881713665
20,9.167123287671233,0.04755194582177599
21,10.126027397260273,0.049706284411283184
22,13.789041095890413,0.053210776038412205
23,15.304109589041095,0.055989138740770564
24,18.180821917808217,0.05885044202583758
