,maturity,rates
1,0.07945205479452055,0.007302110011381298
2,0.5397260273972603,0.035349063326665715
3,0.6547945205479452,0.03938854723789127
4,1.1726027397260277,0.05324368476204148
5,1.4794520547945205,0.05749083695995049
6,1.7095890410958905,0.06294484248830011
7,2.419178082191781,0.071894023201987
8,2.5726027397260283,0.07325008112901665
9,3.2054794520547945,0.07784018107856477
10,5.065753424657534,0.08371926925603483
11,5.526027397260274,0.08473883468305528
12,6.4082191780821915,0.08594846118643071
13,7.021917808219178,0.07970627466977882
14,7.6739726027397275,0.08718539061045963
15,8.671232876712331,0.08868835485853219
16,8.747945205479452,0.08718725713672945
17,12.219178082191785,0.08847336813219504
18,13.178082191780822,0.08993102435508059
19,21.232876712328764,0.09219421599373892
