,maturity,rates
1,0.5780821917808219,0.014488706182901176
2,1.2109589041095892,0.024269902954701716
3,1.3287671232876712,0.0259591412499764
4,1.7287671232876711,0.024936231405085264
5,1.7863013698630137,0.029043611881029514
6,2.2849315068493152,0.03573501245529807
7,2.4958904109589044,0.03752872074530186
8,3.0712328767123287,0.04162123870453878
9,3.5315068493150683,0.04447428568056692
10,4.413698630136986,0.048596668210965734
11,4.758904109589041,0.04958148671008348
12,5.027397260273973,0.046535604664370435
13,5.679452054794519,0.052904475330604384
14,6.197260273972603,0.0546259844234637
15,6.676712328767122,0.05617920836479779
16,6.753424657534247,0.055957064570436345
17,9.841095890410957,0.060765286420106715
18,10.224657534246576,0.06107058024552394
19,11.183561643835617,0.06316583004227425
20,14.846575342465751,0.06673368185594783
21,19.23835616438356,0.06959398871573742
