,maturity,rates
1,0.8794520547945206,0.0090999783720283
2,1.7616438356164383,0.015709877368684108
3,2.106849315068493,0.01771946493852622
4,2.3753424657534246,0.013720090585511241
5,2.4328767123287682,0.020109893161607027
6,3.0273972602739727,0.022467083054485984
7,3.410958904109589,0.024637257764187685
8,3.5452054794520547,0.024839435539736318
9,4.024657534246575,0.024686555865132298
10,4.101369863013699,0.027067732996588312
11,4.638356164383562,0.028909364312848095
12,5.021917808219178,0.029989076916862593
13,5.27123287671233,0.030968971796402067
14,6.345205479452055,0.034065631447977834
15,7.189041095890411,0.03555291419052632
16,7.2465753424657535,0.035843082561057865
17,7.572602739726027,0.03600667675955937
18,8.531506849315068,0.038222898660318805
19,9.873972602739727,0.040823638605678836
20,10.756164383561645,0.041814364248507534
21,12.194520547945206,0.043436500838682425
22,13.70958904109589,0.04577100146257567
23,14.841095890410955,0.04717103701171749
24,16.586301369863012,0.050478424628477216
25,19.693150684931506,0.0502864271860679
