,maturity,rates
0,0.021917808219178082,0.10802047339573348
1,0.3287671232876712,0.013660377099417163
2,0.5589041095890411,0.021703658243705203
3,0.5589051095890412,0.02088285372049482
4,1.2684931506849315,0.038524472420019454
5,1.4219178082191783,0.0413385980837986
6,2.054794520547945,0.049220865090456055
7,2.1726027397260275,0.04987422388471517
8,2.5726027397260283,0.04895699589851106
9,2.6301369863013697,0.054141288376367065
10,3.128767123287671,0.057780412616590934
11,3.3397260273972598,0.060632398703934484
12,3.915068493150685,0.06373820202483299
13,4.375342465753425,0.06565626403852272
14,5.257534246575342,0.06831749287778659
15,5.8712328767123285,0.0704105065285033
16,6.523287671232878,0.07148925026960785
17,7.041095890410959,0.07234045925054923
18,7.597260273972603,0.07413674780229865
19,11.068493150684931,0.07710924749347357
20,12.027397260273972,0.07840384593572503
21,20.082191780821926,0.08021419800609676
