,maturity,rates
0,0.38904109589041097,0.1634251670146472
1,0.5041095890410959,0.04738255475191282
2,1.021917808219178,0.07283309203779226
3,1.5589041095890408,0.06307604183254346
4,1.5589051095890407,0.08619559280771516
5,2.2684931506849315,0.10364526081278777
6,2.4219178082191783,0.10656965380403204
7,3.054794520547945,0.11278206379904715
8,3.1726027397260275,0.11353080807916778
9,3.5726027397260283,0.09333114105198308
11,4.339726027397258,0.11748090877049015
12,4.9150684931506845,0.12072871342034665
13,5.375342465753425,0.12168943793963705
14,6.257534246575342,0.12053639698599312
15,6.8712328767123285,0.1009905207932706
16,7.523287671232878,0.11737716469414075
17,8.04109589041096,0.11565168572194527
18,8.597260273972603,0.11456926983245895
19,12.068493150684931,0.11602612644640445
20,13.027397260273972,0.11599352563155114
