,maturity,rates
1,0.9753424657534246,0.03703535278161984
2,0.9753434657534248,0.03635019099875531
3,1.6849315068493151,0.051318639322694974
4,1.8383561643835613,0.05313564561774165
5,2.4712328767123286,0.061232105512891176
6,2.589041095890411,0.0619769581446435
7,2.989041095890411,0.06227333495894236
8,3.0465753424657533,0.05924673997972095
9,3.5452054794520547,0.06925153947901072
10,3.7561643835616434,0.07105700818729341
11,4.331506849315068,0.07389168871146476
12,4.791780821917809,0.07582804312291483
13,5.6739726027397275,0.07871243060625761
14,6.287671232876713,0.07784293992072375
15,6.93972602739726,0.08274502721449999
16,7.457534246575342,0.08436940951307076
17,7.9369863013698625,0.08588819067024057
18,8.013698630136986,0.08464868502600077
19,11.484931506849316,0.08766034547279017
20,12.443835616438355,0.08907566774786098
21,20.4986301369863,0.09191438374583903
