,maturity,rates
1,0.8986301369863013,0.017002811611125684
2,1.356164383561644,0.020674753741947133
3,2.0657534246575344,0.028895643586794726
4,2.6410958904109587,0.03282428404284792
5,3.1013698630136988,0.03541518354453062
6,3.9835616438356163,0.03924240164432167
7,4.328767123287672,0.04019020487778382
8,4.597260273972604,0.03852593268809458
9,5.249315068493153,0.043177941928340347
10,5.632876712328768,0.04452849847692463
11,5.767123287671232,0.04497134453701322
12,6.323287671232878,0.04647673266995607
13,9.41095890410959,0.052163027699453836
14,9.794520547945208,0.0514725261303993
15,10.753424657534246,0.05523249583533494
16,14.416438356164385,0.058213810571020874
17,15.931506849315069,0.060495204750480085
18,18.808219178082194,0.06328110726074955
