,maturity,rates
0,0.2547945205479452,0.0672733883099801
1,0.7150684931506849,0.007081388975637394
2,1.5972602739726027,0.01342774788505369
3,1.9424657534246568,0.01578634616807946
4,2.2109589041095887,0.011528523727871227
5,2.2684931506849315,0.017549584096241015
6,2.863013698630137,0.020392274336671568
7,3.246575342465753,0.021927389413116314
8,3.38082191780822,0.02268030124412319
9,3.8602739726027404,0.022048259026915432
10,3.936986301369863,0.024907545046318008
11,4.473972602739726,0.02692281821115376
12,4.857534246575343,0.027792115002680584
13,5.1068493150684935,0.02832261091057172
14,5.9506849315068475,0.012068989826837913
15,6.1808219178082195,0.031682898818623816
16,7.024657534246575,0.03304982312189264
17,7.082191780821918,0.033265169672907456
18,7.4082191780821915,0.03408992828612074
19,8.367123287671232,0.03596481191771755
20,9.70958904109589,0.03870678169305068
21,9.997260273972604,0.027613108417241048
22,10.591780821917807,0.040443507687001716
23,12.03013698630137,0.04175572969469301
24,13.545205479452054,0.0443521778009923
25,14.676712328767126,0.04563766948892233
26,16.421917808219174,0.04802342276290037
27,19.528767123287672,0.04888709230680762
