,maturity,rates
1,0.7150684931506849,0.012463528900206643
2,1.1726027397260277,0.014955319570141413
3,1.8821917808219173,0.026089555408957618
4,2.4575342465753423,0.03036404969177098
5,2.9178082191780823,0.03337070371415226
6,3.8,0.03764511466904006
7,4.145205479452055,0.039075282214128884
8,4.413698630136986,0.03643414799098027
9,5.065753424657534,0.041787821718666684
10,5.449315068493153,0.04346933045200434
11,5.583561643835616,0.04372737705418967
12,6.0630136986301375,0.04454944978421616
13,6.139726027397258,0.04496095814432535
14,7.30958904109589,0.04819273815367615
15,9.227397260273973,0.050802962241246766
16,9.610958904109587,0.04935431546360992
17,10.56986301369863,0.05266969771870456
18,14.232876712328768,0.0563718292669826
19,15.747945205479452,0.059128983745676836
20,18.624657534246573,0.0610954930239407
