,maturity,rates
1,1.03013698630137,0.03797478827074713
2,1.7397260273972603,0.051871556126619575
3,1.8931506849315067,0.05406586044755175
4,2.526027397260274,0.06182253078119484
5,2.643835616438356,0.06294350636381564
6,3.810958904109589,0.07119302322716832
7,4.3863013698630136,0.073884653179803
8,4.846575342465753,0.07420517971157714
9,5.728767123287669,0.07760123850523958
10,6.342465753424658,0.07684657827033152
11,7.512328767123287,0.08241181190369662
12,8.068493150684931,0.08353688091988827
13,11.539726027397261,0.08590093831724896
14,12.498630136986305,0.08693052760177103
15,20.553424657534247,0.08647730908625642
