,maturity,rates
1,1.4054794520547946,0.015423125538330659
2,1.8657534246575345,0.019191313666839672
3,2.7479452054794518,0.02437424918538454
4,3.0931506849315067,0.025992848752214682
5,3.3616438356164378,0.02229484696791535
6,3.419178082191781,0.02848906476670036
7,4.013698630136987,0.030082068227690575
8,4.397260273972603,0.032180211060897614
9,4.531506849315068,0.03198351133528175
10,5.0109589041095886,0.03298904181180797
11,5.087671232876712,0.033948702109115166
12,5.624657534246575,0.03657768457302449
13,6.257534246575342,0.03815417470972127
14,8.175342465753424,0.04246051504423615
15,8.558904109589042,0.04279888869696721
16,9.517808219178082,0.044616841631305866
17,10.860273972602739,0.04788208399978538
18,13.18082191780822,0.05002777929169284
19,14.695890410958905,0.05157816373132111
20,15.82739726027397,0.05342619146971258
21,17.572602739726026,0.054215750132463936
