,maturity,rates
1,0.6657534246575343,0.029735002561104906
2,0.8958904109589041,0.03510256163468177
3,0.8958914109589041,0.035505995311265304
4,1.6054794520547946,0.05162634094002359
5,1.7589041095890412,0.0539176200832984
6,2.3917808219178083,0.06318657902228779
7,2.5095890410958903,0.06344789828515154
8,2.9095890410958902,0.06283541715065141
9,3.4657534246575343,0.07281457049121508
10,3.676712328767124,0.07396235323619976
11,4.252054794520548,0.07693411550001696
12,4.712328767123288,0.07938894135449504
13,5.594520547945206,0.08180163731375102
14,6.208219178082192,0.07994776832524984
15,6.860273972602742,0.08643743751874967
16,7.3780821917808215,0.08641030124599415
17,7.857534246575343,0.0869583826717919
18,7.934246575342466,0.08753529273702355
19,11.405479452054793,0.09038886967255423
20,12.364383561643837,0.09144331409880901
21,20.41917808219178,0.09655915261492112
