,maturity,rates
1,1.1917808219178083,0.0128022773780445
2,2.0739726027397256,0.019842877943649882
3,2.419178082191781,0.02260681938956921
4,2.6876712328767125,0.01838282840324387
5,2.7452054794520557,0.02433465724033365
6,3.3397260273972598,0.02788667246604546
7,3.723287671232877,0.029540322332253382
8,3.857534246575343,0.03041143945010174
9,4.336986301369863,0.030752053575902417
10,4.413698630136986,0.03259625835877798
11,4.9506849315068475,0.034928342692177906
12,5.583561643835616,0.03622439852149633
13,7.501369863013696,0.04067709967802115
14,7.558904109589043,0.04197843025417277
15,7.884931506849315,0.041955431044510265
16,8.843835616438358,0.044432513939912884
17,10.186301369863012,0.04719003615227925
18,12.506849315068493,0.049629132233260966
19,14.02191780821918,0.05161259390385165
20,15.153424657534249,0.05390904817512996
21,16.898630136986302,0.0561566393902003
