,maturity,rates
1,0.5342465753424658,0.04635229213520672
2,0.5917808219178082,0.04704344023376147
3,1.0520547945205478,0.05770553788112776
4,1.167123287671233,0.05830833002614585
5,1.6849315068493151,0.06562949996339905
6,1.9917808219178081,0.06787669827078195
7,2.221917808219178,0.06963248458710385
8,2.2219188082191783,0.06964393583207845
9,2.9315068493150687,0.07325905352286753
10,3.084931506849315,0.07625711274354098
11,3.7178082191780817,0.07553569999062162
12,3.8356164383561633,0.07283672731106096
13,4.235616438356163,0.07926931028357974
14,5.0027397260273965,0.07433403615011298
15,5.578082191780823,0.0776686913273427
16,6.038356164383561,0.07840897334330724
17,6.9205479452054774,0.08100436432009234
18,7.534246575342466,0.0815685095823532
19,8.186301369863013,0.08576891418430344
20,8.704109589041098,0.08160684568807143
21,9.260273972602741,0.08211393951436334
22,12.731506849315071,0.08352169617732982
23,13.69041095890411,0.08455629011985677
