,maturity,rates
1,0.6328767123287671,0.04791456606550679
2,0.6904109589041096,0.05181713316852905
3,1.1506849315068493,0.06017760338872408
4,1.2657534246575342,0.06107496233862925
5,1.7835616438356163,0.0663153779667258
6,2.32054794520548,0.06801633685349243
7,3.03013698630137,0.07157981986658572
8,3.1835616438356165,0.07169398529718861
9,3.816438356164384,0.07262762594033985
10,3.9342465753424656,0.0721952563531833
11,5.101369863013699,0.07654296637304712
12,5.676712328767122,0.07722488181840577
13,6.136986301369863,0.07952152094906156
14,7.019178082191781,0.08051186056381188
15,7.632876712328768,0.08793275510828431
16,8.284931506849315,0.08179225992391129
17,8.802739726027399,0.08265759779801468
18,9.358904109589039,0.08321084882859045
19,12.830136986301367,0.08472450570046944
20,13.789041095890413,0.08494482442742353
