,maturity,rates
1,0.8575342465753425,0.008853046821817638
2,1.7397260273972603,0.015577028579956353
3,2.084931506849315,0.017621428117330137
4,2.3534246575342466,0.013389905249168494
5,2.410958904109589,0.01984283703651861
6,3.0054794520547947,0.022570227530878315
7,3.389041095890412,0.02441115504122725
8,3.5232876712328767,0.024741961909772514
9,4.002739726027397,0.024397041340500872
10,4.079452054794522,0.02692652115421996
11,4.616438356164384,0.028959435537280805
12,5.0,0.030038309632909963
13,5.249315068493153,0.03098957585880543
14,6.323287671232878,0.033978533163140666
15,7.167123287671232,0.03558968863558245
16,7.224657534246575,0.03583042752692393
17,7.550684931506847,0.036078011582334674
18,8.509589041095893,0.03832831081699988
19,9.852054794520548,0.041063012342017056
20,10.734246575342468,0.041981318118365966
21,12.17260273972603,0.043383321499560895
22,13.687671232876713,0.04641257694693975
23,14.81917808219178,0.047349175765635236
24,16.564383561643837,0.0502694570957826
25,19.671232876712327,0.0503020333520187
