,maturity,rates
1,0.9260273972602739,0.01871847783476863
2,1.3835616438356164,0.02152481822009726
3,2.0931506849315067,0.03068464406973542
4,2.6684931506849314,0.03436974241034327
5,3.128767123287671,0.0364449221130313
6,4.0109589041095886,0.03969205739659946
7,4.3561643835616435,0.04182760157762985
8,4.624657534246575,0.03964418524675603
9,5.276712328767124,0.044181517476346265
10,5.660273972602742,0.04571768252003065
11,5.794520547945205,0.046286241657047186
12,6.35068493150685,0.048429721449233146
13,9.438356164383563,0.05402341283005108
14,9.821917808219178,0.05294389478286171
15,10.780821917808215,0.055755052717474614
16,14.443835616438355,0.059633298781974424
17,15.958904109589039,0.061739273731103064
18,18.835616438356173,0.06423579604408274
