,maturity,rates
1,1.3095890410958904,0.009402061595946582
2,1.6547945205479453,0.011495538063103246
3,1.9232876712328768,0.00673816095090993
4,1.9808219178082191,0.013531509674215993
5,2.5753424657534247,0.01586462470900716
6,2.958904109589041,0.01769059031475834
7,3.0931506849315067,0.01781455183226448
8,3.5726027397260283,0.01752708020869872
9,3.649315068493152,0.020086094714539385
10,4.186301369863013,0.0223629743252716
11,4.569863013698631,0.02333860913901627
12,4.8191780821917805,0.02431545854819369
13,5.663013698630137,0.013622533918075207
14,5.8931506849315065,0.027417638432302643
15,6.736986301369862,0.02883865283380936
16,6.794520547945205,0.02920055738080583
17,7.120547945205479,0.029405067245578675
18,7.791780821917808,0.031587801587816905
19,8.079452054794519,0.031475592503331
20,9.421917808219176,0.03404516541819814
21,9.70958904109589,0.02637742835652293
22,10.304109589041095,0.035192616768731436
23,11.742465753424652,0.03649138826804479
24,13.257534246575348,0.03921279529560975
25,14.389041095890413,0.040541471408258783
26,16.134246575342466,0.04368303764822009
27,19.24109589041096,0.04385262702339293
