,maturity,rates
1,0.821917808219178,0.009275413610612541
2,1.5315068493150683,0.01957254239126189
3,2.106849315068493,0.024233123007810074
4,2.5671232876712327,0.027110458198847418
5,3.4493150684931506,0.032077055492303136
6,3.7945205479452055,0.03358658748277247
7,4.063013698630137,0.03089933694954622
8,4.120547945205479,0.03523763023084731
9,4.715068493150685,0.03666286253351713
10,5.0986301369863005,0.03832453756797942
11,5.232876712328767,0.03883630359191795
12,5.712328767123287,0.04012313745956127
13,5.789041095890411,0.04022883103846353
14,6.958904109589041,0.04460553450447742
15,8.876712328767123,0.047164185247018695
16,9.260273972602741,0.04741706042746885
17,10.219178082191783,0.04915518902183372
18,13.882191780821914,0.0530949679218799
19,15.397260273972602,0.05590307865575822
20,18.27397260273973,0.05853508939985541
