,maturity,rates
0,0.3123287671232877,0.06414399618485563
1,0.3698630136986301,0.0044798109327794855
2,0.8684931506849315,0.010707086424382969
3,0.9260273972602739,0.011102637576568705
4,1.0794520547945206,0.012856356085549678
5,1.6547945205479453,0.017897507696856524
6,2.115068493150685,0.021414069865581486
7,2.9972602739726018,0.025995157954046614
8,3.3424657534246576,0.028297755471748124
9,3.6109589041095886,0.024373003764881013
10,3.6684931506849314,0.02942393078328568
11,4.263013698630137,0.03161178812906077
12,4.646575342465753,0.03279482786643943
13,4.780821917808218,0.03360988135346274
14,5.2602739726027385,0.03433586624815445
15,5.336986301369863,0.035178038934616615
16,5.873972602739726,0.03773500778168827
17,6.506849315068492,0.038729335600212765
18,8.273972602739725,0.08291722093927757
19,8.424657534246576,0.040707394655282766
20,8.808219178082194,0.041060390521340175
21,9.767123287671232,0.04380102257999848
22,11.10958904109589,0.04618764692916758
23,11.397260273972602,0.033154339879702316
24,13.43013698630137,0.04792220651107012
25,14.945205479452055,0.05098446412092887
26,16.076712328767126,0.05257340082902081
27,17.82191780821918,0.053063700728109536
