,maturity,rates
1,0.8109589041095892,0.0209107935048424
2,1.4438356164383561,0.03016328687235245
3,1.5616438356164384,0.03099335834438615
4,1.9616438356164383,0.030774852058336005
5,2.0191780821917806,0.034398343062477715
6,2.5178082191780824,0.039919689761655545
7,2.5753424657534247,0.03230253918252636
8,2.7287671232876707,0.04215418738056035
9,3.304109589041096,0.04556400646217005
10,3.7643835616438364,0.047566276887483584
11,4.646575342465753,0.05013004815148275
12,4.991780821917809,0.051344813468868815
13,5.2602739726027385,0.04897690073205418
14,5.912328767123287,0.054202362063803584
15,6.4301369863013695,0.055134886090991764
16,6.986301369863014,0.055478579797500385
17,10.073972602739726,0.059725090226776925
18,10.45753424657534,0.06006350765211098
19,11.416438356164385,0.0613890125753679
20,15.079452054794519,0.06481673650791757
21,19.471232876712328,0.06934540955046084
