,maturity,rates
1,1.1315068493150684,0.01351119049390331
2,1.5917808219178082,0.017832037436471476
3,2.473972602739726,0.02521316483378114
4,2.8191780821917813,0.027588599884777017
5,3.0876712328767124,0.022828136293732967
6,3.1452054794520548,0.0292390737524371
7,3.73972602739726,0.031930605897239873
8,4.123287671232877,0.033840087939630836
9,4.257534246575342,0.0346427250363339
10,4.736986301369863,0.034416107765916366
11,4.813698630136988,0.036830651560860544
12,5.35068493150685,0.039682619401672906
13,5.983561643835618,0.037854868136438125
14,7.9013698630136995,0.04643416705342078
15,8.284931506849315,0.046763905085197406
16,9.243835616438355,0.04891992020839344
17,10.586301369863014,0.05143088191314602
18,12.906849315068493,0.054091921160168095
19,14.421917808219176,0.05579472129701951
20,15.553424657534249,0.05654678873150092
21,17.2986301369863,0.057780406659136585
