,maturity,rates
1,0.5808219178082191,0.027055738765429414
2,0.8876712328767123,0.0369905012133907
3,1.1178082191780825,0.029508478608922417
4,1.1178092191780824,0.04287782209166091
5,1.8273972602739723,0.050928308661158314
6,1.9808219178082191,0.05801614341154729
7,2.6136986301369864,0.06426174031486606
8,2.7315068493150685,0.06612708525999086
9,3.1315068493150684,0.06870813334647369
10,3.1890410958904107,0.06863167949307414
11,3.6876712328767125,0.07384661602249787
12,4.473972602739726,0.07582046829301604
13,5.816438356164384,0.08135414854472306
14,6.4301369863013695,0.08276924962470042
15,7.082191780821918,0.08373354293348002
16,7.6,0.08407431825069059
17,8.156164383561642,0.08427447602801291
18,11.627397260273971,0.08802923838566425
19,12.586301369863017,0.0882474084142373
20,20.641095890410966,0.09170947496092516
