,maturity,rates
0,0.019178082191780826,0.06308780448052399
1,0.9013698630136986,0.005609389146436179
2,1.2465753424657535,0.007256795731364272
3,1.515068493150685,0.006564275799093472
4,1.5726027397260274,0.00873709483187596
5,2.1671232876712327,0.010912851423773351
6,2.5506849315068494,0.012143371472233495
7,2.684931506849315,0.012738176632680577
8,3.1643835616438367,0.013532164026913058
9,3.2410958904109592,0.014560841244692474
10,3.3753424657534246,0.014991979772072131
11,3.778082191780822,0.016235112593373388
12,4.161643835616438,0.01758557091018725
13,4.410958904109589,0.01804232016784164
14,5.2547945205479465,-0.006696674859110045
15,5.484931506849315,0.017991941413217326
16,6.178082191780822,0.05993109728243741
17,6.328767123287673,0.022127455940164853
18,6.3863013698630136,0.02221144952038201
19,6.712328767123287,0.022710116499513173
20,7.383561643835616,0.02508376598620069
21,7.671232876712327,0.025056010379895136
22,9.013698630136986,0.027468396284821187
23,9.301369863013699,0.0008403477207974058
24,9.895890410958904,0.029339536793429925
25,11.334246575342464,0.0313466219503374
26,12.849315068493151,0.033450275207196116
27,13.980821917808221,0.03385662040933449
28,15.169863013698633,0.03595334082187879
29,15.726027397260275,0.03690454949782844
30,18.832876712328765,0.038206226400811484
