,maturity,rates
0,0.2136986301369863,0.09494045749131567
1,0.2136996301369863,0.007460208035535075
2,0.9232876712328768,0.02502481786882343
3,1.0767123287671232,0.027356273508226708
4,1.7095890410958905,0.03665896316161809
5,1.8273972602739723,0.0375485759497801
6,2.2273972602739724,0.03762028411521457
7,2.2849315068493152,0.038934210383713135
8,2.7835616438356166,0.04582585513759774
9,2.84109589041096,0.04051193419051093
10,2.9945205479452053,0.04699306582107681
11,3.5698630136986296,0.05014121031129743
12,4.03013698630137,0.05224431274091984
13,4.912328767123288,0.055280215064854636
14,5.257534246575342,0.0567090824724376
15,5.526027397260274,0.052497741649262575
16,6.178082191780822,0.05898230376566808
17,6.695890410958903,0.05977773338924858
18,7.175342465753426,0.061175019813372825
19,7.252054794520547,0.06122703605937989
21,10.723287671232876,0.04738022030170855
22,11.682191780821919,0.05134354975779891
23,15.345205479452055,0.057693909691282026
24,19.736986301369864,0.061732612398749914
