,maturity,rates
1,0.25205479452054796,0.020581012599095245
2,0.7123287671232876,0.0408744693996925
3,0.8273972602739726,0.04389626600791168
4,1.3452054794520547,0.05407869086024529
5,1.652054794520548,0.06083489413699485
6,1.8821917808219173,0.054992792328284405
7,1.8821927808219172,0.06560288611195803
8,2.591780821917808,0.07110614907594129
9,2.7452054794520557,0.07217392459385606
10,3.378082191780821,0.07642375753017414
11,3.495890410958904,0.07675537109897168
12,3.895890410958904,0.07801546012182026
13,4.663013698630137,0.0802470180916309
14,5.238356164383561,0.08365001667369032
15,5.698630136986301,0.08004877589143425
16,6.580821917808219,0.0819899015342942
17,7.1945205479452055,0.08517607870443529
18,7.846575342465752,0.08362811356380853
19,8.364383561643837,0.09002723478185652
20,8.920547945205481,0.08455635131907474
21,12.391780821917806,0.08597737809803974
22,13.350684931506851,0.08690712707552073
23,21.405479452054795,0.08776523668350539
