,maturity,rates
1,0.9150684931506852,0.03658930836955058
2,1.6246575342465754,0.05246144474680752
3,1.7780821917808218,0.05547705237290924
4,2.410958904109589,0.06378872434085918
5,2.5287671232876714,0.06418579308008575
6,3.695890410958904,0.07429215960285836
7,4.271232876712329,0.07692926093787036
8,4.7315068493150685,0.07947680833132417
9,5.613698630136986,0.08102343233688973
10,6.8794520547945215,0.0862295640660282
11,7.397260273972603,0.08742310822774191
12,7.953424657534247,0.08277467771834339
13,11.424657534246574,0.09135060561043204
14,12.383561643835616,0.0922052124126371
15,20.438356164383567,0.09620406271270047
