,maturity,rates
1,0.4657534246575342,0.016950802774253697
2,0.4657544246575342,0.016592308497049152
3,1.1753424657534246,0.03353457975111602
4,1.3287671232876712,0.036396384563389
5,1.9616438356164383,0.04547140870660209
6,2.0794520547945203,0.04590693992250594
7,2.4794520547945207,0.04706074323440036
8,2.536986301369863,0.04918833063857474
9,3.0356164383561643,0.05475406961431967
10,3.0931506849315067,0.04490625587485321
11,3.246575342465753,0.057246281570721286
12,3.8219178082191783,0.06072009402600272
13,4.282191780821917,0.06314257177327817
14,5.1643835616438345,0.06600175612057325
15,5.5095890410958885,0.06731747680092838
16,5.778082191780823,0.06408899919634285
17,6.4301369863013695,0.07042880090809787
18,6.947945205479453,0.07184302967380886
19,7.427397260273973,0.07220106196853412
20,7.504109589041097,0.07255407934238597
21,10.975342465753425,0.0757130848727709
22,11.934246575342465,0.07792547894001774
23,19.98904109589041,0.08403326672614088
