,maturity,rates
0,0.03287671232876712,-0.1247423030000398
1,0.16712328767123288,0.002255604011667916
2,0.22465753424657534,0.0010846871139907248
3,0.3780821917808219,0.00496321131285836
4,0.9534246575342464,0.01123456827538454
5,1.4136986301369865,0.015946702034786615
6,2.2958904109589042,0.022851378318710112
7,2.6410958904109587,0.025180877786998745
8,2.9095890410958902,0.020613163992269208
9,2.967123287671233,0.027896288682030597
10,3.5616438356164384,0.030226946249614892
11,3.945205479452055,0.032890785447946776
12,4.079452054794522,0.033230048021960334
13,4.558904109589041,0.03205039928108113
14,4.635616438356164,0.035767630277487965
15,5.172602739726028,0.038290266252352746
16,5.8054794520547945,0.04018622074478312
17,6.64931506849315,0.01622692591297649
18,7.7232876712328755,0.04593342278788831
19,8.10684931506849,0.0471719681541095
20,9.065753424657537,0.04932901009329805
21,10.408219178082193,0.05200057773114131
22,12.728767123287673,0.053526744694492666
23,14.243835616438355,0.05566532680553362
24,15.375342465753427,0.057764503927881426
25,17.12054794520548,0.0588832713769292
