,maturity,rates
1,0.3205479452054795,0.013401369455030178
2,0.5506849315068493,0.0210738712681006
3,0.5506859315068493,0.020395315592290846
4,1.2602739726027397,0.037712144023670964
5,1.4136986301369865,0.04013503173696659
6,2.0465753424657533,0.04817989509726293
7,2.164383561643836,0.04958762793896481
8,2.5643835616438357,0.04890150888389208
9,2.6219178082191785,0.05106412406231705
10,3.1205479452054794,0.05856928258196247
11,3.3315068493150686,0.061000890228804734
12,3.906849315068493,0.06479790712772238
13,4.367123287671233,0.06720481157719732
14,5.249315068493153,0.07017274016926607
15,5.863013698630137,0.06687797612472149
16,6.515068493150685,0.07366213016108357
17,7.032876712328767,0.07517845890442894
18,7.512328767123287,0.07461382654712895
19,7.589041095890411,0.07625348669434859
20,11.06027397260274,0.08033302872368671
21,12.019178082191779,0.08159273342191083
22,20.073972602739726,0.08032981911537974
