,maturity,rates
1,0.5753424657534246,0.04502755159040376
2,1.0356164383561643,0.05623180197534936
3,1.1506849315068493,0.05838318954614425
4,1.6684931506849314,0.06405922849664522
5,2.2054794520547945,0.0682998272717689
6,2.915068493150685,0.07175617330774113
7,3.068493150684932,0.07174887179292475
8,3.7013698630136975,0.07371569920819589
9,3.819178082191781,0.07403640292595895
10,4.986301369863012,0.06768016869300157
11,5.561643835616438,0.07705063439964666
12,6.021917808219178,0.07858437459944101
13,6.904109589041097,0.08069676880140343
14,7.5178082191780815,0.08218713996947002
15,8.169863013698631,0.07947600655329858
16,8.687671232876713,0.0804274222434324
17,9.243835616438355,0.08081774837429
18,12.715068493150685,0.08242399116334595
19,13.673972602739726,0.08300996348938489
20,21.72876712328768,0.08952690259395707
