,maturity,rates
0,1.0328767123287672,0.05845583108829973
1,1.378082191780822,0.057993657253991415
2,1.6465753424657534,0.05599590340528735
3,1.704109589041096,0.060875849438811934
4,2.2986301369863016,0.061089151023996716
5,2.682191780821918,0.06290316033260693
6,2.8164383561643835,0.06314820089722652
7,3.295890410958904,0.06301218791134916
8,3.3726027397260268,0.0642060388235946
9,3.506849315068493,0.06037601517009584
10,3.90958904109589,0.06447183545102582
11,4.293150684931507,0.06479481737864445
12,4.542465753424658,0.06436780099245057
13,5.616438356164384,0.0654014185918863
14,6.4602739726027405,0.0658776566342391
15,6.5178082191780815,0.06680446110226321
16,6.843835616438357,0.06454837517050606
17,7.515068493150685,0.0652512952639041
18,7.802739726027397,0.06603435457592925
19,9.145205479452057,0.06635682389854881
20,10.027397260273974,0.06716873114925274
21,11.465753424657533,0.06671344128936108
22,12.980821917808221,0.06751692670895926
23,14.112328767123287,0.06758874341803708
24,15.857534246575346,0.07409679629153806
25,18.964383561643835,0.06843234901302764
