,maturity,rates
0,0.3643835616438356,0.14606939838019456
1,0.4794520547945205,0.043835164222812126
2,0.9972602739726028,0.04923899845470548
3,1.3041095890410959,0.07875384423315389
4,1.5342465753424657,0.06985018576806536
5,1.5342475753424656,0.08220991518989887
6,2.243835616438356,0.09461703726506852
7,2.3972602739726026,0.0972429102298031
8,3.03013698630137,0.10269969033182637
9,3.1479452054794512,0.10470949955632344
10,4.161643835616438,0.12206911468285946
11,4.315068493150685,0.10995871199191573
12,4.890410958904108,0.11279223112276406
13,5.35068493150685,0.1150176866131618
14,6.232876712328768,0.11409642477680075
15,6.846575342465752,0.11063630204100801
16,7.498630136986303,0.114174437560752
17,8.016438356164384,0.11363982600275276
18,8.495890410958904,0.1083383638055231
19,8.572602739726028,0.112567644085958
20,10.586301369863014,0.099206193134723
21,12.043835616438356,0.1113236934378906
22,13.002739726027393,0.11409196625170814
24,21.057534246575344,0.09418506835023492
