,maturity,rates
0,0.0821917808219178,0.10010839231272302
1,0.0821927808219178,0.0034583498032095465
2,0.7917808219178082,0.02207579613559623
3,0.9452054794520548,0.02515005769625707
4,1.5780821917808217,0.033702517247364346
5,1.6958904109589041,0.03441475733186362
6,2.095890410958904,0.033938158830321266
7,2.652054794520548,0.04261710306831809
8,2.7095890410958905,0.03507446852539225
9,2.863013698630137,0.04447523322158669
10,3.4383561643835616,0.04698588799519534
11,3.8986301369863017,0.049158056196213884
12,4.780821917808218,0.051206929546263616
13,5.126027397260274,0.0524900996306369
14,5.394520547945207,0.0512380049805942
15,6.0465753424657525,0.0543935291558488
16,6.5643835616438375,0.055447439293513714
17,7.043835616438358,0.05646101193040121
18,7.120547945205479,0.05652495674679564
19,9.134246575342466,0.06505544713534839
20,10.591780821917807,0.059548400192286875
21,11.550684931506849,0.06107010247223212
22,15.213698630136989,0.06475907840226293
23,19.6054794520548,0.07027758835614131
