,maturity,rates
1,0.8602739726027397,0.010437233007441938
2,1.3205479452054794,0.015082579948875732
3,2.202739726027397,0.021511340523635042
4,2.547945205479452,0.023461935961207003
5,2.8164383561643835,0.01930842030144508
6,2.8739726027397263,0.02572887630489281
7,3.4684931506849317,0.029095799830236
8,3.8520547945205488,0.030777699271271764
9,3.9863013698630136,0.03152541730809253
10,4.465753424657534,0.03159981333915278
11,4.542465753424658,0.03330162038409338
12,5.079452054794522,0.03539306843934173
13,5.712328767123287,0.037414458320773135
14,7.63013698630137,0.04180622357392277
15,8.013698630136986,0.04238823606668144
16,8.972602739726025,0.045215277806717996
17,10.315068493150683,0.04773820258912674
18,12.635616438356163,0.049797197864502665
19,14.150684931506849,0.05185708125339085
20,15.282191780821915,0.05402665869360602
21,17.027397260273972,0.05535199572033817
