,maturity,rates
0,0.07945205479452055,0.05894589057441536
1,0.4794520547945205,0.0062807968616665965
2,0.536986301369863,0.003914033859009602
3,1.0356164383561643,0.011927088324096443
4,1.0931506849315071,0.007406326859673813
5,1.2465753424657535,0.01427641383182754
6,1.8219178082191785,0.01894688373536088
7,2.282191780821918,0.021887996843144658
8,3.1643835616438367,0.026434861702495087
9,3.5095890410958903,0.027497865378810875
10,3.778082191780822,0.02580171794584316
11,3.8356164383561633,0.029479243262995343
12,4.4301369863013695,0.031446066563298264
13,4.813698630136988,0.03282614916949096
14,4.947945205479452,0.03308549467203183
15,5.504109589041097,0.034467462202326486
16,6.6739726027397275,0.0384775120731096
17,8.591780821917808,0.04221041747900987
18,8.975342465753425,0.039063496218957175
19,9.934246575342463,0.04510511453155043
20,13.597260273972607,0.04941831539705669
21,15.112328767123287,0.05181410233240813
22,17.98904109589041,0.05120336737917293
