,maturity,rates
1,0.7506849315068493,0.013376169536176818
2,1.1506849315068493,0.01180087963863512
3,1.2082191780821918,0.016269591843115234
4,1.5726027397260274,0.017965639028989018
5,1.7068493150684931,0.024223183639632776
6,1.7643835616438357,0.020862064206962475
7,1.9178082191780816,0.026366904841732555
8,2.4931506849315066,0.024948309990243916
9,2.9534246575342467,0.033287166608544895
10,3.8356164383561633,0.037792079151722884
11,4.18082191780822,0.03846319847370932
12,4.449315068493152,0.03651142873532865
13,5.101369863013699,0.041469838312735034
14,5.484931506849315,0.039898731247493366
15,5.619178082191781,0.04355372924248502
16,6.0986301369863005,0.043190894870058
17,6.175342465753426,0.04480643875155777
18,7.345205479452055,0.04818082994869628
19,9.263013698630136,0.05073220176859164
20,9.646575342465754,0.049317548322936035
21,10.605479452054793,0.05230567690808908
22,14.268493150684929,0.05609994761636307
23,15.783561643835617,0.05887423714445925
24,18.660273972602734,0.061046285919517135
