,maturity,rates
0,0.06027397260273973,0.06110770030548807
1,0.4986301369863014,-0.042856242887694115
2,0.7671232876712328,0.05471035359772137
3,1.2849315068493148,0.058616689525190474
4,1.4,0.056997805605486174
5,1.9178082191780816,0.06190238829550046
6,2.2246575342465755,0.06422821565258807
7,2.4547945205479453,0.06585402383945588
8,2.454795520547945,0.06536823934560723
9,3.1643835616438367,0.069934038552438
10,3.3178082191780818,0.0700907595733804
11,3.9506849315068484,0.07125595149642787
12,4.068493150684931,0.07179066350290228
13,4.468493150684932,0.07930632553220215
14,5.235616438356164,0.07570094577554626
15,5.810958904109589,0.07631646481132047
16,6.271232876712331,0.07651148978042781
17,7.153424657534248,0.07804307897186666
18,7.767123287671232,0.07455078766596904
19,8.419178082191781,0.07958849073864077
20,8.936986301369863,0.07856164684094545
21,9.493150684931509,0.08056249697086103
22,12.964383561643837,0.07466347259381945
23,13.923287671232874,0.08463229467343185
24,15.553424657534249,0.08549946417418859
