,maturity,rates
1,0.8027397260273973,0.00918965135152752
2,1.5123287671232877,0.019373672016270167
3,2.0876712328767124,0.02394379685819819
4,2.547945205479452,0.026941783849857126
5,3.4301369863013704,0.03194323329526428
6,3.775342465753425,0.03352790222132189
7,4.043835616438357,0.03065686540621533
8,4.101369863013699,0.03511793704598072
9,4.695890410958904,0.036737170477308234
10,5.079452054794522,0.03836546984990927
11,5.213698630136986,0.038934994208824916
12,5.693150684931508,0.0411336680982437
13,5.769863013698631,0.04041113504589475
14,6.93972602739726,0.044096668930931
15,8.85753424657534,0.04733897468572658
16,9.24109589041096,0.04757831046697054
17,10.2,0.04937115830680303
18,13.863013698630136,0.05315175739350293
19,15.37808219178082,0.056244490595419104
20,18.254794520547946,0.05806512534804946
