,maturity,rates
0,0.11506849315068493,0.0781650372004913
1,0.1726027397260274,0.01364990450361253
2,0.6328767123287671,0.036841430719260465
3,0.7479452054794521,0.041243917435064135
4,1.2657534246575342,0.05132330774321736
5,1.8027397260273967,0.05538623521995351
6,1.8027407260273969,0.06322936030275987
7,2.512328767123288,0.07007596624799159
8,2.665753424657534,0.07178548875977521
9,3.2986301369863016,0.07424179307293012
10,3.416438356164384,0.07588322346095082
11,4.238356164383561,0.07895610020322909
12,4.583561643835616,0.07989162313952873
13,5.158904109589041,0.0805418331949135
14,6.5013698630136965,0.08359674635561318
15,7.115068493150685,0.08286744285502577
16,7.767123287671232,0.08459528231598826
17,8.284931506849315,0.08528263677775795
18,8.764383561643836,0.0870734907456471
19,8.841095890410957,0.08482861517176746
20,12.312328767123287,0.08678326737210225
21,13.271232876712327,0.08890476890457978
