,maturity,rates
1,1.0493150684931507,0.029045346680872844
2,1.2027397260273969,0.03182858404486672
3,1.8356164383561644,0.03962171139197504
4,1.9534246575342469,0.04090086655269079
5,2.410958904109589,0.044074301375412725
6,3.1205479452054794,0.04967922065728909
7,3.695890410958904,0.05133268849162813
8,4.156164383561643,0.05496072341071642
9,5.038356164383561,0.05764267223105054
10,5.383561643835616,0.06034800809456889
11,6.304109589041097,0.061546071370075325
12,6.821917808219178,0.06310734597360093
13,7.3780821917808215,0.06446816895036539
14,10.849315068493151,0.06872049913256549
15,11.808219178082194,0.06960621088113544
16,15.471232876712325,0.07316912192497159
17,19.863013698630137,0.07840657881452105
