,maturity,rates
1,0.4,0.03315507848554893
2,0.4575342465753425,0.03782196715525718
3,0.9178082191780822,0.04911486649446553
4,1.0328767123287672,0.05080291479857847
5,1.5506849315068494,0.059179633357215926
6,1.8575342465753424,0.06027893392940481
7,2.0876712328767124,0.05944968955221173
8,2.087672232876713,0.06275529717112037
9,2.797260273972603,0.06689129751544358
10,2.9506849315068493,0.06733931841158065
11,3.5835616438356164,0.06871157267385375
12,3.7013698630136975,0.06908014699020848
13,4.868493150684932,0.07162666045018287
14,5.443835616438356,0.07149169870265255
15,5.904109589041097,0.07335968455719367
16,6.786301369863014,0.07394860879528141
17,7.4,0.07703252584190699
18,8.052054794520547,0.07456631631959244
19,8.56986301369863,0.07924303765240458
20,9.04931506849315,0.08021790158301761
21,9.126027397260273,0.07602173029497387
22,12.597260273972607,0.07887916607673835
23,13.556164383561645,0.07970056752005898
24,21.610958904109587,0.08703433903898533
