,maturity,rates
1,1.2410958904109588,0.046824014002788114
2,1.9506849315068493,0.05756608936613768
3,2.104109589041096,0.05998659341968416
4,2.736986301369863,0.06576165750369625
5,2.854794520547945,0.06678999475964989
6,3.3123287671232875,0.06964472795831128
7,4.021917808219178,0.07427095233326382
8,4.597260273972604,0.07735400361349025
9,5.057534246575343,0.0758483795852325
10,5.93972602739726,0.08034631436329834
11,6.553424657534246,0.08387894983690883
12,7.205479452054795,0.0833803918277319
13,8.202739726027398,0.08876866677212808
14,8.279452054794518,0.08303702645322751
15,11.75068493150685,0.08493886804000332
16,12.70958904109589,0.08764858734988387
17,20.76438356164384,0.09432077955796243
