,maturity,rates
1,1.1369863013698631,0.013519551397377145
2,1.5972602739726027,0.017715484083176226
3,2.4794520547945207,0.025180599364681918
4,2.824657534246575,0.0273416854870844
5,3.0931506849315067,0.022517749601697917
6,3.150684931506848,0.029239073752437124
7,3.7452054794520553,0.03204361484218436
8,4.1287671232876715,0.033938953908145116
9,4.263013698630137,0.03451205808051055
10,4.742465753424658,0.03483095462927145
11,4.8191780821917805,0.03662359448625014
12,5.3561643835616435,0.03938894797081017
13,5.9890410958904114,0.04070273519144192
14,7.9068493150684915,0.04589589809422427
15,8.29041095890411,0.04643665086178795
16,9.24931506849315,0.04858880253357595
17,10.591780821917807,0.05111997039993705
18,12.912328767123284,0.05381906169938196
19,14.427397260273972,0.05561710044478154
20,15.558904109589042,0.056454886374626936
21,17.304109589041094,0.05808948968053417
