,maturity,rates
1,0.2821917808219178,0.02332713175503717
2,0.7424657534246575,0.0423243663013881
3,0.8575342465753425,0.04475318873425176
4,1.3753424657534246,0.056249431468094406
5,1.9123287671232883,0.05909618575857047
6,2.6219178082191785,0.07140300629522002
7,2.7753424657534245,0.0720302470565211
8,3.408219178082192,0.07537011535664262
9,4.693150684931507,0.07880502508931855
10,5.2684931506849315,0.07988864807958455
11,5.728767123287669,0.08030149529803149
12,7.224657534246575,0.08311722256540617
13,7.876712328767122,0.08263488447404584
14,8.394520547945206,0.08307060695010107
15,8.95068493150685,0.08329668939770925
16,12.421917808219176,0.08442536001810655
17,13.38082191780822,0.08609723709942667
18,21.435616438356163,0.08856657055350901
