,maturity,rates
1,1.5315068493150683,0.01621816714267121
2,1.9917808219178081,0.019801150025875548
3,2.8739726027397263,0.024100608766361
4,3.2191780821917813,0.026486830400080427
5,3.4876712328767123,0.023445055047854657
6,3.5452054794520547,0.02779305492193781
7,4.139726027397259,0.029981152923865224
8,4.523287671232877,0.03148481619427626
9,4.6575342465753415,0.031870523078111015
10,5.136986301369864,0.0325871334581227
11,5.213698630136986,0.033395802815748395
12,5.750684931506847,0.03616954797449058
13,6.383561643835616,0.0375763946182255
14,8.301369863013699,0.04213496194791023
15,8.684931506849315,0.04287101942711598
16,9.643835616438356,0.044499937304326935
17,10.986301369863014,0.046571237933742536
18,13.306849315068495,0.049373821868650115
19,14.821917808219178,0.05159497679699236
20,15.953424657534244,0.05276214498801031
21,17.698630136986306,0.053538304790809815
