,maturity,rates
1,0.9808219178082191,0.02656661330669085
2,1.6136986301369862,0.03325293435619858
3,1.7315068493150685,0.035720783958238245
4,2.1890410958904107,0.0386024267633536
5,2.8986301369863017,0.04586794624947636
6,3.4739726027397264,0.04876814893831409
7,3.9342465753424656,0.050801275343375786
8,4.816438356164384,0.05310854856533225
9,5.161643835616438,0.054715711554299655
10,5.4301369863013695,0.05253118447824125
11,6.082191780821918,0.05682051612075684
12,6.6,0.0578017785326582
13,7.0794520547945226,0.05931531959879693
14,7.156164383561642,0.058995624434238975
15,10.627397260273973,0.06290108226539137
16,11.586301369863017,0.06419178746176296
17,15.24931506849315,0.0678553353756086
18,19.641095890410966,0.0709029482741076
