,maturity,rates
1,1.0383561643835617,0.03794232076957624
2,1.747945205479452,0.051426882031554384
3,1.9013698630136984,0.053979038418886766
4,2.5342465753424657,0.06074846667708201
5,2.652054794520548,0.0617636606702594
6,3.819178082191781,0.07026774534944573
7,4.394520547945207,0.07246327511109586
8,4.854794520547945,0.07430280688771049
9,5.736986301369862,0.07653492311151823
10,6.35068493150685,0.07737283481253131
11,7.002739726027397,0.07953180145607237
12,7.520547945205481,0.08087914983808528
13,8.0,0.07999634724761852
14,8.076712328767123,0.08183976483263912
15,11.547945205479452,0.08497582111105086
16,12.506849315068493,0.08561137924518801
17,20.56164383561644,0.08887125492506626
