,maturity,rates
1,0.2684931506849315,0.022119968479494084
2,0.7287671232876712,0.04236240975016453
3,0.8438356164383561,0.043161874623423434
4,1.3616438356164384,0.054654233048159334
5,1.8986301369863008,0.058861599394096
6,1.8986311369863007,0.06447703409405241
7,2.6082191780821917,0.07183490426275259
8,2.7616438356164386,0.0726486852552351
9,3.512328767123288,0.07618830427828738
10,3.912328767123288,0.082179490074813
11,4.67945205479452,0.07935841400460067
12,5.2547945205479465,0.08073814864426372
13,5.715068493150685,0.08128284831158468
14,6.597260273972603,0.08235879287208718
15,7.210958904109589,0.08487640691791487
16,8.38082191780822,0.0842418079432953
17,8.860273972602737,0.08967583770252786
18,8.936986301369863,0.08441667384679387
19,12.408219178082195,0.08557055615673552
20,13.367123287671232,0.0865585600232351
21,21.421917808219174,0.08776564282343609
