,maturity,rates
0,0.06301369863013699,0.07769839053844238
1,0.12054794520547946,0.0014298943834466019
2,0.273972602739726,0.003790628912851579
3,0.8493150684931506,0.010405894626474888
4,1.3095890410958904,0.01496341594831091
5,2.191780821917808,0.02131713766960645
6,2.536986301369863,0.023363481532717327
7,2.8054794520547945,0.01933607830901613
8,2.863013698630137,0.0256910350734405
9,3.4575342465753423,0.029109463468122567
10,3.8410958904109593,0.0306677077067522
11,3.9753424657534246,0.031599985849935265
12,4.454794520547946,0.03094248540150484
13,4.531506849315068,0.03325778001307877
14,5.068493150684932,0.03544529268489753
15,5.701369863013697,0.03730605144012018
16,6.545205479452053,0.019622022862887868
17,7.619178082191781,0.042491968944125914
18,8.002739726027396,0.04265430106261128
19,8.961643835616439,0.045568579764235985
20,10.304109589041095,0.04847199188652869
21,12.624657534246573,0.050482661723924994
22,14.139726027397261,0.052575353228974685
23,15.271232876712327,0.0545814699319521
24,17.016438356164382,0.055111306546230816
