,maturity,rates
0,0.3643835616438356,0.05463727653776746
1,1.2465753424657535,0.053984085399919474
2,1.5917808219178082,0.054544056234583756
3,1.86027397260274,0.04392501259253986
4,1.9178082191780816,0.05466513422291287
5,2.512328767123288,0.05477981187588577
6,2.8958904109589043,0.05470402636856231
7,3.03013698630137,0.0554490236861729
8,3.5095890410958903,0.05385518229129274
9,3.5863013698630137,0.05579456196648356
10,4.123287671232877,0.05641636009752998
11,4.506849315068493,0.057292970240625275
12,4.756164383561643,0.05721890799597325
13,5.83013698630137,0.058413265009415044
14,6.673972602739727,0.05922627784670339
15,6.7315068493150685,0.060071246819123
16,7.057534246575343,0.05970709121356825
17,7.72876712328767,0.06035692358512879
18,8.016438356164384,0.06017152438954151
19,9.358904109589039,0.060102158443962404
20,10.24109589041096,0.061307307812669985
21,11.679452054794519,0.06119033728182127
22,13.194520547945206,0.062295470691482474
23,14.326027397260274,0.06276365276298478
24,16.07123287671233,0.06762181650188427
25,19.17808219178082,0.06297793578443965
