,maturity,rates
0,0.0136986301369863,0.096547262787057
1,0.3205479452054795,0.01335440203871582
2,0.5506849315068493,0.02100633098678424
3,0.5506859315068493,0.02032981181823056
4,1.2602739726027397,0.037616291576467294
5,1.4136986301369865,0.040037638930127406
6,2.0465753424657533,0.04807909710988111
7,2.164383561643836,0.04948627156302885
8,2.5643835616438357,0.04880015132330634
9,2.6219178082191785,0.050964346022104985
10,3.1205479452054794,0.058469510358467876
11,3.3315068493150686,0.060902147963482964
12,3.906849315068493,0.06470231465584772
13,4.367123287671233,0.06711232973473953
14,5.249315068493153,0.07008533551824217
15,5.863013698630137,0.0667935957474211
16,6.515068493150685,0.07358197957541568
17,7.032876712328767,0.0751013256993769
18,7.512328767123287,0.07453827647450495
19,7.589041095890411,0.07617912692334587
20,11.06027397260274,0.0802706149845008
21,12.019178082191779,0.08153450880094433
22,13.649315068493149,0.05993709840924642
23,20.073972602739726,0.08274259956808078
