,maturity,rates
1,1.0,0.007251764396736115
2,1.3452054794520547,0.009649353805367642
3,1.6136986301369862,0.008665748647950932
4,1.6712328767123288,0.011688911550545992
5,2.265753424657534,0.014699341425186668
6,2.649315068493151,0.016379725571151443
7,2.7835616438356166,0.017155423482225672
8,3.263013698630137,0.017042443230853018
9,3.3397260273972598,0.01961149430067213
10,3.4739726027397264,0.02044653953860217
11,3.8767123287671232,0.021877106165691274
12,4.2602739726027385,0.022970459882886873
13,4.5095890410958885,0.02360624499847664
14,5.353424657534247,-0.004366423105404844
15,5.583561643835616,0.026782260447940548
16,6.2767123287671245,0.06630781950362978
17,6.427397260273973,0.028794227193688886
18,6.484931506849315,0.02789639616743193
19,6.810958904109589,0.029126325890122456
20,7.4821917808219185,0.030624128392022918
21,7.769863013698631,0.03165500122175262
22,9.112328767123287,0.033932939910231365
23,9.4,0.020174215254796585
24,9.994520547945202,0.035201049180301175
25,11.432876712328767,0.037205518566946164
26,12.947945205479453,0.03945501404085687
27,14.079452054794519,0.040510402264892
28,15.824657534246574,0.04203134608327841
29,18.931506849315067,0.04437029443051596
