,maturity,rates
1,0.21095890410958906,0.005580082990833757
2,0.8438356164383561,0.017854656401722187
3,0.9616438356164384,0.019410178855258475
4,1.3616438356164384,0.018247303319219227
5,1.4191780821917808,0.021514853577257662
6,1.9178082191780816,0.028654213853723225
7,1.9753424657534249,0.02700727049416049
8,2.128767123287671,0.0307941014320812
9,2.7041095890410958,0.03444052029973668
10,3.1643835616438367,0.037044592186010514
11,4.046575342465753,0.04016293476240744
12,4.391780821917808,0.04208892000605468
13,4.660273972602742,0.04081713345457784
14,5.3123287671232875,0.044658979811718916
15,5.695890410958903,0.04596879599294599
16,5.83013698630137,0.046509371104472286
17,6.30958904109589,0.04920254864314951
18,6.3863013698630136,0.0484577684112035
19,9.473972602739726,0.04999210746888055
20,9.857534246575344,0.05402988899942318
21,10.816438356164383,0.05638256324732883
22,14.47945205479452,0.05953401208263626
23,15.994520547945205,0.06208612048117335
24,18.871232876712327,0.063933141951976
