,maturity,rates
1,1.1479452054794521,0.04337606868513308
2,1.8575342465753424,0.05603196445948567
3,2.010958904109589,0.057535257090307976
4,2.643835616438356,0.06537781074771899
5,2.7616438356164386,0.06630642729476324
6,3.2191780821917813,0.06912217874607296
7,3.9287671232876713,0.07362657059431395
8,4.5041095890410965,0.07809278581195159
9,4.964383561643834,0.07850923857119968
10,5.846575342465752,0.07988969719018904
11,6.4602739726027405,0.0835324617994042
12,7.112328767123286,0.0825684775906349
13,7.63013698630137,0.08353750223344393
14,8.186301369863013,0.08456384982206328
15,11.657534246575349,0.08612183024807563
16,12.616438356164384,0.08757290906294196
17,20.671232876712327,0.09193594042135088
