,maturity,rates
0,0.07397260273972603,-0.06520139842369478
1,0.20821917808219176,0.002885883743794874
2,0.2657534246575343,0.002757688096805995
3,0.4191780821917808,0.005770161201150413
4,0.9945205479452056,0.012409416831648331
5,1.4547945205479451,0.01706589901514553
6,2.3369863013698637,0.02364233403734759
7,2.682191780821918,0.02608611983205469
8,2.9506849315068493,0.021160728839302416
9,3.008219178082192,0.02813695447797673
10,3.602739726027397,0.030815122681814563
11,3.9863013698630136,0.03350431144859257
12,4.120547945205479,0.033692749203810546
13,4.676712328767123,0.03598664394904273
14,5.213698630136986,0.038725064447717034
15,5.846575342465752,0.04055156459298419
16,7.764383561643838,0.0454924281126644
17,8.147945205479452,0.046132110643082334
18,9.10684931506849,0.04852942780195299
19,10.449315068493153,0.05185648579315005
20,12.76986301369863,0.053473685499363585
21,14.284931506849315,0.0557029632702113
22,15.416438356164385,0.057217474050775374
23,17.161643835616438,0.0578095041407251
