,maturity,rates
1,0.8,0.008128563342040944
2,1.6821917808219178,0.014713893579089646
3,2.0273972602739727,0.016701329681625694
4,2.2958904109589042,0.012492193308830977
5,2.3534246575342466,0.01903357884192414
6,2.9479452054794515,0.022085937325444737
7,3.3315068493150686,0.023640262163095928
8,3.4657534246575343,0.02450302006586184
9,3.945205479452055,0.02403127730225767
10,4.021917808219178,0.026184977724024703
11,4.558904109589041,0.028262717185446682
12,4.942465753424657,0.029624737322894917
13,5.191780821917809,0.03025055077270065
14,6.035616438356165,0.016852548982209812
15,6.265753424657534,0.03338810716142017
16,7.109589041095893,0.035042932739134364
17,7.167123287671232,0.03537322798036807
18,7.493150684931508,0.03555971685103882
19,8.452054794520548,0.03791190617394369
20,9.794520547945208,0.04059562370664234
21,10.676712328767124,0.04174425446229698
22,12.115068493150686,0.0431015337592879
23,13.63013698630137,0.045420065550030135
24,14.761643835616438,0.046980058023940015
25,16.506849315068493,0.049849888755695404
26,19.613698630136987,0.05014450317235503
