,maturity,rates
0,0.40821917808219177,0.07900783559249921
1,0.5260273972602739,0.00908451471586825
2,0.9260273972602739,0.015295947351080709
3,0.9835616438356164,0.012311180888740976
4,1.4821917808219178,0.02075971055735905
5,1.5397260273972602,0.01630143634422426
6,1.6931506849315068,0.022687199493169368
7,2.2684931506849315,0.02710446515134358
8,2.7287671232876707,0.0300652036093782
9,3.6109589041095886,0.03420068874882347
10,3.956164383561644,0.036280479587660064
11,4.224657534246576,0.03405698532306428
12,4.876712328767123,0.03925771734052202
13,5.2602739726027385,0.04080629596369092
14,5.394520547945207,0.041399240396019873
15,5.873972602739726,0.042740692231370565
16,5.9506849315068475,0.04266576084886045
17,7.120547945205479,0.04585071150458008
18,9.038356164383561,0.04860911198229962
19,9.421917808219176,0.04913904248903608
20,10.38082191780822,0.050336172971715214
21,12.01095890410959,0.03895580813608215
22,14.043835616438356,0.055299753369665874
23,15.558904109589042,0.05809124246410949
24,18.435616438356163,0.06203456276108873
