,maturity,rates
1,0.9616438356164384,0.019410178855258437
2,1.4191780821917808,0.021514853577257662
3,2.128767123287671,0.0307941014320812
4,2.7041095890410958,0.03444052029973668
5,3.1643835616438367,0.037044592186010514
6,4.046575342465753,0.04016293476240744
7,4.391780821917808,0.04208892000605468
8,4.660273972602742,0.04081713345457784
9,5.3123287671232875,0.044658979811718916
10,5.695890410958903,0.04596879599294599
11,5.83013698630137,0.046509371104472286
12,6.30958904109589,0.04920254864314951
13,6.3863013698630136,0.0484577684112035
14,9.473972602739726,0.04999210746888055
15,9.857534246575344,0.05402988899942318
16,10.816438356164383,0.05638256324732883
17,14.47945205479452,0.05953401208263626
18,15.994520547945205,0.06208612048117335
19,18.871232876712327,0.063933141951976
