,maturity,rates
1,0.6657534246575343,0.050753308441585036
2,0.7232876712328767,0.053626294069135265
3,1.1835616438356165,0.0617171117427729
4,1.2986301369863014,0.06473937000357112
5,1.8164383561643835,0.06977215172476256
6,2.3534246575342466,0.07283130632453151
7,3.063013698630137,0.07500746671245775
8,3.2164383561643834,0.07516085416868
9,3.849315068493152,0.07787072224162686
10,3.967123287671233,0.07898347872247027
11,5.134246575342465,0.08090701833931073
12,5.7095890410958905,0.08198277545580569
13,6.16986301369863,0.07645744624088603
14,7.052054794520547,0.0836557563238368
15,7.6657534246575345,0.09372324696968318
16,8.317808219178081,0.07833141820573525
17,8.835616438356164,0.08478278769743693
18,9.391780821917807,0.08591352414052035
19,12.863013698630136,0.08639047451343923
20,13.821917808219178,0.08822839878939037
21,21.876712328767123,0.09424317694282908
