,maturity,rates
1,0.40821917808219177,0.03124217537679484
2,0.9260273972602739,0.052172584437840654
3,1.4630136986301367,0.06750683048693579
4,2.1726027397260275,0.07926443203725657
5,2.326027397260274,0.08083956312796656
6,2.958904109589041,0.08641854185920189
7,3.0767123287671234,0.08540030777516204
8,3.5342465753424657,0.09084729077971997
9,4.243835616438357,0.09484627697127934
10,4.8191780821917805,0.09524023912958213
11,5.279452054794521,0.0977886336970174
12,6.161643835616437,0.0982679370009282
13,6.7753424657534245,0.09835473769745
14,7.427397260273973,0.09953650685100536
15,7.945205479452055,0.09877905844133386
16,8.501369863013696,0.09760362649034968
17,11.972602739726028,0.09605756058143028
18,12.931506849315069,0.0985947815779905
19,20.98630136986301,0.10603133994037972
