,maturity,rates
0,0.1506849315068493,0.10866323479868832
1,0.4575342465753425,0.018811879795493223
2,0.6876712328767123,0.02554608402889821
3,0.6876722328767123,0.02547881966199489
4,1.3972602739726028,0.040051794284152106
5,1.5506849315068494,0.042547360261157824
6,2.1835616438356165,0.05008684950465494
7,2.3013698630136985,0.051838732982851785
8,2.7589041095890408,0.0549096643988102
9,3.2575342465753425,0.05893463369283724
10,3.4684931506849317,0.060557793631174216
11,4.043835616438357,0.06296500648138165
12,4.5041095890410965,0.06517547704712559
13,5.3863013698630136,0.06735252806604866
14,6.652054794520548,0.07028392892837249
15,7.16986301369863,0.07070175016810643
16,7.64931506849315,0.06575858602229546
17,7.726027397260274,0.07249166575513435
18,11.197260273972605,0.07492748765907686
19,12.156164383561645,0.07559733227363774
20,20.21095890410959,0.07877918069341612
