,maturity,rates
0,0.6,0.07899612195776093
1,0.7178082191780822,0.012403737940283531
2,1.1178082191780825,0.01091186418440137
3,1.1753424657534246,0.0149721330596169
4,1.6739726027397257,0.02383535535317407
5,1.7315068493150685,0.019608820451123797
6,1.8849315068493149,0.0260084810239622
7,2.46027397260274,0.030541343299818505
8,2.9205479452054797,0.03356516154778026
9,3.8027397260273967,0.037511263871878565
10,4.147945205479451,0.03866287421735727
11,5.068493150684932,0.041672925943317916
12,5.4520547945205475,0.04341579347958608
13,5.586301369863015,0.043561375992263285
14,6.142465753424657,0.04479759461044806
15,7.312328767123287,0.047928664546957295
16,9.23013698630137,0.050612565331177126
17,9.613698630136986,0.049362130325142
18,10.572602739726028,0.052496803468416176
19,14.235616438356164,0.05619758918002184
20,15.75068493150685,0.0612755079730763
21,18.627397260273973,0.06076379237691491
