,maturity,rates
0,0.6849315068493149,0.09969153178954404
1,1.3945205479452054,0.09729985175774958
2,1.547945205479452,0.09467374993002858
3,2.180821917808219,0.09823616624797209
4,2.2986301369863016,0.09726993282337805
5,2.756164383561644,0.099897027543477
6,3.4657534246575343,0.09709079581112591
7,4.0410958904109595,0.09640474224975577
8,4.501369863013698,0.09661915089712814
9,5.383561643835616,0.09547739343480748
10,5.997260273972603,0.08886656303173644
11,6.64931506849315,0.09523899806444794
12,7.167123287671232,0.09380661493466945
13,7.646575342465752,0.10098093164532489
14,7.7232876712328755,0.09367985492263002
15,11.194520547945206,0.09095077878576696
16,12.153424657534249,0.09075688418108555
17,20.208219178082192,0.09180913413292315
