,maturity,rates
0,0.1863013698630137,0.10011256254712733
1,0.1863023698630137,0.006745669143654205
2,0.8958904109589041,0.024556296515678398
3,1.0493150684931507,0.02689010595115176
4,1.6821917808219178,0.03620711664590106
5,1.8,0.037178413972038485
6,2.2,0.036472346433436234
7,2.2575342465753425,0.038495501493669405
8,2.756164383561644,0.0460579064491556
9,2.967123287671233,0.04777150989141393
10,3.5424657534246577,0.05055289564804648
11,4.002739726027397,0.05283779585504062
12,4.884931506849315,0.055504306937736725
13,5.23013698630137,0.05717584920544674
14,5.498630136986302,0.05383272409450656
15,6.1506849315068495,0.05944894941259876
16,6.668493150684933,0.06052580604764622
17,7.147945205479453,0.061410535133026925
18,7.224657534246575,0.061633439745397374
19,10.695890410958905,0.06516753289965534
20,11.654794520547945,0.06675867903008592
21,15.317808219178081,0.06922251100526255
22,19.709589041095885,0.0742421324358901
