,maturity,rates
1,1.4630136986301367,0.016274161296249087
2,1.9232876712328768,0.019914458998309386
3,2.8054794520547945,0.02518452186733635
4,3.150684931506848,0.027164196273630124
5,3.419178082191781,0.024033874257819277
6,3.476712328767124,0.02947904442551639
7,4.071232876712329,0.03149044492928245
8,4.454794520547946,0.03354161380567533
9,4.589041095890411,0.03371741626182585
10,5.068493150684932,0.03372816361067086
11,5.145205479452055,0.035242379525838474
12,5.68219178082192,0.03782050488369965
13,6.315068493150685,0.039223377576447435
14,8.232876712328768,0.0434096055260435
15,8.616438356164384,0.0437828037238576
16,9.575342465753424,0.04584547321386012
17,10.917808219178083,0.04851669338330376
18,13.238356164383562,0.05003497983486027
19,14.753424657534245,0.052120690389434295
20,15.884931506849314,0.05337076705827395
21,17.630136986301373,0.05437589944807925
