,maturity,rates
1,0.8273972602739726,0.008257634869553582
2,1.7095890410958905,0.014909284939829456
3,2.054794520547945,0.017055254957274904
4,2.3232876712328765,0.013099872601834777
5,2.38082191780822,0.019192227769547803
6,2.9753424657534246,0.022221725627419267
7,3.3589041095890413,0.023878484402609017
8,3.493150684931507,0.024198977421981703
9,3.9726027397260273,0.024658629902873
10,4.049315068493152,0.02644117381420448
11,4.586301369863014,0.028552270580505662
12,4.96986301369863,0.02991876492320818
13,5.219178082191782,0.030387961824757462
14,6.293150684931509,0.033499626065731716
15,7.136986301369863,0.035003595375791625
16,7.1945205479452055,0.035105494633778704
17,7.520547945205481,0.035471922162029074
18,8.479452054794521,0.03760678296271538
19,9.821917808219178,0.040699425157695236
20,10.704109589041096,0.04192355911909314
21,12.142465753424654,0.043171986957539404
22,13.657534246575349,0.045844684408057314
23,14.789041095890413,0.04722258023428758
24,16.534246575342465,0.04973321689524488
25,19.641095890410966,0.05047081755281228
