,maturity,rates
0,0.1972602739726028,0.071661132302464
1,0.4657534246575342,0.03962663779344125
2,0.5232876712328767,0.040958583904905706
3,0.9835616438356164,0.05254545426706536
4,1.0986301369863014,0.05164494059904034
5,1.6164383561643836,0.059905767588345725
6,1.9232876712328768,0.06161258318129356
7,2.1534246575342464,0.06125286268584726
8,3.0164383561643837,0.0660938712140342
9,3.649315068493152,0.07063069982712335
10,3.767123287671233,0.0701625508194225
11,4.934246575342466,0.07324440005312756
12,5.5095890410958885,0.0694118384277304
13,5.96986301369863,0.07421487310446627
14,6.852054794520547,0.07492734624883934
15,7.465753424657534,0.0803034252836838
16,8.117808219178082,0.07100970599333911
17,8.635616438356163,0.07604739016392979
18,9.115068493150686,0.08680672022473865
19,9.191780821917806,0.0804201073987091
20,12.663013698630134,0.07839789175739666
21,13.62191780821918,0.08019681478555632
22,21.676712328767124,0.0945892201693656
