,maturity,rates
0,0.06027397260273973,0.09285029116849693
1,0.3671232876712329,0.01477373821490054
2,0.5972602739726027,0.02271935814309196
3,0.5972612739726028,0.021634859449137005
4,1.3068493150684932,0.038042966861361334
5,1.4602739726027398,0.04136153236825457
6,2.0931506849315067,0.04850588553657513
7,2.2109589041095887,0.04924296307851156
8,2.6109589041095886,0.048358746477428084
9,2.6684931506849314,0.05128781285259067
10,3.032876712328767,0.035676043334508044
11,3.1671232876712327,0.05652888020299705
12,3.378082191780821,0.057946390827374135
13,3.953424657534247,0.060949830784066725
14,4.413698630136986,0.06315991805990842
15,5.295890410958903,0.06609729546404211
16,5.9095890410958924,0.06540439626616909
17,6.5616438356164375,0.06821320435233469
18,7.0794520547945226,0.0697272737476538
19,7.558904109589043,0.0705258874308464
20,7.6356164383561635,0.07081341681204252
21,11.106849315068493,0.07370971195681135
22,12.065753424657535,0.07492199568236213
23,20.12054794520548,0.0806803347194994
