,maturity,rates
1,0.8027397260273973,0.05594382726524229
2,0.8602739726027397,0.05619439380294892
3,1.3205479452054794,0.058905360954488485
4,1.4356164383561645,0.05930939502719919
5,1.9534246575342469,0.062114210063191115
6,3.2,0.06887908430022847
7,3.3534246575342466,0.06904347925496196
8,3.9863013698630136,0.07082461537658204
9,4.104109589041096,0.07046880202351545
10,5.27123287671233,0.07286631823489273
11,5.846575342465752,0.07337517142135708
12,6.306849315068492,0.07503425249095813
13,7.189041095890411,0.07546170503622655
14,7.802739726027397,0.07951233273009481
15,8.454794520547948,0.0761818929991647
16,8.972602739726025,0.07624921444174194
17,9.528767123287672,0.07748043488180976
18,13.0,0.07909513127100827
19,13.958904109589039,0.08064957197302887
20,22.013698630136986,0.08354788435464094
