,maturity,rates
0,0.0410958904109589,0.07985039571466301
1,0.09863013698630137,0.0013368929567343481
2,0.25205479452054796,0.0034608973690302964
3,0.8273972602739726,0.01014513857979047
4,1.2876712328767124,0.014641221541010803
5,2.1698630136986297,0.02114113388836784
6,2.515068493150685,0.023159846788538708
7,2.7835616438356166,0.01935475411006951
8,2.84109589041096,0.025514827094030613
9,3.4356164383561643,0.028767516995759305
10,3.819178082191781,0.03048033299468053
11,3.953424657534247,0.0313222620376326
12,4.432876712328767,0.03148684331833194
13,4.5095890410958885,0.03286425760232562
14,5.046575342465753,0.0353163220721808
15,5.679452054794519,0.03714968193389742
16,6.523287671232878,0.01380975907432213
17,7.597260273972603,0.04284126449775394
18,7.654794520547945,0.04324595017117008
19,7.980821917808219,0.04289462530446423
20,8.93972602739726,0.04583980476715376
21,10.282191780821918,0.049070606662195
22,12.602739726027398,0.050957116851178735
23,14.117808219178086,0.05308878031046296
24,15.24931506849315,0.05525137601194171
25,16.994520547945207,0.0546574317845707
