,maturity,rates
1,1.2109589041095892,0.014080670829661704
2,1.6712328767123288,0.018876963844978608
3,2.5534246575342467,0.02539509681654471
4,2.8986301369863017,0.02781692329889285
5,3.1671232876712327,0.02271002158285605
6,3.2246575342465755,0.029641473953912086
7,3.819178082191781,0.032721407375992
8,4.2027397260273975,0.03449917750255503
9,4.336986301369863,0.03523075760917028
10,4.816438356164384,0.0361954287974302
11,4.8931506849315065,0.03719163758110969
12,5.4301369863013695,0.039780694707876964
13,6.0630136986301375,0.041025264624401536
14,7.980821917808219,0.046569691354761904
15,8.364383561643837,0.0474869461025313
16,9.323287671232876,0.049823030571499706
17,10.665753424657536,0.05209330980484974
18,12.986301369863016,0.05431013778065729
19,14.501369863013695,0.056244687595518116
20,15.632876712328768,0.0575939789353995
21,17.378082191780823,0.05832735407009758
