,maturity,rates
1,1.095890410958904,0.012124570900038736
2,1.9780821917808216,0.019443033921201808
3,2.3232876712328765,0.021533669059304275
4,2.591780821917808,0.017100754378592434
5,2.649315068493151,0.02362386513220085
6,3.2438356164383566,0.02701746912863535
7,3.627397260273973,0.02851160371759313
8,3.761643835616439,0.029415484894840974
9,4.241095890410959,0.0296599492972029
10,4.317808219178081,0.03165410298563394
11,4.854794520547945,0.03392707964565625
12,5.238356164383561,0.03558855472975437
13,5.487671232876712,0.03546420132582262
14,7.405479452054794,0.04090366745713103
15,7.463013698630138,0.041609828467479966
16,7.789041095890411,0.04136723737648917
17,8.747945205479452,0.04378037537114159
18,10.090410958904108,0.046645971802660585
19,12.41095890410959,0.04974971394178231
20,13.926027397260276,0.05256267098985317
21,15.057534246575342,0.0540436980231524
22,16.802739726027394,0.055175575274677945
