,maturity,rates
1,0.9753424657534246,0.026963357314804426
2,1.1287671232876713,0.029125951896985806
3,1.7616438356164383,0.037800823364243535
4,1.8794520547945208,0.0389804942003828
5,2.3369863013698637,0.04348736706609848
6,3.0465753424657533,0.04864669879440919
7,3.6219178082191785,0.051989731279380384
8,4.082191780821918,0.05363523637887544
9,4.964383561643834,0.05671051391165746
10,5.30958904109589,0.058415588924947276
11,5.578082191780823,0.05589009507930903
12,6.230136986301369,0.0607640125900992
13,6.747945205479453,0.061922453603590666
14,7.227397260273973,0.06357551843259658
15,7.304109589041097,0.06307230302582592
16,10.775342465753424,0.06784022305444125
17,11.734246575342464,0.06924262147326196
18,15.397260273972602,0.0720145331700077
19,19.78904109589041,0.07680285533341939
