,maturity,rates
1,1.3424657534246576,0.04026921823474962
2,1.4958904109589042,0.03213612018927567
3,2.128767123287671,0.05050038760654328
4,2.246575342465753,0.05137412210859548
5,3.4136986301369863,0.06743647946227019
6,3.989041095890411,0.055951814264185794
7,4.449315068493152,0.065432648735132
8,5.331506849315068,0.06770193387824212
9,5.945205479452055,0.06551375193254025
10,6.597260273972603,0.07029972188708772
11,7.115068493150685,0.07184884011193485
12,7.594520547945206,0.06761389178260392
13,7.671232876712327,0.07289484459516793
14,11.142465753424656,0.07434680755726827
15,12.101369863013694,0.0756008736677025
16,20.156164383561645,0.08069752866741466
