,maturity,rates
1,0.6,0.015512299364710446
2,1.2328767123287672,0.02511941455725656
3,1.3506849315068492,0.026055624488655255
4,1.808219178082192,0.030158910697790874
5,2.3068493150684932,0.035797971457921705
6,2.364383561643836,0.02763000104263745
7,2.5178082191780824,0.0375531509308476
8,3.0931506849315067,0.041444099601825726
9,3.5534246575342467,0.04410928644089192
10,4.435616438356164,0.047896688741400836
11,4.780821917808218,0.04915544508887227
12,5.0493150684931525,0.046030122196824216
13,5.701369863013697,0.05237251163291705
14,6.219178082191781,0.053344432489818634
15,6.7753424657534245,0.05462340728835437
16,9.863013698630136,0.05967097996610396
17,10.246575342465754,0.059466109115863
18,11.205479452054794,0.06145550537489036
19,14.868493150684932,0.06496871666029554
20,19.26027397260274,0.06874911845144167
