,maturity,rates
1,0.7671232876712328,0.019257629696348373
2,1.4,0.02844854705053298
3,1.5178082191780822,0.028847853415827605
4,1.9753424657534249,0.03297806745605514
5,2.684931506849315,0.0392435853841939
6,3.2602739726027403,0.04249518744320077
7,3.72054794520548,0.04461113026139772
8,4.602739726027396,0.04725009990657535
9,4.947945205479452,0.049046645699192766
10,5.2164383561643834,0.04663964863598824
11,5.868493150684931,0.05140390208308107
12,6.3863013698630136,0.052431560614386113
13,6.865753424657536,0.05400662189481754
14,6.942465753424657,0.053437094389795325
15,10.03013698630137,0.0574369763515087
16,10.413698630136986,0.05771220407903641
17,11.372602739726029,0.05886654434802669
18,15.035616438356163,0.06261042856480754
19,19.42739726027397,0.06735806539154203
