,maturity,rates
1,1.2465753424657535,0.04698116218473125
2,1.956164383561644,0.05820121350353386
3,2.1095890410958904,0.058894308486878835
4,2.742465753424657,0.06566907665197932
5,2.8602739726027395,0.06597831015268531
6,3.3178082191780818,0.07100223206215897
7,4.027397260273974,0.07332662404847654
8,4.602739726027396,0.07430994694822918
9,5.063013698630137,0.07714112819662189
10,5.945205479452055,0.08045227361375319
11,6.558904109589043,0.08365390742257957
12,7.210958904109589,0.08228049077158553
13,7.728767123287669,0.08373991433452767
14,8.208219178082192,0.0886532913311299
15,8.284931506849315,0.08280366933062891
16,11.756164383561645,0.08468911734811993
17,12.715068493150685,0.08627504353292377
18,20.76986301369863,0.09466395761630172
