,maturity,rates
0,0.2821917808219178,0.059756771698204335
1,0.3397260273972603,0.004363064047625278
2,0.7041095890410959,0.007130533424749378
3,0.8383561643835616,0.00989030379652662
4,0.8958904109589041,0.01060616792378548
5,1.0493150684931507,0.012077315688834123
6,1.6246575342465754,0.016839569899006285
7,2.084931506849315,0.019981935031230226
8,2.967123287671233,0.024917466242556727
9,3.3123287671232875,0.026752578271652942
10,3.5808219178082186,0.023627665622989527
11,3.638356164383562,0.028163240891166414
12,4.232876712328768,0.030288675934503788
13,4.616438356164384,0.031834868003476645
14,4.750684931506847,0.0321346869660324
15,5.23013698630137,0.03294871045182545
16,5.306849315068493,0.033973096569289936
17,5.843835616438358,0.0368239328024837
18,6.476712328767122,0.03819464647674431
19,8.394520547945206,0.04243939154195802
20,8.778082191780822,0.04279492030441037
21,9.736986301369864,0.04463964786795867
22,11.079452054794519,0.04650146210189352
23,13.4,0.049239456378110766
24,14.915068493150685,0.052207695180759565
25,16.046575342465754,0.05302120503578317
26,17.791780821917808,0.05409338305517791
