,maturity,rates
1,1.336986301369863,0.040477488045361235
2,1.4904109589041097,0.043264311866381716
3,2.1232876712328768,0.05012542061733777
4,2.2410958904109592,0.05053236092597408
5,2.698630136986301,0.05558821550312403
6,3.408219178082192,0.060140011743726476
7,3.9835616438356163,0.06289251810595782
8,4.443835616438356,0.06509227515656013
9,5.326027397260273,0.06738392926994838
10,5.93972602739726,0.06638831672105808
11,6.5917808219178085,0.06995597397324703
12,7.109589041095893,0.07097472940924665
13,7.589041095890411,0.06940585209251597
14,7.6657534246575345,0.07207147033141066
15,11.136986301369863,0.07383524319552406
16,12.095890410958905,0.07536739945967283
17,20.15068493150685,0.08233081222167743
