,maturity,rates
0,0.6657534246575343,0.06518729700897362
1,1.547945205479452,0.06349060717847894
2,1.8931506849315067,0.06403449392175971
3,2.1616438356164385,0.05369104020440383
4,2.219178082191781,0.06417407833936406
5,2.8136986301369857,0.06435531470784904
6,3.1972602739726033,0.06450284490450972
7,3.331506849315069,0.06499574424541897
8,3.810958904109589,0.05847669873817576
9,3.887671232876712,0.06509195233768289
10,4.424657534246577,0.06579767054875317
11,4.808219178082191,0.06572037871539867
12,5.057534246575343,0.06639962295823466
13,6.131506849315069,0.06697486270563091
14,6.9753424657534255,0.06728791356753393
15,7.032876712328767,0.06705578392443307
16,7.358904109589042,0.0673399274634003
17,8.317808219178081,0.06748808007286351
18,9.66027397260274,0.0684294275463517
19,10.54246575342466,0.06966153344082933
20,11.980821917808221,0.0699118628257727
21,13.495890410958905,0.07144248909307425
22,14.627397260273971,0.07150536891956022
23,16.372602739726027,0.0736145280069614
24,19.479452054794518,0.07101872680732951
