,maturity,rates
1,0.6657534246575343,0.006450991362060729
2,1.547945205479452,0.012816084233521142
3,1.8931506849315067,0.015273965845720916
4,2.1616438356164385,0.01113286065757127
5,2.219178082191781,0.017007563099709664
6,2.8136986301369857,0.019929341322451062
7,3.1972602739726037,0.021515876728594417
8,3.3315068493150686,0.02240154020610322
9,3.810958904109589,0.02133580723438837
10,3.8876712328767122,0.024415912178381863
11,4.424657534246577,0.026592750152707425
12,4.808219178082191,0.027491424682697538
13,5.057534246575343,0.028126424254459426
14,5.9013698630137,0.010434516797131591
15,6.131506849315069,0.03142867707858102
16,6.9753424657534255,0.03310665204405265
17,7.032876712328767,0.03293497782149993
18,7.358904109589043,0.03368660217862192
19,8.317808219178081,0.03585205200921135
20,9.66027397260274,0.038139231391285236
21,9.947945205479453,0.027081433749884868
22,10.54246575342466,0.04000071775441945
23,11.980821917808221,0.041373424985190345
24,13.495890410958905,0.04405945891529057
25,14.627397260273971,0.045577317659525836
26,16.372602739726027,0.04722815893076017
27,19.479452054794518,0.048521415064301535
