,maturity,rates
1,1.0767123287671232,0.012742351661538871
2,1.652054794520548,0.017753516502131857
3,2.112328767123288,0.02099117150554789
4,2.9945205479452053,0.02552994628757385
5,3.3397260273972598,0.027911623613231382
6,3.6082191780821917,0.024720751835066997
7,3.6657534246575336,0.02901917633696983
8,4.2602739726027385,0.031330758758586624
9,4.6438356164383565,0.03249008477609062
10,4.778082191780824,0.03328724983385542
11,5.257534246575342,0.034184780644827106
12,5.3342465753424655,0.035060083783573885
13,5.8712328767123285,0.0372394802379112
14,6.504109589041097,0.03831701321991756
15,8.421917808219177,0.043111193529079286
16,8.805479452054792,0.0432140366585447
17,9.764383561643836,0.04575004191621842
18,11.106849315068493,0.04769503343775649
19,13.427397260273972,0.04960125901566737
20,14.942465753424658,0.05221286165882757
21,16.073972602739726,0.05294150417935837
22,17.819178082191783,0.05451351084122015
