,maturity,rates
0,0.2821917808219178,0.09415968464139032
1,0.5123287671232877,0.018456305584682375
2,0.5123297671232877,0.01758203274881476
3,1.2219178082191782,0.034903963540225465
4,1.3753424657534246,0.03728572129401201
5,2.008219178082192,0.04628102235865224
6,2.126027397260274,0.047021448335104486
7,2.526027397260274,0.045314043261812466
8,2.5835616438356164,0.05004112565346502
9,3.0821917808219177,0.05523978687903576
10,3.1397260273972605,0.0414351788594828
11,3.2931506849315078,0.05787670897034166
12,3.868493150684932,0.061331510739776426
13,4.328767123287672,0.06366994043109275
14,5.210958904109589,0.06657825026848205
15,5.824657534246574,0.06542376224361239
16,6.476712328767122,0.07125509102050008
17,6.994520547945205,0.07128157814360453
18,7.473972602739726,0.06674111585173825
19,7.550684931506847,0.07351751678537767
20,11.02191780821918,0.07720340101931279
21,11.980821917808221,0.07788708433662557
22,13.610958904109587,0.05857321974169565
23,20.035616438356165,0.08713279930483682
