,maturity,rates
1,1.227397260273973,0.014712678683288256
2,1.6876712328767125,0.0191674774381719
3,2.5698630136986296,0.02545195044054661
4,2.915068493150685,0.02812877449479776
5,3.1835616438356165,0.023423124919025567
6,3.2410958904109592,0.030213573826607668
7,3.8356164383561633,0.033022073787547686
8,4.219178082191782,0.03505607421662923
9,4.353424657534247,0.035613565254553704
10,4.832876712328766,0.035984055910532727
11,4.909589041095892,0.037852102553719104
12,5.446575342465754,0.040546808340924716
13,6.0794520547945226,0.04184124270444127
14,7.997260273972603,0.047323310445536115
15,8.38082191780822,0.04828824555044097
16,9.33972602739726,0.050738299931816735
17,10.682191780821919,0.05281518899831382
18,13.002739726027393,0.054836112904314255
19,14.517808219178082,0.05659961022972473
20,15.649315068493149,0.058017115222582925
21,17.394520547945206,0.05920705491526121
