,maturity,rates
1,0.4,0.029897724561507886
2,0.9178082191780822,0.052240974820766166
3,1.4547945205479451,0.0650467587816963
4,2.164383561643836,0.0758366440417323
5,2.317808219178082,0.07869778345689935
6,2.9506849315068493,0.0849998349291162
7,3.068493150684932,0.08811910439103463
8,4.235616438356163,0.09156169681190987
9,4.810958904109589,0.09328011631470837
10,5.27123287671233,0.09401081628229344
11,6.153424657534248,0.09655147606389253
12,6.767123287671232,0.09630327962159173
13,7.419178082191781,0.09839824678034476
14,7.9369863013698625,0.09763842120418197
15,8.416438356164383,0.10460654400898042
16,8.493150684931509,0.09750960310885937
17,11.964383561643837,0.09847182806581116
18,12.923287671232874,0.10014329222211786
19,20.97808219178082,0.10505900313533552
