,maturity,rates
1,0.4383561643835616,0.005005232882584798
2,0.8027397260273973,0.008407862306660808
3,0.9369863013698628,0.010488267419969994
4,0.9945205479452056,0.011158201004687302
5,1.1479452054794521,0.012610345426135405
6,1.7232876712328766,0.016904952505354884
7,2.1835616438356165,0.019942513196284862
8,3.0657534246575344,0.02450120318608616
9,3.410958904109589,0.02630615393664929
10,3.67945205479452,0.02395121472112715
11,3.736986301369863,0.02753651180442429
12,4.331506849315068,0.02956412561926334
13,4.715068493150685,0.030522180201312168
14,4.849315068493151,0.03124764284950741
15,5.328767123287672,0.032578370982363235
16,5.405479452054794,0.033079589796350804
17,5.942465753424657,0.03574797167976313
18,6.575342465753424,0.03678490128376003
19,8.493150684931509,0.040992010521138135
20,8.876712328767123,0.041503249349991715
21,9.835616438356164,0.0437341321232102
22,11.178082191780822,0.0459664305752209
23,13.498630136986305,0.048050124968642485
24,15.013698630136984,0.05067876889399246
25,16.145205479452056,0.05247074001621047
26,17.89041095890411,0.05322402343843027
