,maturity,rates
1,1.2109589041095892,0.0445286156253256
2,1.92054794520548,0.056337135281979575
3,2.0739726027397256,0.05793326834901143
4,2.7068493150684927,0.06525342437498834
5,2.824657534246575,0.06662511046210398
6,3.991780821917808,0.07398155350705682
7,4.567123287671233,0.07510884616317261
8,5.027397260273973,0.07794449841716705
9,5.9095890410958924,0.08011109078875879
10,6.523287671232878,0.08013898369457577
11,7.175342465753426,0.0824285606219668
12,7.693150684931508,0.08311473175778511
13,8.172602739726027,0.09046934898895738
14,8.24931506849315,0.08280466598525672
15,11.720547945205483,0.08404042939191864
16,12.679452054794519,0.08723978200120884
17,20.734246575342464,0.0942638398091513
