,maturity,rates
1,1.3397260273972602,0.04089731604736569
2,1.4931506849315068,0.04249271613445197
3,2.126027397260274,0.05008911104006773
4,2.243835616438356,0.0506692374007128
5,3.410958904109589,0.059829546404225886
6,3.9863013698630136,0.06300936049966728
7,4.446575342465755,0.06526887187616383
8,5.328767123287672,0.0678736791024859
9,5.942465753424657,0.06574029400771017
10,6.594520547945206,0.07004204016619023
11,7.112328767123286,0.07125201739669833
12,7.5917808219178085,0.06936849237787357
13,7.668493150684933,0.07250167908597233
14,11.139726027397261,0.07413828430023192
15,12.098630136986301,0.07571562307337577
16,20.153424657534245,0.08554679112591916
