,maturity,rates
0,0.06301369863013699,0.09380623064679618
1,0.2164383561643836,0.005776389552159916
2,0.8493150684931506,0.017979498346907926
3,0.9671232876712328,0.019284899264544884
4,1.367123287671233,0.0180102050362049
5,1.4246575342465753,0.021553019416884683
6,1.7890410958904108,0.020540295023343272
7,1.9232876712328768,0.02874841826488093
8,1.9808219178082191,0.026497409755173056
9,2.1342465753424658,0.030809435765288662
10,2.7095890410958905,0.03462211571956777
11,3.1698630136986297,0.03714090542721877
12,4.052054794520549,0.040200378239114466
13,4.397260273972603,0.042198674142147063
14,4.665753424657535,0.0418472022716599
15,5.317808219178081,0.04455530232698745
16,5.701369863013697,0.0452548778660362
17,5.835616438356165,0.04678816100062383
18,6.315068493150685,0.04930852356168215
19,6.391780821917808,0.04846187893283802
20,9.47945205479452,0.053566011891433715
21,9.863013698630136,0.05307447750028088
22,10.821917808219178,0.055569365162570314
23,14.484931506849316,0.05903151063945222
24,16.0,0.061165316729898535
25,18.876712328767127,0.06387519948561267
