,maturity,rates
0,0.3780821917808219,0.05461721582682217
1,1.2602739726027397,0.008877441668625488
2,1.6054794520547946,0.0110247717984368
3,1.8739726027397257,0.007511164674924083
4,1.9315068493150684,0.012777630373517116
5,2.526027397260274,0.015077952460955703
6,2.9095890410958902,0.01690963898688784
7,3.0438356164383564,0.017241265970109818
8,3.5232876712328767,0.016696507515334975
9,3.6,0.019398645695955268
10,4.136986301369864,0.021476371283558227
11,4.5205479452054815,0.02247521861847413
12,4.76986301369863,0.02354002829040712
13,5.613698630136986,0.005877707632060291
14,5.843835616438358,0.026428489534774644
15,6.6876712328767125,0.02789979744807694
16,6.7452054794520535,0.028217515086318132
17,7.0712328767123305,0.028435290560455607
18,7.742465753424658,0.03083285037575432
19,8.03013698630137,0.030657442284310436
20,9.372602739726027,0.032979145427395704
21,9.66027397260274,0.024876206128613867
22,10.254794520547943,0.03425388024070193
23,11.693150684931505,0.035527159093793816
24,13.208219178082194,0.03771834217594262
25,14.33972602739726,0.03952491406283678
26,16.084931506849315,0.04292157552626455
27,19.191780821917806,0.042360338909590636
