,maturity,rates
1,1.3972602739726028,0.01036037441561088
2,1.7424657534246577,0.012458408159613113
3,2.010958904109589,0.008767012382756095
4,2.068493150684932,0.01398595629329732
5,2.6630136986301367,0.0168298329296503
6,3.0465753424657533,0.0183196740566162
7,3.1808219178082187,0.018904454624859908
8,3.6602739726027407,0.01866492988397285
9,3.736986301369863,0.021235409269873187
10,4.273972602739726,0.02308442989212095
11,4.6575342465753415,0.02407321662192041
12,4.906849315068493,0.02503740426745417
13,5.980821917808219,0.027854168101960283
14,6.824657534246574,0.02930540172802275
15,6.882191780821918,0.02956027145789226
16,7.208219178082192,0.02989840515319437
17,8.167123287671233,0.03180855404050068
18,9.509589041095893,0.034061593258406665
19,10.391780821917807,0.03537848975445679
20,11.830136986301367,0.03705693954596058
21,13.345205479452055,0.03957876819493202
22,14.476712328767126,0.04065419105579115
23,16.221917808219178,0.04425301765167322
24,19.32876712328768,0.045714210868347815
