,maturity,rates
0,0.021917808219178082,0.09550771375073208
1,0.17534246575342466,0.004579469282026154
2,0.8082191780821918,0.016865266313490813
3,0.9260273972602739,0.018681596791235586
4,1.326027397260274,0.017247572792493632
5,1.3835616438356164,0.02148431158163924
6,1.747945205479452,0.022225939117771282
7,1.8821917808219173,0.02833222098292868
8,1.9397260273972603,0.02612004832889013
9,2.0931506849315067,0.030636212197209006
10,2.6684931506849314,0.034320258222719065
11,3.128767123287671,0.036395809644501134
12,4.0109589041095886,0.039643495371676336
13,4.3561643835616435,0.04177902084483591
14,4.624657534246575,0.03959563975225183
15,5.276712328767124,0.04413488141067693
16,5.660273972602742,0.04567133657673796
17,5.794520547945205,0.04624012533332903
18,6.35068493150685,0.048303807488237836
19,9.438356164383563,0.0539837858869687
20,9.821917808219178,0.05290567727112715
21,10.780821917808215,0.055717566745468634
22,14.443835616438355,0.059599358303648
23,15.958904109589039,0.06170669860663931
24,18.835616438356173,0.06420487803669854
