,maturity,rates
0,0.3616438356164384,0.06631054675070873
1,0.821917808219178,0.008166219129022882
2,1.704109589041096,0.014796604405816106
3,2.0493150684931507,0.01685060945223332
4,2.317808219178082,0.012881102681417018
5,2.3753424657534246,0.019094622859921598
6,2.96986301369863,0.02211949024846508
7,3.3534246575342466,0.02373774425952737
8,3.4876712328767123,0.024679337990631198
9,4.043835616438357,0.026409865742399008
10,4.580821917808219,0.028435345364412425
11,4.964383561643834,0.029978402990910938
12,5.213698630136986,0.03046833793014427
13,6.057534246575343,0.017274101713531442
14,6.287671232876713,0.03371098198251298
15,7.131506849315069,0.03528533263651013
16,7.189041095890411,0.035479314232886534
17,7.515068493150685,0.03574970489313068
18,8.473972602739726,0.03807000807564823
19,9.816438356164383,0.040913238246109374
20,10.698630136986301,0.04193445075340562
21,12.136986301369864,0.04332553452672136
22,13.652054794520547,0.04596046731178356
23,14.783561643835617,0.04735965448269689
24,16.528767123287672,0.05004143711345579
25,19.635616438356163,0.05067439380828658
