,maturity,rates
1,1.5561643835616439,0.012974248329138191
2,1.9013698630136984,0.015446814376372403
3,2.1698630136986297,0.011162338056122248
4,2.2273972602739724,0.01717997067449636
5,2.8219178082191783,0.02013583299661187
6,3.2054794520547945,0.021549258209456783
7,3.3397260273972598,0.02241495979591176
8,3.819178082191781,0.02126091634481108
9,3.895890410958904,0.024507419738960076
10,4.432876712328767,0.02664043366338743
11,4.816438356164384,0.02758564139262074
12,5.065753424657534,0.02822653353305123
13,6.139726027397258,0.03121276605991488
14,6.983561643835618,0.03253347908057686
15,7.041095890410959,0.03277564883737779
16,7.367123287671232,0.03375299081919523
17,8.326027397260274,0.03586047836584105
18,9.668493150684931,0.038122628687649665
19,10.550684931506847,0.03933122650159696
20,11.98904109589041,0.04101528471995515
21,13.504109589041095,0.043632166643252236
22,14.635616438356163,0.04519728188405326
23,16.38082191780822,0.047440304452182766
24,19.487671232876714,0.048137525896396284
