,maturity,rates
0,0.1095890410958904,0.12486568951789125
1,0.22465753424657534,0.01661865896832006
2,0.7424657534246575,0.039544042835620366
3,1.0493150684931507,0.046181993110330256
4,1.2794520547945205,0.04129968072114202
5,1.2794530547945204,0.052328596430531366
6,1.9890410958904108,0.06449103409036043
7,2.1424657534246574,0.06561510510628751
8,2.7753424657534245,0.07151105330468836
9,2.893150684931507,0.07274138176919978
10,3.3506849315068483,0.07449622435832369
11,4.06027397260274,0.07787701998382758
12,4.635616438356164,0.08156026444479131
13,5.978082191780822,0.08478745713209335
14,7.243835616438358,0.08583058154739531
15,7.761643835616439,0.0863021927601895
16,8.241095890410959,0.08787786532120484
17,8.317808219178081,0.08793816020287028
18,11.789041095890413,0.08896186428728199
19,12.747945205479452,0.09019837710243846
20,20.802739726027397,0.09492376707500616
