,maturity,rates
1,0.6931506849315069,0.05279191620065207
2,0.7506849315068493,0.053323249111596714
3,1.2109589041095892,0.053487695511857655
4,1.326027397260274,0.062444807933567735
5,1.8438356164383565,0.07119649697397941
6,2.38082191780822,0.07749412492152705
7,3.0904109589041098,0.08141584912272891
8,3.2438356164383566,0.07471750766850202
9,3.8767123287671232,0.08140941991176405
10,3.994520547945205,0.0779427027992028
11,5.161643835616438,0.08538180550179368
12,5.736986301369862,0.08667424718721149
13,7.0794520547945226,0.0861050179204926
14,7.693150684931508,0.09833224555662157
15,8.345205479452055,0.08782727971168683
16,8.863013698630136,0.08634871226372702
17,9.41917808219178,0.08422746300773988
18,12.89041095890411,0.08722312288965117
19,13.849315068493151,0.08958406379476601
20,21.904109589041095,0.08906954593425476
