,maturity,rates
0,0.5232876712328767,0.07329799970864939
1,0.9835616438356164,0.010876040553279332
2,1.8657534246575345,0.017401120658144417
3,2.2109589041095887,0.01961357985065914
4,2.4794520547945207,0.015500649975020297
5,2.536986301369863,0.02179811787795051
6,3.1315068493150684,0.024976462815397085
7,3.515068493150685,0.02653056116750735
8,3.649315068493152,0.027501082052918943
9,4.1287671232876715,0.028091755023771217
10,4.205479452054795,0.029728724143367476
11,4.742465753424658,0.03179172283875043
12,5.126027397260274,0.0330340843503398
13,5.375342465753425,0.033845571007159334
14,6.219178082191781,0.019492721552343623
15,7.293150684931509,0.03992272311605657
16,7.35068493150685,0.039516661964728785
17,7.676712328767122,0.04007221379131684
18,8.635616438356163,0.04226076498132902
19,9.97808219178082,0.04463271966822326
20,10.265753424657532,0.02580501867097624
21,10.860273972602739,0.046061953046755116
22,12.2986301369863,0.04751323559225127
23,13.813698630136988,0.05010301811435594
24,14.945205479452055,0.05183498033294585
25,16.69041095890411,0.05425762064133632
