,maturity,rates
1,0.8301369863013699,0.05750061137119952
2,0.8876712328767123,0.05591994571434018
3,1.347945205479452,0.058665872631810924
4,1.4630136986301367,0.05802240091686869
5,1.9808219178082191,0.061703691558915225
6,2.5178082191780824,0.0647506479477982
7,3.2273972602739724,0.06819269199526783
8,3.38082191780822,0.06812966037666589
9,4.013698630136987,0.07037469774898315
10,4.131506849315069,0.0698765192150538
11,5.298630136986302,0.07264256625641155
12,5.873972602739726,0.07410988154081538
13,6.3342465753424655,0.07510025462747212
14,7.216438356164383,0.07633040457217287
15,7.83013698630137,0.07452673481936206
16,8.482191780821918,0.07790210008488886
17,9.0,0.07885881333704388
18,9.47945205479452,0.07573949900751241
19,9.556164383561645,0.0805105869471057
20,13.027397260273972,0.08090870138382461
21,13.986301369863016,0.08278532767870304
22,22.04109589041096,0.08764419526789079
