,maturity,rates
1,0.5205479452054794,0.019084836233925682
2,0.5205489452054795,0.018356002083676784
3,1.2301369863013698,0.03576474758040614
4,1.3835616438356164,0.038897419988354616
5,2.0164383561643837,0.047748138510327984
6,2.1342465753424658,0.04923761345810417
7,2.5342465753424657,0.04850772253745232
8,3.0904109589041098,0.05785927928702946
9,3.3013698630136985,0.06011336570644823
10,3.8767123287671232,0.06324599094119084
11,4.336986301369863,0.06595570090551497
12,5.219178082191782,0.06869953150856152
13,5.832876712328768,0.06695989251691392
14,6.484931506849315,0.07192191467851854
15,7.002739726027397,0.07379154055907372
16,7.558904109589043,0.07593470484982065
17,11.03013698630137,0.07954525784424755
18,11.98904109589041,0.08100519589685075
19,20.04383561643836,0.08298296204537133
