,maturity,rates
1,0.9369863013698628,0.036590113725251686
2,1.6465753424657534,0.05369405912617161
3,1.8,0.05648825718926233
4,2.4328767123287682,0.06459079072030356
5,2.5506849315068494,0.06502872130816488
6,3.008219178082192,0.0637421918977191
7,3.7178082191780817,0.07592926840721965
8,4.293150684931507,0.07778516969491743
9,4.753424657534247,0.08054808257835938
10,5.635616438356164,0.08255066086865029
11,6.249315068493153,0.08060000322038477
12,6.9013698630137,0.08699688209880549
13,7.419178082191781,0.08814058324776616
14,7.898630136986301,0.08866833567844629
15,7.9753424657534255,0.08961182012078868
16,11.446575342465751,0.0917714485273582
17,12.405479452054793,0.09303467274535354
18,20.46027397260274,0.09437963368489874
