,maturity,rates
1,0.6136986301369863,0.047901118080998235
2,0.6712328767123288,0.0501061166944618
3,1.1315068493150684,0.05906096882480433
4,1.2465753424657535,0.0587615350064799
5,1.7643835616438357,0.06754749102165394
6,2.3013698630136985,0.0709779343164233
7,3.1643835616438367,0.07430676891853004
8,3.797260273972603,0.07557060932865722
9,3.915068493150685,0.07567696734055825
10,5.082191780821918,0.07876132843389919
11,5.657534246575342,0.07879844357440723
12,6.117808219178082,0.08082469437127701
13,7.0,0.08238059401742343
14,7.613698630136986,0.08516439874038077
15,8.265753424657534,0.08415649609808165
16,8.783561643835617,0.08480512138852123
17,9.263013698630136,0.09308654224818352
18,9.33972602739726,0.085287010969921
19,12.810958904109588,0.08659418842258165
20,13.76986301369863,0.08704945628049537
21,21.824657534246573,0.090671456791116
