,maturity,rates
1,1.4602739726027398,0.009996491888526192
2,1.7287671232876711,0.009384849289937474
3,1.7863013698630137,0.011518599196581894
4,2.38082191780822,0.014422480491387632
5,2.7643835616438355,0.016010716710742924
6,2.8986301369863017,0.016781119047656102
7,3.378082191780821,0.01717226446692234
8,3.4547945205479453,0.018963209654344775
9,3.589041095890411,0.01899135876771772
10,3.991780821917808,0.020718690532899903
11,4.375342465753425,0.021966601403541824
12,4.624657534246575,0.02242587877724354
13,5.698630136986301,0.02533478929964459
14,6.542465753424658,0.02700855529665148
15,6.6,0.026847148632063382
16,6.926027397260274,0.02754896212741272
17,7.597260273972603,0.029473991890754118
18,7.884931506849315,0.0300446923778027
19,9.227397260273973,0.032109245616189434
20,10.10958904109589,0.03322370132272838
21,11.547945205479452,0.03525010585522398
22,13.063013698630135,0.037619997188834124
23,14.194520547945206,0.039156431761388534
24,15.93972602739726,0.0420013690770967
25,19.046575342465754,0.04203398823527155
