,maturity,rates
0,0.7232876712328767,0.10327080220212917
1,1.4328767123287671,0.09702431996511279
2,1.5863013698630135,0.09754872879864726
3,2.219178082191781,0.09808517348702647
4,2.3369863013698633,0.09800076878679616
5,2.794520547945205,0.08722916245849627
6,3.504109589041096,0.09758925886390354
7,4.079452054794522,0.09634073748892825
8,4.5397260273972595,0.09618062606072111
9,5.4219178082191775,0.09568541535958341
10,6.6876712328767125,0.09545114754192603
11,7.205479452054795,0.09419728147046454
12,7.684931506849315,0.08412907996222822
13,7.761643835616439,0.09466509954695866
14,11.232876712328768,0.09162716089052902
15,12.191780821917806,0.09223948193669652
16,20.246575342465754,0.09497627825798446
