,maturity,rates
1,0.8246575342465754,0.04373129125456904
2,1.3424657534246576,0.05408274522898828
3,1.8794520547945208,0.06338960879207453
4,2.589041095890411,0.07057654155810078
5,2.742465753424657,0.07128710099825179
6,3.3753424657534246,0.07420569955519285
7,3.493150684931507,0.07553925414941269
8,4.660273972602742,0.07836129355386877
9,5.235616438356164,0.08000568248169954
10,5.695890410958903,0.08038683796047476
11,6.578082191780823,0.08129581644649116
12,7.191780821917808,0.08477581212594787
13,7.843835616438358,0.0835223255833703
14,8.361643835616439,0.08423604763433494
15,8.841095890410957,0.0881506968236299
16,8.917808219178081,0.08455726646258542
17,12.389041095890413,0.08543652612078115
18,13.347945205479453,0.08656973238756575
19,21.4027397260274,0.08884503453899878
