,maturity,rates
1,1.2876712328767124,0.05256962545358787
2,1.9972602739726024,0.0636171358252444
3,2.150684931506849,0.06602100884199932
4,2.7835616438356166,0.072491480712448
5,2.9013698630136986,0.0736732287910984
6,3.3589041095890413,0.0828478113081505
7,4.068493150684931,0.08020889142190488
8,4.6438356164383565,0.08060462518424913
9,5.986301369863014,0.08763204908111018
10,6.6,0.08846915231685443
11,7.769863013698631,0.0848846738750935
12,8.24931506849315,0.10029838575675093
13,8.326027397260274,0.08749426815220249
14,11.797260273972602,0.09018131232914313
15,12.756164383561645,0.08852034453482213
16,20.81095890410959,0.09670832322831156
