,maturity,rates
1,0.5397260273972603,0.0461710044722395
2,0.5972602739726027,0.04886818689808035
3,1.0575342465753426,0.05706165129417125
4,1.1726027397260277,0.056446156532001523
5,1.6904109589041096,0.06581531134891402
6,2.2273972602739724,0.06985115042035515
7,2.936986301369863,0.07384388146119125
8,3.0904109589041098,0.07412305837848898
9,3.723287671232877,0.07630589522529606
10,5.008219178082191,0.07635439938875796
11,5.583561643835616,0.07825227477986914
12,6.043835616438358,0.07862850088259414
13,6.926027397260274,0.08095719215161627
14,7.5397260273972595,0.08186275365870811
15,9.265753424657532,0.08304283295078849
16,12.736986301369862,0.08430529674702901
17,13.695890410958905,0.08560827132443571
