,maturity,rates
0,0.16986301369863013,0.06058719764738004
1,0.6082191780821918,0.05828205094216366
2,1.3945205479452054,0.059629826706238766
3,1.5095890410958903,0.05922260662181227
4,2.0273972602739727,0.062377870267846386
5,2.5643835616438357,0.0645673110297009
6,3.4273972602739726,0.06669350930380767
7,4.06027397260274,0.06855330133205388
8,4.178082191780821,0.06811270762308884
9,5.9205479452054774,0.07128973007981812
10,6.380821917808219,0.07317918415267502
11,7.263013698630138,0.07371930171216702
12,8.528767123287674,0.07525668102248705
13,9.046575342465754,0.07590194136585314
14,9.602739726027398,0.07723388813894162
15,11.616438356164384,0.09538719905015196
16,13.073972602739724,0.07629548791103012
17,14.032876712328768,0.0779825858530478
