,maturity,rates
0,0.1972602739726028,0.07455671570851045
1,0.3150684931506849,0.005309771060177023
2,0.7150684931506849,0.010791861791610943
3,0.7726027397260274,0.008183622222017219
4,1.1369863013698631,0.00802206045707831
5,1.2712328767123289,0.017042030044030567
6,1.3287671232876712,0.012699273430324272
7,1.4821917808219178,0.019308135554832916
8,2.0575342465753423,0.02355184165450595
9,2.5178082191780824,0.0265823983097928
10,3.4,0.03119088067985701
11,3.7452054794520553,0.03289662196531852
12,4.013698630136987,0.030185639336060763
13,4.071232876712329,0.0345273894445594
14,4.665753424657535,0.03621067609114484
15,5.0493150684931525,0.0379644878236322
16,5.183561643835616,0.03854809695355703
17,5.7397260273972615,0.04019685761124221
18,6.9095890410958924,0.04385536824292447
19,8.827397260273973,0.04720433212826338
20,9.210958904109587,0.04738863093279344
21,10.169863013698633,0.049480978525463036
22,13.832876712328767,0.0532832216211024
23,15.347945205479453,0.056137352917175226
24,18.224657534246575,0.05809738887639133
