,maturity,rates
1,1.3232876712328767,0.009556653554074604
2,1.6684931506849314,0.011551093283560729
3,1.9369863013698632,0.00833241264760236
4,1.9945205479452053,0.009319013700519518
5,2.589041095890411,0.015910571367399408
6,2.972602739726028,0.01787987342538552
7,3.106849315068493,0.018040305102177124
8,3.5863013698630137,0.017734531250258024
9,3.6630136986301367,0.020326444233135583
10,4.2,0.022376896178446817
11,4.583561643835616,0.02344388745728413
12,4.832876712328766,0.024400279566488832
13,5.906849315068492,0.027451341435842297
14,6.750684931506847,0.028828380020652244
15,6.808219178082192,0.029071588845526044
16,7.134246575342464,0.029293240402095806
17,7.805479452054794,0.0315705661344951
18,8.093150684931508,0.03140714148725179
19,9.435616438356163,0.0338752826619114
20,10.317808219178081,0.03493115577792301
21,11.756164383561645,0.036394881156020124
22,13.271232876712327,0.039214258994850135
23,14.402739726027393,0.04037621934858309
24,16.147945205479452,0.044077529379667336
25,19.254794520547946,0.043766873886362335
