,maturity,rates
1,0.07671232876712329,0.007201757166236275
2,0.536986301369863,0.0353035688427535
3,0.6520547945205479,0.03968718532671128
4,1.16986301369863,0.05296549028095191
5,1.4767123287671229,0.05903266381863592
6,1.7068493150684931,0.06339927462028787
7,2.416438356164384,0.0721012586843223
8,2.5698630136986296,0.07320268101289573
9,3.202739726027397,0.07762895201855417
10,3.32054794520548,0.07779987062699659
11,3.72054794520548,0.07380119049354315
12,4.487671232876712,0.07351275559853447
13,5.523287671232877,0.08520036340457315
14,6.405479452054794,0.08634783228234726
15,7.019178082191781,0.08016633508188538
16,8.189041095890412,0.08904187742756145
17,8.668493150684931,0.0876377987103003
18,8.745205479452055,0.08691713669818033
19,12.216438356164383,0.08899679583301777
20,13.175342465753426,0.09140550883803816
21,21.23013698630137,0.09042852110561124
