,maturity,rates
0,0.8493150684931506,0.09133657192125252
1,0.9671232876712328,0.08461544246402265
2,1.4246575342465753,0.08046925373298768
3,2.1342465753424658,0.0808103065886001
4,2.7095890410958905,0.07944076530234664
5,3.1698630136986297,0.07869910180267752
6,4.052054794520549,0.0771815504177457
7,4.397260273972603,0.07747137213644471
8,4.665753424657535,0.08219728213024262
9,5.317808219178081,0.07602159084461652
10,5.701369863013697,0.07518158634779169
11,5.835616438356165,0.07713889173438028
12,6.315068493150685,0.08655965380335107
13,6.391780821917808,0.07701604347261755
14,9.47945205479452,0.07747972909208797
15,9.863013698630136,0.07522742890282404
16,10.821917808219178,0.07685764894630627
17,14.484931506849316,0.07819042910807372
18,16.0,0.0784755850257019
19,18.876712328767127,0.08039982568257602
