,maturity,rates
1,0.5753424657534246,0.046502267763246466
2,0.6328767123287671,0.04986270471922768
3,1.0931506849315071,0.05529565935210142
4,1.2082191780821918,0.0598354232961808
5,1.7260273972602742,0.06938122597663861
6,2.263013698630137,0.07309497912157624
7,2.972602739726028,0.07541038163143061
8,3.1260273972602737,0.07501164396171725
9,3.7589041095890408,0.08046663801009947
10,3.8767123287671232,0.08113763242983765
11,5.043835616438357,0.07935064567845718
12,5.619178082191781,0.08159094466597784
13,6.0794520547945226,0.08413106525768724
14,6.961643835616439,0.08606473826681113
15,7.575342465753424,0.07934878849685313
16,8.227397260273973,0.08813355242875415
17,8.745205479452055,0.08739450400929476
18,9.224657534246576,0.07473578497266511
19,9.301369863013699,0.08847836977386199
20,12.772602739726029,0.09054149006697254
21,13.731506849315071,0.09161111138130792
22,21.786301369863008,0.09234639945625528
