,maturity,rates
1,1.1369863013698631,0.030632888463086237
2,1.2904109589041095,0.03369684289797965
3,1.9232876712328768,0.042485721961571035
4,2.041095890410959,0.04298321686197243
5,2.4986301369863013,0.04744093406942195
6,3.208219178082192,0.05304859681038408
7,3.7835616438356166,0.05669637233719051
8,4.243835616438357,0.059484071364892366
9,5.126027397260274,0.06210920568005233
10,5.471232876712329,0.06427916148051041
11,5.7397260273972615,0.06231523096381107
12,6.391780821917808,0.0666118835689797
13,6.9095890410958924,0.06801065233830128
14,7.389041095890411,0.0684806040578004
15,7.465753424657534,0.06895401929185338
16,10.936986301369863,0.07281710183654792
17,11.895890410958906,0.07411953493848224
18,15.558904109589042,0.0771378735447619
19,19.95068493150685,0.08211268441034003
