,maturity,rates
1,0.9917808219178084,0.026919680087432358
2,1.6246575342465754,0.03541102646798856
3,1.7424657534246577,0.03611728326583368
4,2.9095890410958902,0.04641596359471842
5,3.484931506849315,0.04940542423230872
6,3.945205479452055,0.05122903155723937
7,4.8273972602739725,0.054898033607784696
8,5.172602739726028,0.055523671174578806
9,5.441095890410958,0.05422857707095451
10,6.0931506849315085,0.0575796750812381
11,6.610958904109589,0.059012993580175664
12,7.090410958904108,0.05945944737224392
13,7.167123287671232,0.05941211157677639
14,10.638356164383561,0.06337235515101795
15,11.597260273972607,0.06472044328227315
16,15.26027397260274,0.06809695883659622
17,19.65205479452055,0.0721374037489522
