,maturity,rates
0,0.10136986301369864,0.06633247780985572
1,0.2191780821917808,0.0033858334893150537
2,0.6191780821917808,0.009197290212428157
3,0.6767123287671233,0.006659394902408259
4,1.1753424657534246,0.014344416487986988
5,1.2328767123287672,0.007819753791933727
6,1.3863013698630138,0.016761415410996974
7,1.9616438356164383,0.0214321972913863
8,2.4219178082191783,0.02446061430866436
9,3.304109589041096,0.02877908734258036
10,3.649315068493152,0.030608939762005224
11,3.9178082191780814,0.02739096146871188
12,3.9753424657534246,0.03257244515522238
13,4.569863013698631,0.033711089037695444
14,4.953424657534247,0.03557286788794302
15,5.087671232876712,0.035712464139539976
16,5.567123287671233,0.03840156964521565
17,5.6438356164383565,0.03709477757358011
18,6.813698630136987,0.04115819379243574
20,8.73150684931507,0.03964248962951191
21,9.115068493150686,0.03971966902637007
22,10.073972602739726,0.04129641599947901
23,11.704109589041094,0.04177561526622817
24,13.736986301369862,0.04804786492168149
25,15.252054794520548,0.05314333064600344
26,18.128767123287677,0.053837220165244434
