,maturity,rates
1,1.547945205479452,0.012816084233521142
2,1.8931506849315067,0.015273965845720931
3,2.1616438356164385,0.01113286065757127
4,2.219178082191781,0.017007563099709664
5,2.8136986301369857,0.019929341322451083
6,3.1972602739726037,0.021515876728594417
7,3.3315068493150686,0.022401540206103254
8,3.810958904109589,0.02133580723438837
9,3.8876712328767122,0.024415912178381863
10,4.424657534246577,0.026592750152707425
11,4.808219178082191,0.027491424682697538
12,5.057534246575343,0.02812642425445944
13,6.131506849315069,0.03110974250626355
14,6.9753424657534255,0.03310665204405265
15,7.032876712328767,0.03257926953426787
16,7.358904109589043,0.03369196606445146
17,8.317808219178081,0.03585662669837731
18,9.66027397260274,0.03814342558034045
19,10.54246575342466,0.03940471276124754
20,11.980821917808221,0.04078488016703556
21,13.495890410958905,0.04353116832414772
22,14.627397260273971,0.04507551900458994
23,16.372602739726027,0.047351276260648806
24,19.479452054794518,0.0481330722518547
