,maturity,rates
1,1.2410958904109588,0.015189920179540494
2,1.7013698630136986,0.01979636410676467
3,2.5835616438356164,0.025636535732586428
4,2.928767123287672,0.028359381853433206
5,3.1972602739726037,0.024075072735275368
6,3.2547945205479447,0.03060569745133462
7,3.849315068493152,0.033524839350641315
8,4.232876712328768,0.03545134377245773
9,4.367123287671233,0.036595089640728364
10,4.846575342465753,0.03684599972871172
11,4.923287671232877,0.038610166965525945
12,5.4602739726027405,0.040810354130412285
13,6.0931506849315085,0.04240607764407972
14,8.01095890410959,0.04790459757275902
15,8.394520547945206,0.049002673826505534
16,9.353424657534246,0.051347921370103
17,10.695890410958905,0.053321872343321766
18,13.016438356164384,0.05554501680338006
19,14.531506849315068,0.05733014329788413
20,15.663013698630134,0.058995807913417825
21,17.408219178082188,0.059095722243421286
