,maturity,rates
1,1.3643835616438356,0.01021292164351738
2,1.7095890410958905,0.012161201362549652
3,1.9780821917808216,0.00833937813045364
4,2.0356164383561643,0.01378613655884384
5,2.6301369863013697,0.016634589972131943
6,3.0136986301369864,0.018113165411521547
7,3.1479452054794512,0.018797158738160718
8,3.627397260273973,0.01836816314602473
9,3.7041095890410958,0.021039394264016804
10,4.241095890410959,0.02323073805589278
11,4.624657534246575,0.02428638739422017
12,4.873972602739726,0.025216852495770388
13,5.947945205479453,0.028066273044627974
14,6.791780821917808,0.029440596535954693
15,6.849315068493151,0.029593905434347364
16,7.175342465753426,0.029978602623113738
17,8.134246575342466,0.031958486078598296
18,9.476712328767123,0.03417884943019095
19,10.358904109589039,0.0355914209320554
20,11.797260273972602,0.03717942894325164
21,13.312328767123287,0.039663592424319744
22,14.443835616438355,0.04111604487136045
23,16.18904109589041,0.04378698514428992
24,19.295890410958904,0.0444706053349416
