,maturity,rates
1,0.5589041095890411,0.009867289493356772
2,1.0164383561643835,0.012282469168459044
3,1.7260273972602742,0.023288843232583626
4,2.3013698630136985,0.027656603745461444
5,2.7616438356164386,0.03082572381475924
6,3.643835616438357,0.03500229640533952
7,3.989041095890411,0.032087789998180294
8,4.257534246575342,0.034290776794684605
9,4.909589041095892,0.039898549394215985
10,5.293150684931507,0.04182914521634155
11,5.427397260273971,0.04248227867514531
12,5.906849315068492,0.04135102515836789
13,5.983561643835618,0.039445885358362714
14,7.153424657534248,0.04706186040820743
15,9.071232876712331,0.04969778791312162
16,9.454794520547946,0.04995433945897917
17,10.413698630136986,0.05118879755158784
18,14.076712328767126,0.0551934751062729
19,15.591780821917805,0.05817044143911732
20,18.468493150684928,0.06097207783970464
