,maturity,rates
0,0.0547945205479452,0.08518663425404129
1,0.3232876712328767,0.03187636030766139
2,0.3808219178082192,0.03314819923663341
3,0.8410958904109589,0.04925145519210576
4,0.9561643835616438,0.05132061758346123
5,1.4739726027397255,0.061409204142293575
6,1.7808219178082192,0.06052872213621189
7,2.010958904109589,0.05034671256513488
8,2.010959904109589,0.06839174305553225
9,2.7205479452054795,0.07387917151621692
10,2.8739726027397263,0.07454372914670099
11,3.506849315068493,0.07611596624296453
12,3.6246575342465763,0.07697477442628656
13,4.024657534246575,0.07316606055642541
14,4.082191780821918,0.05381205135314552
15,4.446575342465755,0.029224576055690763
16,4.638356164383562,0.11003676551399183
17,4.791780821917809,0.08202212745035807
18,5.367123287671234,0.08268815404134895
19,5.8273972602739725,0.08336795562361947
20,6.7095890410958905,0.08364180511255738
21,7.323287671232878,0.07986731034283556
22,7.9753424657534255,0.08402455164129055
23,8.493150684931509,0.08432324356460337
24,8.972602739726025,0.07752567030551018
25,9.04931506849315,0.0847693430545687
26,11.063013698630137,0.07249213901057518
27,12.52054794520548,0.08761171907624336
28,13.47945205479452,0.0886206533575638
29,15.10958904109589,0.06648860320766706
30,21.534246575342465,0.08531798814185254
