,maturity,rates
0,0.4383561643835616,0.055437425423010084
1,1.3205479452054794,0.009507158229320429
2,1.6657534246575345,0.01161923000398582
3,1.9342465753424656,0.00763295326812494
4,1.9917808219178081,0.013524802053265264
5,2.5863013698630137,0.01589706062899451
6,2.96986301369863,0.017855261564794448
7,3.104109589041096,0.018045945338957863
8,3.5835616438356164,0.017682266220878182
9,3.6602739726027407,0.02022650824129921
10,4.197260273972603,0.022233758423764932
11,4.580821917808219,0.023483102948166128
12,4.83013698630137,0.02449801001483364
13,5.6739726027397275,0.013126769007954746
14,5.904109589041097,0.027567332969645163
15,6.747945205479453,0.028851913184754118
16,6.8054794520547945,0.02922694670998605
17,7.131506849315069,0.02932553111407048
18,7.802739726027397,0.03159175191117152
19,8.09041095890411,0.03161201522665104
20,9.432876712328767,0.034111539320292115
21,9.720547945205482,0.02607703001987972
22,10.315068493150683,0.03496514966539789
23,11.753424657534245,0.03654301563624929
24,13.268493150684929,0.03922239120244875
25,14.4,0.04050030551559201
26,16.145205479452056,0.04323643479174525
27,19.252054794520546,0.04372293933807559
