,maturity,rates
0,0.06027397260273973,0.1093804211503475
1,0.5780821917808219,0.0268546904054466
2,0.8849315068493151,0.03749618882404003
3,1.1150684931506851,0.031505446537179745
4,1.115069493150685,0.042700004748467225
5,1.824657534246576,0.05491589976741145
6,1.9780821917808216,0.05762708494123471
7,2.6109589041095886,0.06476851474632925
8,2.7287671232876707,0.06614612542482569
9,3.128767123287671,0.06558267911736401
10,3.186301369863014,0.0683703587053155
11,3.684931506849315,0.07198052035268307
12,3.895890410958904,0.07405407419881929
13,4.471232876712329,0.07647667534189978
14,5.813698630136987,0.08107136380454512
15,7.597260273972603,0.08459643128901177
16,8.076712328767123,0.08643313326211814
17,8.153424657534247,0.08531419906274271
18,11.624657534246573,0.08748379838166245
19,12.583561643835615,0.08863400403332702
20,20.638356164383566,0.09030501964700746
