,maturity,rates
0,0.6273972602739726,0.10518009255069499
1,1.336986301369863,0.10157028051086664
2,1.4904109589041097,0.10158669249887266
3,2.1232876712328768,0.09927281275386549
4,2.2410958904109592,0.09773696500273836
5,2.698630136986301,0.10895916427127843
6,3.408219178082192,0.09748305106152541
7,3.983561643835616,0.09665023539488418
8,4.443835616438356,0.09652287669344452
9,5.326027397260273,0.09574742784537307
10,5.93972602739726,0.09276538527737269
11,6.5917808219178085,0.0946046879898565
12,7.109589041095893,0.09400831055348437
13,7.589041095890411,0.08898505073721791
14,7.6657534246575345,0.09389902660389962
15,11.136986301369863,0.09049341552635128
16,12.095890410958905,0.09066291506846168
17,20.150684931506852,0.0951023701909377
