,maturity,rates
0,0.3616438356164384,0.06784354675459127
1,0.6301369863013698,0.04732797493582355
2,0.6876712328767123,0.047905446887129936
3,1.1479452054794521,0.059373019849726025
4,1.263013698630137,0.05996539973854855
5,1.7808219178082192,0.06536752731120404
6,2.0876712328767124,0.06729318271201454
7,2.317808219178082,0.06837975046907703
8,2.3178092191780824,0.06701645993496792
9,3.0273972602739727,0.0705621223527827
10,3.1808219178082187,0.07045580280209852
11,3.813698630136986,0.07283100123533116
12,4.331506849315068,0.09481088544373296
13,5.0986301369863005,0.07561366420105327
14,5.6739726027397275,0.0777371141970296
15,6.134246575342464,0.07802051132642059
16,7.016438356164382,0.0794736081365164
17,7.63013698630137,0.08454106748228818
18,8.282191780821918,0.08121104512156165
19,8.8,0.08200391452934473
20,9.356164383561644,0.08259999154426251
21,12.82739726027397,0.0841756030934691
22,13.786301369863011,0.08485762417114255
23,21.841095890410962,0.08891685654052983
