,maturity,rates
1,1.1452054794520548,0.0077944454061054345
2,1.4904109589041097,0.009941350049375968
3,1.7589041095890412,0.0063915380849248905
4,1.8164383561643835,0.011514925901640344
5,2.410958904109589,0.01415983116125839
6,2.794520547945205,0.01566989797956433
7,2.928767123287672,0.016359341867251142
8,3.408219178082192,0.0167224830476991
9,3.484931506849315,0.01835675349077065
10,3.6191780821917807,0.019077211908442217
11,4.021917808219178,0.019880643175216126
12,4.405479452054794,0.021225915728770715
13,4.654794520547945,0.02157167136879448
14,5.498630136986302,-0.0049199099137188645
15,5.728767123287669,0.024135829315193476
16,6.4219178082191775,0.06413106051392208
17,6.572602739726027,0.02522690967616856
18,6.63013698630137,0.025446597832062524
19,6.956164383561642,0.026729824727030043
20,7.627397260273972,0.02826217161442773
21,7.9150684931506845,0.02890781832493735
22,9.257534246575343,0.030303939298108182
23,9.545205479452054,0.007791912920919635
24,10.13972602739726,0.032210481916055106
25,11.578082191780824,0.03306102098436884
26,13.093150684931507,0.0374708382056273
27,14.224657534246573,0.03742627173803257
28,15.96986301369863,0.040555132599850205
29,19.07671232876713,0.0401978654868934
