,maturity,rates
1,0.5397260273972603,0.009483402261890116
2,0.9972602739726028,0.0047032082511579655
3,1.7068493150684931,0.023063305956667373
4,2.282191780821918,0.0276201188326166
5,2.742465753424657,0.030618600536996637
6,3.6246575342465763,0.03473268820224594
7,3.96986301369863,0.036940348613285684
8,4.238356164383561,0.031823541560113515
9,4.890410958904108,0.04009822979492994
10,5.273972602739726,0.041461173212653316
11,5.4082191780821915,0.0422160750123546
12,5.887671232876714,0.042497758820453584
13,5.964383561643835,0.0436264742814517
14,7.134246575342464,0.04680012482496312
15,9.052054794520547,0.04974218401937007
16,9.435616438356163,0.05012316467760992
17,10.394520547945207,0.051172918937190816
18,14.057534246575342,0.05504609615056814
19,15.572602739726028,0.0579998465735156
20,18.44931506849315,0.06116169673655069
