,maturity,rates
0,0.4246575342465753,0.10057054245151234
1,0.9616438356164384,0.035107169280263494
2,0.9616448356164384,0.0363598183516712
3,1.6712328767123288,0.05115907173034078
4,1.824657534246576,0.053301670676841384
5,2.4575342465753423,0.06213212874276775
6,2.5753424657534247,0.06262688376818458
7,2.9753424657534246,0.061782404523582614
8,3.032876712328767,0.06643065241678317
9,3.5315068493150683,0.07002346109568568
10,3.7424657534246575,0.07211845844951796
11,4.317808219178081,0.07482999909622845
12,4.778082191780824,0.07698658022223366
13,5.660273972602742,0.07960108188248564
14,6.273972602739726,0.07796091974300114
15,6.926027397260274,0.08363654236060193
16,7.443835616438356,0.08421644128327975
17,7.923287671232878,0.08709772101007504
18,8.0,0.0847417136292581
19,10.013698630136986,0.0684882126369621
20,11.471232876712325,0.09067266263603484
21,12.43013698630137,0.09175343891678027
22,20.48493150684932,0.0933462805949028
