,maturity,rates
1,1.3616438356164384,0.01521863110297486
2,1.8219178082191785,0.01912299273755049
3,2.7041095890410958,0.0249162169758311
4,3.0493150684931507,0.02648683040008046
5,3.3178082191780818,0.02300612419896746
6,3.3753424657534246,0.02875783414926385
7,3.96986301369863,0.03130725918043843
8,4.353424657534247,0.03287605884345818
9,4.487671232876712,0.029252057347626138
10,4.9671232876712335,0.034182946379531134
11,5.043835616438357,0.03441455083144918
12,5.580821917808219,0.03707604971400905
13,6.213698630136986,0.03880041491423205
14,8.131506849315068,0.04301502486350596
15,8.515068493150684,0.04328690520337195
16,9.473972602739726,0.042484055048710466
17,10.816438356164383,0.04837547875174082
18,13.136986301369864,0.05035371326257025
19,14.652054794520547,0.05228789939937351
20,15.783561643835617,0.05413179822360376
21,17.528767123287672,0.05455469425880147
