,maturity,rates
0,0.9753424657534246,0.05403689715134753
1,1.3205479452054794,0.053605826042169305
2,1.5890410958904109,0.04863171130212463
3,1.6465753424657534,0.05311222909773466
4,2.2410958904109592,0.05355768043391959
5,2.6246575342465754,0.05367335218933
6,2.7589041095890408,0.05380536910332193
7,3.238356164383561,0.055315531908404145
8,3.315068493150685,0.05446246230028481
9,3.4493150684931506,0.05419860494764769
10,3.8520547945205488,0.05474710082069693
11,4.235616438356163,0.055094974773811194
12,4.484931506849315,0.055528806846070373
13,5.558904109589042,0.056746845678310266
14,6.402739726027397,0.057256380271433836
15,6.4602739726027405,0.05745778122089376
16,6.786301369863014,0.05689676188564281
17,7.457534246575342,0.058534591235880264
18,7.7452054794520535,0.05831489202491798
19,9.087671232876714,0.05971706192162963
20,9.96986301369863,0.06051195145553084
21,11.408219178082195,0.061617215867020195
22,12.923287671232874,0.061888740549488924
23,14.054794520547945,0.061886515930147025
24,15.8,0.06472140363265111
25,18.906849315068488,0.06276248847917336
