,maturity,rates
1,0.7917808219178082,0.05508666403473632
2,1.3095890410958904,0.057929759582780765
3,1.4246575342465753,0.057632180112817726
4,1.9424657534246568,0.0616177029853133
5,2.4794520547945207,0.06507135871017979
6,3.3424657534246576,0.06863740692234675
7,3.9753424657534246,0.07012448905751899
8,4.093150684931507,0.07027110059326112
9,5.2602739726027385,0.07293990164610681
10,5.835616438356165,0.07343606615670098
11,6.295890410958903,0.07487152379837514
12,7.178082191780822,0.07523492918423183
13,7.791780821917808,0.08017087920956628
14,8.443835616438356,0.07589274254429414
15,8.961643835616439,0.07685027373499452
16,9.441095890410958,0.07293959197393543
17,9.517808219178082,0.07720710909585915
18,12.98904109589041,0.07909849915524655
19,13.947945205479453,0.08075333028478307
20,22.002739726027396,0.0819066916228392
