,maturity,rates
1,0.978082191780822,0.03721758627245306
2,1.6876712328767125,0.0509841324592735
3,1.8410958904109591,0.05316033446657005
4,2.473972602739726,0.061938943455350615
5,2.591780821917808,0.06178631160360765
6,3.0493150684931507,0.061976084646834614
7,3.7589041095890408,0.07102372192885803
8,4.794520547945205,0.07583945399743815
9,5.676712328767122,0.07863909918922299
10,6.942465753424657,0.08271574573624138
11,7.46027397260274,0.08491551127409364
12,7.93972602739726,0.08898909355315199
13,8.016438356164384,0.08435637655959309
14,11.487671232876716,0.08751592245189076
15,12.446575342465751,0.08863423407981842
16,20.5013698630137,0.08486326274433119
