,maturity,rates
1,1.2109589041095892,0.013597127237275174
2,1.7863013698630137,0.017966317209914602
3,2.246575342465753,0.020805427087137188
4,3.128767123287671,0.02544699204192167
5,3.4739726027397264,0.027408452706296632
6,3.7424657534246575,0.02433496608629432
7,3.8,0.0284123462887655
8,4.394520547945207,0.030523507554057864
9,4.778082191780824,0.031716928278589115
10,4.912328767123288,0.03214733574781526
11,5.391780821917808,0.032327854839143494
12,5.468493150684932,0.03410176445343745
13,6.638356164383563,0.0377283167786332
14,8.556164383561644,0.04118771948018902
15,8.93972602739726,0.042082744482699434
16,9.898630136986304,0.04426345350649651
17,13.561643835616438,0.04878333199138893
18,15.076712328767126,0.051041029827579236
19,17.953424657534246,0.05419459818079506
