,maturity,rates
0,0.07397260273972603,0.07662079516743987
1,0.13150684931506848,0.0012799755091965866
2,0.28493150684931506,0.003916042847962721
3,0.8602739726027397,0.010422731420319728
4,1.3205479452054794,0.0150630505967323
5,2.202739726027397,0.02148647498256426
6,2.547945205479452,0.02343581318034824
7,2.8164383561643835,0.019285809625875432
8,2.8739726027397263,0.025701484600798942
9,3.4684931506849317,0.02906666715468257
10,3.8520547945205488,0.0307479351126372
11,3.9863013698630136,0.03149546351484632
12,4.465753424657534,0.0315699636653109
13,4.542465753424658,0.033271144651219
14,5.079452054794522,0.035362208483712534
15,5.712328767123287,0.037383298938134836
16,6.556164383561644,0.02534377306411364
17,7.63013698630137,0.04235797014170373
18,8.013698630136986,0.04263815544087441
19,8.972602739726025,0.045427426906179284
20,10.315068493150683,0.04821879277194704
21,12.635616438356163,0.0502800791557347
22,14.150684931506849,0.052286529994638564
23,15.282191780821915,0.05444367598442692
24,17.027397260273972,0.05542965548719633
