,maturity,rates
0,0.5041095890410959,0.09420500014452328
1,0.6575342465753424,0.016782435040983666
2,1.2904109589041095,0.025930196660357962
3,1.4082191780821918,0.02734797191144629
4,1.8657534246575345,0.03081138578393699
5,2.2301369863013702,0.030077895474703163
6,2.364383561643836,0.036350085371616735
7,2.4219178082191783,0.028436220303548213
8,2.5753424657534247,0.03886489310492031
9,3.150684931506848,0.04214185660434499
10,3.6109589041095886,0.045370831662765766
11,4.493150684931507,0.048381601235041885
12,4.838356164383562,0.05003168899485277
13,5.1068493150684935,0.04659545235288375
14,5.758904109589041,0.05291654891314325
15,6.2767123287671245,0.05454630982598218
16,6.756164383561642,0.055283057911344184
17,6.832876712328768,0.054972546248303764
18,9.920547945205481,0.05890276216601675
19,10.304109589041095,0.05980203138722603
20,11.263013698630138,0.060985300605386636
21,14.926027397260276,0.06524824685300243
22,19.317808219178087,0.06766797161344297
