,maturity,rates
0,0.673972602739726,0.07621524199118282
1,1.1342465753424658,0.07229406821153919
2,2.016438356164384,0.07446026793014135
3,2.361643835616438,0.07489148653569044
4,2.6301369863013697,0.0647311962432801
5,2.6876712328767125,0.07554269466530018
6,3.2821917808219183,0.07659953445521427
7,3.6657534246575336,0.07606421211668461
8,3.8,0.07601105209806382
9,4.279452054794521,0.07729502964122147
10,4.356164383561644,0.07636361770676163
11,4.8931506849315065,0.07705311542898502
12,5.276712328767124,0.07836060403873575
13,5.526027397260274,0.07773373222555406
14,7.443835616438356,0.07864073979868062
15,7.5013698630136965,0.08001816175606431
16,7.827397260273971,0.07795102530408309
17,8.786301369863013,0.07873007951981549
18,10.128767123287671,0.08053425015796241
19,12.449315068493151,0.08090323646944539
20,13.964383561643837,0.08156313011358718
21,15.095890410958905,0.08230862548201401
22,16.841095890410962,0.08322776643586764
