,maturity,rates
1,0.3589041095890411,0.02721899455043307
2,0.8767123287671232,0.050804703000271186
3,1.1835616438356165,0.060384671164066824
4,1.4136986301369865,0.0521776748515485
5,1.4136996301369864,0.0654349776344956
6,2.1232876712328768,0.07911524736763913
7,2.2767123287671227,0.08091475735194713
8,2.9095890410958902,0.08794529086179205
9,3.0273972602739727,0.08994929428095018
10,3.484931506849315,0.0924799584727816
11,4.1945205479452055,0.0958703254995798
12,4.76986301369863,0.09480888835956633
13,6.112328767123286,0.10103021034813034
14,6.726027397260274,0.09551632647729598
15,7.3780821917808215,0.1036314026532723
16,7.895890410958903,0.10506296473243913
17,8.452054794520548,0.10382778640668927
18,11.923287671232874,0.10324923562918854
19,12.882191780821914,0.10524367445821574
20,20.936986301369863,0.10644090260293293
