,maturity,rates
1,1.4246575342465753,0.012930129792265205
2,1.6931506849315068,0.011588759668292415
3,1.7506849315068491,0.014960108573998659
4,2.345205479452055,0.018696198259905053
5,2.7287671232876707,0.02057334218331593
6,2.863013698630137,0.021516540299000745
7,3.3424657534246576,0.02018411547580129
8,3.419178082191781,0.02404127404898681
9,3.5534246575342467,0.021216395696056684
10,3.956164383561644,0.02556444225877949
11,4.339726027397258,0.0281307880954099
12,4.589041095890411,0.028692932842949607
13,5.663013698630137,0.03225429657035532
14,6.506849315068492,0.03489895542323897
15,6.5643835616438375,0.03502291505568473
16,6.890410958904107,0.035295629091408334
17,7.561643835616437,0.03754718674724253
18,7.8493150684931505,0.038315495830702366
19,9.191780821917806,0.0410804321575594
20,10.073972602739726,0.04158594855434911
21,11.512328767123284,0.04376757212637269
22,13.027397260273972,0.04651996339775477
23,14.158904109589045,0.048298164687695086
24,15.904109589041095,0.05040120206299195
25,19.01095890410959,0.051805017878819824
