,maturity,rates
1,0.2657534246575343,0.02057025441916285
2,0.7835616438356164,0.04313042235731274
3,1.0904109589041096,0.05321381249799933
4,1.3205479452054794,0.0446415343002711
5,1.3205489452054793,0.055913096729499914
6,2.03013698630137,0.06623947443286968
7,2.1835616438356165,0.06850597116606205
8,2.8164383561643835,0.07544246816483886
9,2.9342465753424656,0.07620832355734661
10,3.3917808219178083,0.07924748845961836
11,4.676712328767123,0.0821295845584684
12,5.136986301369864,0.08575468880727556
13,6.019178082191781,0.08698938654804758
14,6.632876712328768,0.09010319045374997
15,7.284931506849315,0.08913560012246115
16,7.802739726027397,0.09001346661749708
17,8.35890410958904,0.09219985258854324
18,11.830136986301367,0.09365530050645426
19,12.789041095890413,0.09451452770461256
20,20.843835616438355,0.10187068377338312
