,maturity,rates
0,0.01643835616438356,0.06878602585862394
1,0.4767123287671233,0.004229034544242235
2,1.3589041095890408,0.010123703376606554
3,1.704109589041096,0.012101028358833529
4,1.9726027397260275,0.00804755632583033
5,2.03013698630137,0.013710804390713814
6,2.6246575342465754,0.016503270792015603
7,3.008219178082192,0.0180171113743163
8,3.1424657534246574,0.018622688543083167
9,3.6219178082191785,0.018305013330800427
10,3.6986301369863015,0.02098665156407584
11,4.235616438356163,0.023102846511239
12,4.619178082191781,0.024090711446718416
13,4.868493150684932,0.025048100906425726
14,5.712328767123287,0.01296458074044078
15,5.942465753424657,0.02798785391982849
16,6.786301369863014,0.029254191286486268
17,6.843835616438358,0.02950350468564836
18,7.16986301369863,0.02982736493452976
19,8.128767123287671,0.03184185450426457
20,9.471232876712328,0.03438122770998783
21,10.353424657534246,0.03543101422564232
22,11.791780821917806,0.03698731338144292
23,13.306849315068495,0.03958831450812225
24,14.438356164383562,0.04090639758263495
25,16.183561643835617,0.043692065293176235
26,19.290410958904108,0.04424194424263342
