,maturity,rates
1,0.8246575342465754,0.021278227927105847
2,1.4575342465753425,0.03057098080560485
3,1.5753424657534247,0.03125382804145186
4,2.032876712328767,0.0337429196275355
5,2.742465753424657,0.04249876202392307
6,3.3178082191780818,0.04607841724319705
7,3.778082191780822,0.048318217818812965
8,4.660273972602742,0.05055515883599048
9,5.005479452054795,0.051170419728627785
10,5.273972602739726,0.049531323030045545
11,5.926027397260274,0.054123781009894255
12,6.443835616438356,0.05479938444707957
13,7.0,0.0555249813388672
14,10.087671232876714,0.059923912495797586
15,10.471232876712328,0.05496994537246678
16,11.43013698630137,0.061609865284180686
17,15.093150684931507,0.0653737487430688
18,19.48493150684932,0.06939622730714141
