,maturity,rates
0,0.5780821917808219,0.059996966151602577
1,0.8465753424657534,0.05885639279118783
2,1.3643835616438356,0.060085020222028766
3,1.4794520547945205,0.05998884710493341
4,1.9972602739726024,0.06230872443517654
5,2.5342465753424657,0.06526733757874158
6,3.2438356164383566,0.06746609341808638
7,3.3972602739726026,0.0678273576386634
8,5.315068493150685,0.07190170582254271
9,5.890410958904107,0.07268038951254764
10,6.35068493150685,0.07385935998183096
11,7.232876712328768,0.07455393396120907
12,7.846575342465752,0.0753114394011493
13,8.498630136986304,0.0763681331046427
14,9.016438356164382,0.07668909364597801
15,9.572602739726028,0.07830414086543225
16,13.043835616438356,0.07974838515218871
17,14.002739726027393,0.08124937837828271
18,22.057534246575347,0.08047613097077706
