,maturity,rates
1,0.13150684931506848,0.011752197006145522
2,0.5917808219178082,0.0368812006704298
3,0.7068493150684931,0.04164225507760234
4,1.2246575342465753,0.05525482093550479
5,1.5315068493150683,0.05682646216675932
6,1.7616438356164383,0.05518921311421944
7,1.7616448356164385,0.0632166757846656
8,2.4712328767123286,0.07135929953543356
9,2.6246575342465754,0.07306859500705976
10,3.2575342465753425,0.07618885451624204
11,3.3753424657534246,0.0775150088715332
12,4.542465753424658,0.07928643184237401
13,5.117808219178082,0.08317957477857615
14,5.578082191780823,0.08381398855400933
15,6.4602739726027405,0.0827791833763085
16,7.073972602739726,0.08408129651594991
17,7.726027397260274,0.08550696005229087
18,8.243835616438357,0.08545591394036939
19,8.723287671232876,0.08926644870776529
20,8.8,0.08612106131263947
21,12.271232876712327,0.08741158543376057
22,13.23013698630137,0.08882103882874065
23,21.28493150684932,0.0919767335055087
