,maturity,rates
1,1.2712328767123289,0.014494410631964503
2,2.1534246575342464,0.02091406177100907
3,2.4986301369863013,0.02320537669487632
4,2.767123287671233,0.019371692343070356
5,2.824657534246575,0.025517212891789088
6,3.419178082191781,0.028869615466807393
7,3.8027397260273967,0.030647821291335326
8,3.936986301369863,0.0314731421406258
9,4.416438356164384,0.03131817556684429
10,4.493150684931507,0.03304217695858195
11,5.03013698630137,0.035662476923760365
12,5.663013698630137,0.03740620876168613
13,7.580821917808219,0.042070464970073315
14,7.638356164383563,0.042525071342737815
15,7.964383561643835,0.043349959150468215
16,8.923287671232877,0.04567331938044258
17,10.265753424657532,0.048538357770007534
18,12.586301369863017,0.05068053519829018
19,14.101369863013694,0.05285896297638242
20,15.232876712328768,0.054981536042707786
21,16.97808219178082,0.05601153980997909
