,maturity,rates
1,1.1917808219178083,0.013412976863553349
2,1.7671232876712328,0.01775184195656048
3,2.2273972602739724,0.02066704657754977
4,3.1095890410958904,0.02538175053661384
5,3.4547945205479453,0.027148281763812846
6,3.723287671232877,0.024026249434334842
7,3.7808219178082183,0.02837147985000717
8,4.375342465753425,0.030396029220912908
9,4.758904109589041,0.03177560298008107
10,4.8931506849315065,0.03213817109452307
11,5.449315068493153,0.033981053704849315
12,5.986301369863014,0.03643862139022573
13,6.619178082191781,0.03756817853146161
14,8.536986301369863,0.04139622744615596
15,8.920547945205481,0.042218931896066576
16,9.87945205479452,0.044259119688610564
17,13.542465753424661,0.04886719627722036
18,15.057534246575342,0.05091170266683085
19,16.18904109589041,0.052867673907292564
20,17.93424657534247,0.053867564879575135
