,maturity,rates
1,0.7150684931506849,0.0070905281304874624
2,1.5972602739726027,0.013443149366481505
3,1.9424657534246568,0.015803618697738872
4,2.2109589041095887,0.011541888777831084
5,2.2684931506849315,0.017568111796833916
6,2.863013698630137,0.02041248532147504
7,3.246575342465753,0.021948357393350885
8,3.38082191780822,0.02270162291399917
9,3.8602739726027404,0.022068899253942884
10,3.936986301369863,0.02492978751998681
11,4.473972602739726,0.026945719876560168
12,4.857534246575343,0.02781524271699513
13,5.1068493150684935,0.028345845061743882
14,6.1808219178082195,0.03140937081369171
15,7.024657534246575,0.03276109548402495
16,7.082191780821918,0.0329680772437718
17,7.4082191780821915,0.03412463332473914
18,8.367123287671232,0.03600305752675805
19,9.70958904109589,0.038488976709721984
20,10.591780821917807,0.039912011308622215
21,12.03013698630137,0.04123097667516669
22,13.545205479452054,0.04388377782549335
23,14.676712328767126,0.04519998164895112
24,16.421917808219174,0.048181402392210325
25,19.528767123287672,0.0485438863306839
