,maturity,rates
1,0.5534246575342465,0.04476887816785762
2,1.0136986301369864,0.05454471902637659
3,1.1287671232876713,0.056973791593470435
4,1.6465753424657534,0.0631323701139491
5,2.1835616438356165,0.06757911238478148
6,2.893150684931507,0.07000658596396679
7,3.0465753424657533,0.07069395941212757
8,3.67945205479452,0.07216293618442929
9,3.797260273972603,0.07258129232968448
10,4.964383561643834,0.07486399261841432
11,5.53972602739726,0.07500994364507779
12,6.0,0.07566680605357635
13,6.882191780821918,0.07717338231394327
14,7.495890410958903,0.08447266250097124
15,8.147945205479452,0.0780022506999338
16,8.665753424657536,0.07900407640183207
17,9.221917808219178,0.07999437064983761
18,12.693150684931505,0.0824344871835516
19,13.652054794520547,0.08262348888501432
