,maturity,rates
1,1.1643835616438356,0.04490481588989263
2,1.8739726027397257,0.058952494162730136
3,2.0273972602739727,0.05911303232629358
4,2.66027397260274,0.06854141693329588
5,2.778082191780822,0.06875199350330831
6,4.5205479452054815,0.07699450342470708
7,4.9808219178082185,0.07959511119383528
8,5.863013698630137,0.08277023262873505
9,6.476712328767122,0.08627445610578942
10,7.128767123287673,0.08473399809875434
11,7.646575342465752,0.08537061807625959
12,8.126027397260273,0.0948273763113996
13,8.202739726027398,0.08607644129299201
14,11.673972602739726,0.08919684339633015
15,12.632876712328768,0.08863849145840054
16,20.687671232876717,0.09348759351763612
