,maturity,rates
1,1.0931506849315071,0.041653734789003215
2,1.8027397260273967,0.05447500340967235
3,1.956164383561644,0.05678643721792771
4,2.589041095890411,0.0643205004496773
5,2.7068493150684927,0.06530763580378493
6,3.1643835616438367,0.06976000468775068
7,3.8739726027397263,0.0735288826683223
8,4.449315068493152,0.07624253182089476
9,4.909589041095892,0.07862502892070923
10,5.791780821917808,0.08103089287066823
11,7.057534246575343,0.08277398727490116
12,7.575342465753424,0.08451913961566718
13,8.131506849315068,0.08581262803266096
14,11.602739726027398,0.08862136216123254
15,12.561643835616438,0.08938046203257224
16,20.616438356164387,0.09117604705887987
