,maturity,rates
0,1.0575342465753426,0.06147593399527715
1,1.4027397260273973,0.06205750528632661
2,1.6712328767123288,0.057936825524291594
3,1.7287671232876711,0.06381193391808107
4,2.3232876712328765,0.06303851822329488
5,2.7068493150684927,0.06538588057453198
6,2.8410958904109593,0.06825216901811733
7,3.32054794520548,0.06293017451255258
8,3.3972602739726026,0.06827228582356755
9,3.5315068493150683,0.06544802907534646
10,3.9342465753424656,0.0659287480179125
11,4.317808219178081,0.06692346931678167
12,4.567123287671233,0.06739959387020496
13,5.641095890410958,0.06719133988116172
14,6.484931506849315,0.06834992873416344
15,6.542465753424658,0.06844571051267377
16,6.868493150684931,0.06676440358963838
17,7.5397260273972595,0.06889695936935378
18,7.827397260273971,0.06870091343653793
19,9.169863013698633,0.0691007250320816
20,10.052054794520547,0.0700985257436988
21,11.490410958904107,0.0708876349530679
22,13.005479452054795,0.07072378892804722
23,14.136986301369864,0.07102215198048269
24,15.882191780821916,0.07587243220321693
25,18.98904109589041,0.07157920061945357
