,maturity,rates
0,0.4,0.08648522266427704
1,1.0328767123287672,0.08053079754624455
2,1.1506849315068493,0.07785047700124524
3,1.6082191780821915,0.07666803016968046
4,2.317808219178082,0.07759668007362033
5,2.893150684931507,0.07665690633392347
6,3.3534246575342466,0.07689883927923995
7,4.235616438356163,0.07611347224000835
8,4.580821917808219,0.07670327771175155
9,4.849315068493151,0.08046261719084466
10,5.501369863013698,0.07625738050131942
11,6.019178082191781,0.07725839152568793
12,6.575342465753424,0.07719770177859471
13,9.663013698630136,0.0790605027240837
14,10.046575342465754,0.07758455536114077
15,11.005479452054796,0.07872435434127736
16,14.668493150684931,0.08203135355448532
17,19.06027397260274,0.08149418892400548
