,maturity,rates
1,1.1534246575342466,0.006279579032449383
2,1.4219178082191783,0.0056980603460240024
3,1.4794520547945205,0.007864400806696968
4,2.0739726027397256,0.009883698908865491
5,2.4575342465753423,0.01169690549346458
6,2.591780821917808,0.011929191302285754
7,3.0712328767123287,0.012204345815227748
8,3.1479452054794512,0.013859837392586984
9,3.2821917808219183,0.01452262169136887
10,3.684931506849315,0.015573651706755096
11,4.068493150684931,0.016342016491605153
12,4.317808219178081,0.0175036833810956
13,5.065753424657534,0.02031190650086225
14,5.391780821917808,0.02061129120080011
15,6.235616438356162,0.0221698043359393
16,6.293150684931509,0.02212000816402839
17,6.619178082191781,0.02272380191480344
18,7.290410958904108,0.025028564250918903
19,7.5780821917808225,0.0250554892787772
20,8.920547945205481,0.02786677402292397
21,9.802739726027397,0.029298417997863344
22,11.241095890410962,0.03114765285479649
23,12.756164383561645,0.033612749221189786
24,13.887671232876713,0.03497793858948005
25,15.076712328767126,0.036479738947796686
26,15.632876712328768,0.03663319522066723
27,18.73972602739726,0.03853377157267115
