,maturity,rates
0,0.6657534246575343,0.10188353457688497
1,1.3753424657534246,0.0975775143351781
2,1.5287671232876712,0.09837328012930041
3,2.1616438356164385,0.09858940245382192
4,2.2794520547945205,0.09833373613148177
5,2.736986301369863,0.10520144112692886
6,3.4465753424657533,0.09513849787162533
7,4.021917808219178,0.09651181326051472
8,4.4821917808219185,0.09669699179179712
9,5.364383561643836,0.09486284938495532
10,5.978082191780822,0.0964220279967005
11,6.63013698630137,0.0940054304277651
12,7.147945205479453,0.09305133464678071
13,7.627397260273972,0.0802419881129874
14,7.7041095890410975,0.09401653930921795
15,11.175342465753424,0.08988437530608458
16,12.134246575342464,0.09007906961319131
17,20.18904109589041,0.09019100872204612
