,maturity,rates
1,0.7534246575342466,0.0076241815775645845
2,1.6356164383561644,0.014168251708131978
3,1.9808219178082191,0.016673590960190963
4,2.249315068493151,0.011905268756825918
5,2.3068493150684932,0.018388321019133267
6,2.9013698630136986,0.02150672925359292
7,3.2849315068493152,0.022922900082041932
8,3.419178082191781,0.0235851885368255
9,3.8986301369863017,0.02378955396595736
10,3.9753424657534246,0.02598114806234949
11,4.512328767123288,0.02758406505325254
12,4.895890410958904,0.02893382152554198
13,5.145205479452055,0.029523835062796707
14,6.219178082191781,0.0323268853007758
15,7.0630136986301375,0.03436009577788154
16,7.120547945205479,0.034426171210103496
17,7.446575342465754,0.035326895641469444
18,8.405479452054795,0.037388065112345104
19,9.747945205479452,0.0394265806650898
20,10.63013698630137,0.040310642198529936
21,12.068493150684931,0.042051505414593765
22,13.583561643835615,0.044604492208455325
23,14.715068493150685,0.04614197159537495
24,16.46027397260274,0.04948029702208235
25,19.567123287671233,0.04935986136025795
