,maturity,rates
0,0.20821917808219176,0.09559621982080448
1,0.4383561643835616,0.01573630569212317
2,0.4383571643835616,0.015724266831185142
3,1.1479452054794521,0.031499628701703045
4,1.3013698630136987,0.0345739483148853
5,1.9342465753424656,0.04330653372670023
6,2.052054794520548,0.04321820799049215
7,2.4520547945205484,0.045119171247562234
8,2.5095890410958903,0.04654523641940303
9,3.008219178082192,0.052356554534304066
10,3.0657534246575344,0.043062184371767856
11,3.2191780821917813,0.054200551609034836
12,3.7945205479452055,0.05736512796883735
13,4.2547945205479465,0.05981834336614938
14,5.136986301369864,0.06327995911994283
15,5.482191780821919,0.06518923490106457
16,5.750684931506847,0.06234442771796937
17,6.402739726027397,0.06750559636743735
18,6.9205479452054774,0.06823992913618564
19,7.4,0.07041959130960522
20,7.476712328767122,0.0695615997466699
21,10.947945205479453,0.0735258103454607
22,11.906849315068493,0.07393927825435732
23,15.56986301369863,0.07753112776081879
24,19.961643835616442,0.08271555799447222
