,maturity,rates
0,0.5808219178082191,0.06026976539196139
1,1.4630136986301367,0.05828794994615496
2,1.808219178082192,0.05822444467030186
3,2.0767123287671234,0.049767810563730135
4,2.1342465753424658,0.05819967223352522
5,2.7287671232876707,0.05871479230343794
6,3.112328767123288,0.058469902257004665
7,3.246575342465753,0.0587364591058366
8,3.7260273972602738,0.05673167180543842
9,3.8027397260273967,0.05935683110390725
10,4.339726027397259,0.059526079960994724
11,4.723287671232876,0.05944014815958266
12,4.972602739726027,0.05986576268644677
13,6.0465753424657525,0.0603331835138051
14,6.890410958904107,0.060966797202762144
15,6.947945205479453,0.0613621334841021
16,7.273972602739726,0.06155374083020808
17,8.232876712328768,0.06198567944146938
18,9.575342465753424,0.06250912728542135
19,10.45753424657534,0.0628500169526004
20,11.895890410958906,0.06436072260448834
21,13.41095890410959,0.0652871804077333
22,14.54246575342466,0.06483733682087064
23,16.28767123287671,0.07001634123265817
24,19.394520547945206,0.06522299084706608
