,maturity,rates
0,0.052054794520547946,0.058709848788759886
1,0.9342465753424658,0.006270074884325227
2,1.2794520547945205,0.008129411841157624
3,1.547945205479452,0.0073827691391351044
4,1.6054794520547946,0.009434351112712066
5,2.2,0.01208736479202039
6,2.5835616438356164,0.013568429518788741
7,2.7178082191780817,0.01448257876716191
8,3.1972602739726037,0.01489191347978176
9,3.2739726027397262,0.01639926032877524
10,3.408219178082192,0.017034639964402198
11,3.810958904109589,0.0179302486233937
12,4.1945205479452055,0.019304413706956385
13,4.443835616438356,0.0203560792232036
14,5.287671232876712,-0.018035567916697203
15,5.5178082191780815,0.02286416045701229
16,6.210958904109589,0.061648221244103886
17,6.361643835616437,0.024406965010194175
18,6.419178082191781,0.02447381096943573
19,6.7452054794520535,0.025397113334278475
20,7.416438356164384,0.028104721894625827
21,7.7041095890410975,0.028154230256482563
22,9.046575342465754,0.0298754745689057
23,9.334246575342464,0.00782336101060325
24,9.928767123287669,0.032501745370664414
25,11.367123287671232,0.034094996104283966
26,12.882191780821914,0.036088628862077726
27,14.013698630136984,0.03660943638577064
28,15.758904109589038,0.03928257531702888
29,18.86575342465753,0.040888134195087696
