,maturity,rates
1,1.4794520547945205,0.011783965833023506
2,1.824657534246576,0.013679591477142336
3,2.0931506849315067,0.010100874576887556
4,2.150684931506849,0.015283820646061257
5,2.7452054794520557,0.01805707208105111
6,3.128767123287671,0.019399298629098647
7,3.263013698630137,0.02014076973560766
8,3.7424657534246575,0.01972229974114079
9,3.819178082191781,0.022269869263424443
10,4.3561643835616435,0.024122116380999918
11,4.7397260273972615,0.024920137912806187
12,4.9890410958904114,0.025622071668489014
13,6.0630136986301375,0.028307247483800764
14,6.906849315068492,0.030286064457851005
15,6.964383561643835,0.030450111437813093
16,7.290410958904108,0.030992734056081724
17,8.24931506849315,0.033008448559942415
18,9.591780821917807,0.035213093778772006
19,10.473972602739726,0.03617694090383188
20,11.912328767123284,0.03843107454150358
21,13.427397260273972,0.04067633612426061
22,14.558904109589042,0.04175840706149527
23,16.304109589041094,0.04500171284138325
24,19.410958904109584,0.045144689343401566
