,maturity,rates
1,0.978082191780822,0.01970570848541693
2,1.4356164383561645,0.02051688620437604
3,2.1452054794520548,0.03107189415949455
4,2.7205479452054795,0.0349298363986791
5,3.1808219178082187,0.037189006030401935
6,4.063013698630137,0.040459508036925496
7,4.4082191780821915,0.042485487885142816
8,4.676712328767123,0.04182585749359241
9,5.328767123287672,0.04500810729516661
10,5.712328767123287,0.04663582023389251
11,5.846575342465752,0.04686047355693737
12,6.3260273972602725,0.049050977314436785
13,6.402739726027397,0.04862863978875152
14,9.490410958904107,0.053971600620514336
15,9.873972602739727,0.0535204788677407
16,10.832876712328767,0.05617938197909054
17,14.495890410958905,0.059406981968001565
18,16.01095890410959,0.06137133055753397
19,18.88767123287672,0.06400373191861966
