,maturity,rates
1,1.2109589041095892,0.035193890047204315
2,1.3643835616438356,0.03754486242547489
3,1.9972602739726024,0.04651959560238677
4,2.115068493150685,0.047750438390966286
5,2.5726027397260283,0.04924770003490358
6,3.2821917808219183,0.058818356966294574
7,3.857534246575343,0.062206578879373926
8,4.317808219178081,0.06432987341593836
9,5.2,0.06782351089709769
10,5.813698630136987,0.06561764043946346
11,6.465753424657534,0.07138567814192258
12,6.983561643835618,0.07325517875728678
13,7.463013698630138,0.07228053045726122
14,7.5397260273972595,0.07485385866600326
15,11.01095890410959,0.07840605257298522
16,11.96986301369863,0.07981552061676124
17,20.024657534246565,0.08467254667303196
