,maturity,rates
0,0.3013698630136986,0.11112957952559986
1,0.8191780821917808,0.11439481947553512
2,1.356164383561644,0.11026670314254372
3,2.0657534246575344,0.11259509961622755
4,2.219178082191781,0.11363044661439675
5,2.8520547945205488,0.1132663799276729
6,2.96986301369863,0.11482045942840743
7,3.4273972602739726,0.11971586969931837
8,4.136986301369864,0.11239857663188177
9,5.172602739726028,0.11235180348320283
10,6.054794520547945,0.11242393254982139
11,6.668493150684933,0.11898299791223826
12,7.320547945205481,0.11137761912021218
13,7.838356164383563,0.11199071848339122
14,8.394520547945206,0.11192138042780544
15,11.865753424657536,0.11281529846987934
16,12.824657534246574,0.11015375242911182
17,20.87945205479452,0.1177450028450619
