,maturity,rates
1,0.15616538356164386,0.005871650871879087
2,0.8657534246575342,0.02426827017665291
3,1.0191780821917809,0.02675391962403196
4,1.652054794520548,0.036052496891048204
5,1.7698630136986302,0.036808377810897214
6,2.1698630136986297,0.03617599115551741
7,2.2273972602739724,0.03931441363492446
8,2.7260273972602738,0.04521631014177127
9,2.936986301369863,0.047212955716536914
10,3.512328767123288,0.049751519172199006
11,3.9726027397260273,0.0523372303787068
12,4.854794520547945,0.054913977539648134
13,5.2,0.056026853630164776
14,5.468493150684932,0.05382873834546115
15,6.120547945205479,0.058041323708018684
16,6.638356164383563,0.0588090642042114
17,7.117808219178082,0.06081788011494772
18,7.1945205479452055,0.059910876625608275
19,10.665753424657536,0.06333255643187083
20,11.624657534246573,0.06476302338169428
21,15.287671232876713,0.06807400190585945
22,19.67945205479452,0.0728623960951393
