,maturity,rates
1,0.978082191780822,0.010804671040507287
2,1.86027397260274,0.01725093099069333
3,2.2054794520547945,0.01955277448738158
4,2.473972602739726,0.015352784867956024
5,2.5315068493150683,0.021567877905202325
6,3.1260273972602737,0.024758037671221467
7,3.5095890410958903,0.02642528999896204
8,3.643835616438357,0.0272269704179847
9,4.123287671232877,0.02817494316729695
10,4.2,0.029565914024375018
11,4.736986301369863,0.03160155138105655
12,5.120547945205479,0.032673812596835834
13,5.36986301369863,0.03363112283083848
14,6.213698630136986,0.02241370714490113
15,7.287671232876713,0.039023622019046085
16,7.345205479452055,0.03900039612028286
17,7.671232876712327,0.039375012031814066
18,8.63013698630137,0.041364899237658466
19,9.972602739726025,0.041180949272862345
20,10.260273972602741,0.030035898818360607
21,10.854794520547943,0.04555609266162633
22,12.293150684931504,0.047002617628750326
23,13.808219178082194,0.0495318157050754
24,14.93972602739726,0.05104397256073332
25,16.684931506849313,0.054071897789028656
