,maturity,rates
1,1.0986301369863014,0.042090415937184204
2,1.808219178082192,0.05471430647937335
3,1.9616438356164383,0.05786846246581185
4,2.5945205479452054,0.06456060222686287
5,2.712328767123288,0.06591705868635288
6,3.1698630136986297,0.06973334673230028
7,3.8794520547945206,0.0755083564678401
8,4.9150684931506845,0.07989857802287732
9,5.7972602739726025,0.08084917877143627
10,7.0630136986301375,0.0846778248133941
11,7.580821917808219,0.08592111209313237
12,8.06027397260274,0.08319798274456572
13,8.136986301369863,0.08718448518889124
14,11.608219178082194,0.08979386864334217
15,12.567123287671233,0.09084611575252573
16,20.621917808219177,0.0910466848620054
