,maturity,rates
1,0.7808219178082192,0.00786763445102085
2,1.663013698630137,0.014573919443706394
3,2.008219178082192,0.016629632942886257
4,2.2767123287671227,0.012516001690072212
5,2.334246575342466,0.01899172830770205
6,2.928767123287672,0.0220599779432666
7,3.3123287671232875,0.02355303704651317
8,3.4465753424657533,0.024365269645840647
9,3.9260273972602735,0.023355751966157464
10,4.002739726027397,0.0260406692637338
11,4.53972602739726,0.028135322781403824
12,4.923287671232877,0.029568216688939705
13,5.172602739726028,0.03016391543262076
14,6.2465753424657535,0.033063157707221555
15,7.090410958904108,0.03478483241499919
16,7.147945205479453,0.034941844910966545
17,7.473972602739726,0.0358430142403272
18,8.432876712328767,0.03787474484026577
19,9.775342465753424,0.04045903386896281
20,10.657534246575343,0.041481683627068604
21,12.095890410958905,0.04291786015517714
22,13.610958904109587,0.045333229344519936
23,14.742465753424652,0.04683993063239604
24,16.487671232876714,0.05020642439189655
25,19.594520547945205,0.05017166118572815
