,maturity,rates
0,0.7726027397260274,0.10283864049906054
1,1.4821917808219178,0.09541496624093364
2,1.6356164383561644,0.09648379183148467
3,2.2684931506849315,0.09616946618666784
4,2.3863013698630136,0.09612568166488496
5,3.5534246575342467,0.09587579511252733
6,4.589041095890411,0.09504799772193781
7,5.471232876712329,0.09528811464083294
8,6.084931506849316,0.10189791514146222
9,6.736986301369862,0.09562032388749256
10,7.2547945205479465,0.09533591389366233
11,7.734246575342466,0.0819974542461001
12,7.810958904109589,0.09557732284440375
13,11.282191780821917,0.09535260780829234
14,12.241095890410962,0.09509333959348297
15,20.295890410958904,0.09917870635799868
