,maturity,rates
1,0.13150684931506848,0.001872576312832098
2,0.5315068493150685,0.00562102949304815
3,0.589041095890411,0.004661176869814983
4,0.9534246575342464,0.010370905687887852
5,1.0876712328767124,0.01316742299255461
6,1.1452054794520548,0.009184558642793977
7,1.2986301369863014,0.015604956373470516
8,1.8739726027397257,0.020134488671496708
9,2.334246575342466,0.023361795036736303
10,3.2164383561643834,0.02731492346698075
11,3.5616438356164384,0.02908306510382928
12,3.8301369863013695,0.026513827376922282
13,3.8876712328767122,0.031005126681409808
14,4.482191780821919,0.03294433668765339
15,4.865753424657535,0.03426854764824667
16,5.0,0.03431658691556213
17,5.479452054794519,0.03642084877629486
18,5.556164383561644,0.035944190870624886
19,6.726027397260274,0.040143353818803434
20,8.643835616438357,0.04405526998483529
21,9.027397260273975,0.044143794426198486
22,9.986301369863014,0.0466425893210349
23,13.649315068493149,0.05124520129769617
24,15.164383561643836,0.05365263081293839
25,18.04109589041096,0.05544619964310131
