,maturity,rates
1,1.4821917808219178,0.016532688057491977
2,1.9424657534246568,0.020442172603740053
3,2.824657534246575,0.02564625743327313
4,3.1698630136986297,0.02707006255317332
5,3.4383561643835616,0.023725347961083856
6,3.495890410958904,0.02848644917903725
7,4.090410958904109,0.03102876380884538
8,4.473972602739726,0.03359744561581916
9,4.608219178082192,0.033540751942422044
10,5.087671232876712,0.033542541301536444
11,5.1643835616438345,0.035629532082264416
12,5.701369863013697,0.03814609524266986
13,6.3342465753424655,0.03973351581656028
14,8.252054794520548,0.04432139130725662
15,8.635616438356163,0.04490626264190746
16,9.594520547945203,0.04691827308096127
17,10.936986301369863,0.04908709273049682
18,13.257534246575348,0.05081636570853668
19,14.772602739726029,0.05306215665083965
20,15.904109589041095,0.05441848836050989
21,17.649315068493152,0.05443050556636441
