,maturity,rates
1,0.6876712328767123,0.017544788169084044
2,1.3205479452054794,0.026463590659918396
3,1.4383561643835616,0.02780627118438037
4,1.8383561643835613,0.027916029976965327
5,1.895890410958904,0.030102981886313687
6,2.3945205479452056,0.036745971101286704
7,2.6054794520547944,0.03834071354866222
8,3.1808219178082187,0.04204827322433674
9,3.641095890410959,0.04476607983589099
10,4.523287671232877,0.04741535511063934
11,4.868493150684932,0.04884749628891575
12,5.789041095890411,0.051527934762949375
13,6.306849315068492,0.052688706822940336
14,6.863013698630137,0.05373908024774292
15,9.95068493150685,0.058160068586898525
16,10.334246575342464,0.05803089740235012
17,11.293150684931504,0.05952444577096215
18,14.956164383561644,0.06377343077857987
19,19.34794520547945,0.06686933755843494
