,maturity,rates
0,0.03835616438356165,0.10529800371862633
1,0.03835716438356165,0.0014354794319552636
2,0.7479452054794521,0.020494991874350527
3,0.9013698630136986,0.023955397691394775
4,1.5342465753424657,0.032392761600830065
5,1.652054794520548,0.033402807285737524
6,2.052054794520548,0.03389328250186505
7,2.1095890410958904,0.037561662784321964
8,2.6082191780821917,0.041812786013010375
9,2.8191780821917813,0.04416337708160795
10,3.3945205479452056,0.047061998436401166
11,3.854794520547945,0.04900808768960232
12,4.736986301369863,0.05171516039579208
13,5.082191780821918,0.052726798786143836
14,5.35068493150685,0.05136364577059548
15,6.002739726027397,0.055011261930819726
16,6.520547945205481,0.05662969081187717
17,7.0,0.05324210923442554
18,7.076712328767122,0.057627909972364035
19,10.164383561643836,0.06209005457993075
20,10.547945205479452,0.0614104983560126
21,11.506849315068493,0.06282437120368899
22,15.169863013698633,0.06687342244892153
23,19.56164383561644,0.06722899160742192
