,maturity,rates
0,0.0054794520547945215,0.1483870929592571
1,0.4657534246575342,0.03690930098726479
2,0.5808219178082191,0.04282782440127501
3,1.0986301369863014,0.06185314503796941
4,1.6356164383561644,0.06616835814050093
5,1.6356174383561644,0.0801178536107423
6,2.345205479452055,0.09241866855041984
7,2.4986301369863013,0.09515119898238368
8,3.1315068493150684,0.09553645545969293
9,3.249315068493152,0.09812586119332388
10,3.649315068493152,0.08921627586049061
11,3.7068493150684927,0.09117405336451212
12,4.416438356164384,0.10589828673374127
13,4.991780821917809,0.10322256899684183
14,5.4520547945205475,0.11319412421612952
15,6.3342465753424655,0.10832206160358084
16,6.947945205479453,0.09154055971138443
17,7.6,0.11223006751445233
18,8.673972602739726,0.10611097189970316
20,12.145205479452054,0.0881022638600657
21,13.104109589041094,0.09136504743479476
22,14.734246575342464,0.07944002722927011
23,21.158904109589038,0.09778504515564132
