,maturity,rates
0,0.01643835616438356,-0.09608405227800608
1,0.3808219178082192,0.001979467709237875
2,0.5150684931506849,0.006812859131680407
3,0.5726027397260274,0.007869805757296877
4,0.726027397260274,0.009493557218737158
5,1.3013698630136987,0.015376256277166982
6,1.7616438356164383,0.02018533456200696
7,2.643835616438356,0.02626979983015484
8,2.989041095890411,0.029115872725550482
9,3.2575342465753425,0.02373359642425261
10,3.315068493150685,0.03096429999741112
11,3.9095890410958902,0.03346723041385431
12,4.293150684931507,0.03575594472101817
13,4.427397260273971,0.03676967955230076
14,4.906849315068493,0.036876130862473815
15,4.983561643835618,0.038955460235735866
16,5.520547945205481,0.040637062089554164
17,6.153424657534248,0.04265513675326429
18,8.071232876712331,0.047223981408117364
19,8.454794520547948,0.04839416640581173
20,9.413698630136986,0.050641319128310984
21,10.756164383561645,0.0528513670403437
22,11.043835616438356,0.029249750356138724
23,13.076712328767126,0.054712377818632585
24,14.591780821917805,0.05666835856876139
25,15.723287671232875,0.059142894694435164
26,17.468493150684928,0.05775862994825377
