,maturity,rates
0,0.7643835616438356,0.03995055026725367
1,1.1095890410958904,0.005933116577726478
2,1.378082191780822,0.005548604913606132
3,1.4356164383561645,0.007599149817591336
4,2.03013698630137,0.009680157150189423
5,2.4136986301369863,0.011403522871175464
6,2.547945205479452,0.011650206545918649
7,3.0273972602739727,0.01161906092523169
8,3.104109589041096,0.013649455278795634
9,3.238356164383561,0.0145333786710149
10,3.641095890410959,0.0155870423327372
11,4.024657534246575,0.016517682478488196
12,4.273972602739726,0.0173952469376901
13,5.021917808219178,0.020217830861835408
14,5.117808219178082,-0.03412052767642626
15,5.347945205479452,0.020627757753756512
16,6.041095890410959,0.056304172891872416
17,6.191780821917808,0.022344840099228762
18,6.249315068493153,0.02238252950875947
19,6.575342465753424,0.02301500030475516
20,7.2465753424657535,0.025399453782466497
21,7.534246575342466,0.02568041585372372
22,8.876712328767123,0.028456054517144176
23,9.75890410958904,0.02979861749950096
24,11.197260273972605,0.03164494589748195
25,12.712328767123287,0.034346611263316534
26,13.843835616438355,0.035542425623269785
27,15.032876712328768,0.036611854307709836
28,15.58904109589041,0.03795762593177402
29,18.695890410958906,0.03929228438593161
