,maturity,rates
1,0.7315068493150685,0.01864165476863459
2,1.3643835616438356,0.028107015833063933
3,1.4821917808219178,0.029283251253395693
4,1.9397260273972603,0.032162491686618576
5,2.649315068493151,0.03983343958158067
6,3.2246575342465755,0.0434512852091184
7,3.684931506849315,0.04558881232954985
8,4.567123287671233,0.04843932885968765
9,4.912328767123288,0.05024724233194658
10,5.1808219178082195,0.047158946106706186
11,5.832876712328768,0.05279510056940482
12,6.35068493150685,0.054163450669593216
13,6.83013698630137,0.0543504794400994
14,6.906849315068492,0.05513908374440733
15,9.994520547945202,0.05923521580921616
16,10.37808219178082,0.05935446781378685
17,11.336986301369866,0.06074858670942265
18,15.0,0.06403161795405163
19,19.39178082191781,0.06780935588528217
