,maturity,rates
0,0.13972602739726028,0.06953204730197526
1,0.40821917808219177,0.033419032951320544
2,0.4657534246575342,0.036082667805261766
3,0.9260273972602739,0.048331696684009655
4,1.0410958904109588,0.05191576210803213
5,1.5589041095890408,0.05849027465381881
6,1.8657534246575345,0.060042031585043
7,2.095890410958904,0.06099200549126504
8,2.095891410958904,0.062041638711807026
9,2.8054794520547945,0.06648944984407983
10,2.958904109589041,0.06703767018166032
11,3.591780821917808,0.06839867301639169
12,3.7095890410958905,0.06930867705096841
13,4.109589041095891,0.06740219314536114
14,4.876712328767123,0.07292271514241021
15,5.4520547945205475,0.07225907658742285
16,5.912328767123287,0.07116540584352005
17,6.794520547945205,0.07412175265338262
18,7.4082191780821915,0.07752135390271597
19,8.06027397260274,0.07557713517287598
20,8.578082191780823,0.0770877522139464
21,9.134246575342466,0.07604783393177128
22,12.605479452054794,0.07878767675613225
23,13.564383561643837,0.07960674532075734
24,21.61917808219178,0.08979487418307716
