,maturity,rates
1,1.4547945205479451,0.04171952591764702
2,1.6082191780821915,0.043478645046276666
3,2.2410958904109592,0.0506817455501101
4,2.3589041095890413,0.051538494237552725
5,2.8164383561643835,0.05424560307634973
6,3.5260273972602736,0.05952975103219583
7,4.101369863013699,0.06205209840916525
8,4.561643835616438,0.06374885290232489
9,5.443835616438356,0.06765017950986968
10,6.057534246575343,0.06730503728245704
11,6.7095890410958905,0.0704516103608556
12,7.227397260273973,0.07119830642463247
13,7.706849315068491,0.07409809437625353
14,7.7835616438356166,0.07217728323053874
15,11.254794520547943,0.07436298624098388
16,12.213698630136989,0.07620931732289582
17,20.268493150684925,0.08461717845792695
