,maturity,rates
1,0.7342465753424657,0.057335575762024
2,0.7917808219178082,0.05641821278407195
3,1.2520547945205478,0.059330830181253014
4,1.8849315068493149,0.06783757379773962
5,2.4219178082191783,0.07035291403643426
6,3.1315068493150684,0.07217553842352789
7,3.2849315068493152,0.0714145685733858
8,3.9178082191780814,0.07432620191546414
9,4.035616438356166,0.07862652483143814
10,5.2027397260273975,0.07827071226244936
11,5.778082191780823,0.0814236159453883
12,7.120547945205479,0.07671067442815628
13,7.734246575342466,0.07428643153516205
14,8.386301369863014,0.08279940134039933
15,8.904109589041097,0.08445255149271602
16,9.46027397260274,0.08176027729770248
17,12.931506849315069,0.08392204948178192
18,13.89041095890411,0.08736640457347515
19,21.945205479452056,0.08621960574115098
