,maturity,rates
0,0.3205479452054795,0.1278112977645255
1,0.8383561643835616,0.1189682289805753
2,1.3753424657534246,0.11642751475834184
3,2.084931506849315,0.12360944591514374
4,2.238356164383561,0.1212973648959866
5,2.871232876712329,0.12202070342912298
6,2.989041095890411,0.12225574107790177
7,4.156164383561643,0.12343936949516536
8,4.7315068493150685,0.12312540186383893
9,5.191780821917809,0.12376407266927134
10,6.073972602739726,0.12453158324487237
11,7.339726027397259,0.12211705450413568
12,7.857534246575343,0.12427698549122501
13,8.413698630136986,0.12133708817308402
14,11.884931506849314,0.11915021636107082
15,12.843835616438355,0.1216895582887144
16,20.898630136986306,0.11402782645260232
