,maturity,rates
0,0.1506849315068493,0.09378041007531693
1,0.3808219178082192,0.013585092158702154
2,0.3808229178082192,0.013284558819937328
3,1.0904109589041096,0.028771948152535143
4,1.2438356164383562,0.03139699132309823
5,1.8767123287671232,0.040188410792156216
6,1.9945205479452053,0.031799427613044176
7,2.4520547945205484,0.04637453926609333
8,2.9506849315068493,0.04881850417838607
9,3.008219178082192,0.03878574267241968
10,3.1616438356164385,0.04954094900342886
11,3.736986301369863,0.053511011693459294
12,4.197260273972603,0.0560601628482015
13,5.079452054794522,0.05812372903496098
14,5.424657534246576,0.060148517471402166
15,5.693150684931508,0.058007684585485074
16,6.345205479452055,0.06259396732882486
17,6.863013698630137,0.06428176007636276
18,7.342465753424658,0.06580400293004231
19,7.419178082191781,0.06543106704822382
20,9.432876712328767,0.04140812716612907
22,10.89041095890411,0.06723574198868965
23,11.849315068493151,0.06891899930921208
24,15.512328767123284,0.07200904104317066
25,19.904109589041095,0.07770772050651077
