,maturity,rates
0,0.4356164383561644,0.0728265529202078
1,0.7041095890410959,0.0581730886812775
2,0.7616438356164383,0.056878991205065364
3,1.2219178082191782,0.06805395041010072
4,1.336986301369863,0.06523097945388509
5,1.8547945205479448,0.07521114317883673
6,2.1616438356164385,0.07846401365354222
7,2.3917808219178083,0.05944765939325804
8,2.3917818219178084,0.08077455778201426
9,3.1013698630136988,0.08537851767813857
10,3.2547945205479447,0.0848386148170007
11,3.8876712328767122,0.08733773201769987
12,4.005479452054795,0.08767785460089607
13,4.405479452054794,0.08743511654257119
14,5.172602739726028,0.07112838383722211
15,5.747945205479453,0.08118693223230178
16,6.208219178082192,0.08793262407208527
17,7.090410958904108,0.09241812837017918
18,7.7041095890410975,0.08331815187584689
19,8.356164383561643,0.09093852689179224
20,8.873972602739727,0.09261231082480592
21,9.353424657534246,0.056555218231138314
22,9.43013698630137,0.09283542164911852
23,12.901369863013699,0.09305649626102096
24,13.860273972602739,0.09352839194145963
