,maturity,rates
1,1.5698630136986302,0.013161885659976098
2,1.9150684931506847,0.01555089182268931
3,2.1835616438356165,0.0114757446014826
4,2.2410958904109592,0.01713872164757099
5,2.8356164383561637,0.020206678880585967
6,3.2191780821917813,0.021750864919052888
7,3.3534246575342466,0.02244404101677529
8,3.8328767123287673,0.02193325382823842
9,3.9095890410958902,0.024603266897338737
10,4.446575342465755,0.026842817592750253
11,4.83013698630137,0.027708159265108324
12,5.079452054794522,0.028255155023123736
13,6.153424657534248,0.031178115663118056
14,6.997260273972603,0.03259676685949163
15,7.054794520547945,0.03292329233201021
16,7.380821917808219,0.033898084051595175
17,8.33972602739726,0.03594149837254342
18,9.682191780821919,0.038244407919692205
19,10.564383561643837,0.03932908074411185
20,12.002739726027393,0.04109856673170579
21,13.517808219178082,0.04364117101450015
22,14.649315068493149,0.045166148559564384
23,16.394520547945206,0.047488881328159926
24,19.5013698630137,0.04825065057065298
