,maturity,rates
0,0.22465753424657534,0.08951453527962798
1,0.3780821917808219,0.009572312042335334
2,1.0109589041095892,0.019635930401332886
3,1.1287671232876713,0.020862646520394053
4,1.5287671232876712,0.022378142757227017
5,1.9506849315068493,0.023159975533853332
6,2.084931506849315,0.030089639528640032
7,2.1424657534246574,0.02241197314620364
8,2.2958904109589042,0.03221960474979594
9,2.871232876712329,0.03609442810144886
10,3.3315068493150686,0.038660326880175545
11,4.213698630136986,0.04239894538794628
12,4.558904109589041,0.04352186619877877
13,4.8273972602739725,0.04154549567579354
14,5.479452054794519,0.04671861846279772
15,5.997260273972603,0.048098501818699166
16,6.476712328767122,0.049353154857949666
17,6.553424657534246,0.049455490605127495
18,9.641095890410961,0.0565897382968296
19,10.024657534246575,0.055873201317658265
20,10.983561643835616,0.057858546054216274
21,12.613698630136984,0.06571840462878473
22,14.646575342465756,0.06345219553566651
23,19.038356164383558,0.06651864141015673
