,maturity,rates
0,0.7671232876712328,0.10235856992143676
1,1.476712328767123,0.09644461134092365
2,1.6301369863013702,0.0965446261426833
3,2.263013698630137,0.09658438942579761
4,2.3808219178082197,0.0965563417525492
5,2.838356164383561,0.08445276485656916
6,3.5479452054794516,0.09637374959950828
7,4.123287671232877,0.09585561743863603
8,4.583561643835616,0.09605718844088088
9,5.465753424657534,0.09557133430137965
10,6.079452054794522,0.09251170459579824
11,6.7315068493150685,0.09620515611502888
12,7.249315068493152,0.09635302389020332
13,7.72876712328767,0.08170768984308312
14,7.805479452054794,0.0963733004399926
15,11.276712328767125,0.09616478618391137
16,12.235616438356164,0.09580354309984697
17,20.290410958904108,0.09839549748021653
