,maturity,rates
1,0.9068493150684932,0.024089811369893417
2,1.5397260273972602,0.0325401530001686
3,1.6575342465753424,0.03336453326688275
4,2.115068493150685,0.036182760459616964
5,2.824657534246575,0.04411654687142133
6,3.4,0.04695508807732464
7,3.8602739726027404,0.048762476435462825
8,4.742465753424658,0.051619233188394065
9,5.087671232876712,0.0526736163723159
10,6.008219178082192,0.055048829491197535
11,6.526027397260274,0.05645222288277819
12,7.082191780821918,0.05758081950271826
13,10.169863013698633,0.061954042254844015
14,10.553424657534247,0.06124345898483804
15,11.512328767123284,0.06279997973215579
16,15.175342465753426,0.06666948707477116
17,19.567123287671233,0.06946882886764373
