,maturity,rates
1,0.6931506849315069,0.028153087141480564
2,0.9232876712328768,0.03818932257517383
3,0.9232886712328768,0.0370232323141261
4,1.6328767123287669,0.051703313845354544
5,1.7863013698630137,0.055571874354644564
6,2.419178082191781,0.06390375786292725
7,2.536986301369863,0.06432512103981214
8,2.936986301369863,0.06528500112955261
9,3.493150684931507,0.07165835200430673
10,3.7041095890410958,0.07451063300459472
11,4.279452054794521,0.07805111572617324
12,4.7397260273972615,0.07951802819484101
13,5.6219178082191785,0.08186233329997689
14,6.887671232876714,0.08603967563088401
15,7.405479452054794,0.08720393734553869
16,7.884931506849315,0.09261691787822536
17,7.961643835616439,0.0881653775933708
18,11.432876712328767,0.09078555234937943
19,12.391780821917806,0.09194184257358456
20,20.446575342465753,0.09576985643588526
