,maturity,rates
0,0.8273972602739726,0.0680097557840698
1,1.4027397260273973,0.0667187078056423
2,1.8630136986301369,0.06851980560950646
3,2.7452054794520553,0.06969919499395485
4,3.0904109589041098,0.06908754539784401
5,3.3589041095890413,0.06054595994473732
6,3.416438356164384,0.07084728479518895
7,4.0109589041095886,0.06978103216085264
8,4.3945205479452065,0.0713782487177836
9,4.528767123287671,0.07038045470553758
10,5.008219178082191,0.07084344309843463
11,5.084931506849316,0.07055608282730987
12,5.6219178082191785,0.07313091810332575
13,6.2547945205479465,0.0728989767300016
14,8.172602739726027,0.07409437941324713
15,8.556164383561644,0.07430355188148548
16,9.515068493150684,0.07382826447170862
17,10.857534246575344,0.07525685290447008
18,13.178082191780822,0.07534596689909132
19,14.693150684931505,0.07583534613182032
20,15.824657534246574,0.07662871300602464
21,17.56986301369863,0.07605045137197121
