,maturity,rates
1,0.6109589041095891,0.010746724113706587
2,1.0684931506849316,0.013771736757877996
3,1.7780821917808218,0.024687847177919147
4,2.3534246575342466,0.02933805909114611
5,2.8136986301369857,0.03239270744912924
6,3.695890410958904,0.03647189485476236
7,4.04109589041096,0.03795720197941292
8,4.30958904109589,0.034884013829451915
9,4.961643835616439,0.0416439686264433
10,5.345205479452055,0.042875375034707904
11,5.479452054794519,0.04336144862916283
12,6.035616438356165,0.04425106804544418
13,7.205479452054795,0.0471975192514225
14,9.123287671232877,0.04977054675545327
15,9.506849315068491,0.0494609408529194
16,10.465753424657533,0.05143023503684506
17,14.128767123287673,0.05529647209005813
18,15.643835616438356,0.057895146219503875
19,18.520547945205482,0.06087451677799965
