,maturity,rates
1,0.5315068493150685,0.04024391199010848
2,0.9917808219178084,0.05328230031075228
3,1.1068493150684928,0.05554391882119715
4,1.6246575342465754,0.0615954290286244
5,2.1616438356164385,0.06572986513996057
6,2.871232876712329,0.06811652560685391
7,3.0246575342465762,0.06936530882584759
8,3.6575342465753424,0.07059566040347505
9,3.775342465753425,0.07075252467665813
10,4.942465753424657,0.07312156145297491
11,5.5178082191780815,0.07289410135165565
12,5.978082191780822,0.07475230987160965
13,6.860273972602742,0.0747295464608262
14,7.473972602739726,0.08148114740010108
15,8.126027397260273,0.07475721208229054
16,8.643835616438357,0.07578741061381701
17,9.2,0.07598485337608993
18,12.67123287671233,0.0796618597649493
19,13.63013698630137,0.07949453027048377
