,maturity,rates
1,0.4356164383561644,0.034907081068464615
2,0.8958904109589041,0.049503341429239005
3,1.0109589041095892,0.0484994251590182
4,1.5287671232876712,0.057906121027439625
5,2.7753424657534245,0.06693412248526291
6,2.928767123287672,0.06785077962229226
7,3.5616438356164384,0.06981075142716253
8,3.67945205479452,0.06960581788180027
9,4.846575342465753,0.07310011327597392
10,5.882191780821918,0.07390320033714252
11,6.764383561643838,0.0752430049369223
12,7.3780821917808215,0.0761306947153509
13,8.03013698630137,0.07635111523957637
14,9.104109589041096,0.07712051575643769
15,12.575342465753426,0.07964631094626576
16,13.534246575342467,0.08016033654742465
17,21.589041095890412,0.08694968834218238
