,maturity,rates
1,0.5753424657534246,0.010076941548853682
2,1.0328767123287672,0.013310745889371568
3,1.7424657534246577,0.023434922257815145
4,2.317808219178082,0.028169948769051927
5,2.778082191780822,0.03145035300748165
6,3.6602739726027407,0.035253815998651385
7,4.005479452054795,0.03678192006044675
8,4.273972602739726,0.03456284191548496
9,4.926027397260274,0.0404366898900213
10,5.30958904109589,0.042958675267573215
11,5.443835616438356,0.042532528323277134
12,5.923287671232878,0.043613863014445815
13,6.0,0.0435667796883823
14,7.16986301369863,0.04699854693927878
15,9.087671232876714,0.049706833679246304
16,9.471232876712328,0.05007731262241849
17,10.43013698630137,0.05115123138960483
18,14.093150684931507,0.0551478256644428
19,15.608219178082194,0.05773388600988681
20,18.48493150684932,0.0611268963686394
