,maturity,rates
1,0.4164383561643836,0.00989003234930606
2,1.0493150684931507,0.020086141727028526
3,1.167123287671233,0.02127852709882867
4,1.6246575342465754,0.024618516496932842
5,2.334246575342466,0.032518673802467285
6,2.9095890410958902,0.03655817655762065
7,3.3698630136986303,0.03886488220186883
8,4.252054794520548,0.041925142052181404
9,4.597260273972604,0.04282254923355601
10,4.865753424657535,0.041711258150580896
11,5.5178082191780815,0.046250604223909066
12,6.035616438356165,0.04796000435830328
13,6.515068493150685,0.04931173325216005
14,6.5917808219178085,0.04944769892661245
15,9.679452054794519,0.05537436295424797
16,10.063013698630137,0.05463211667702434
17,11.02191780821918,0.057211314577402625
18,14.684931506849315,0.06176705068875125
19,19.07671232876713,0.06543312862200218
