,maturity,rates
1,0.6301369863013698,0.005942764071381376
2,1.5123287671232877,0.012185218092392116
3,1.8575342465753424,0.014716665952433284
4,2.126027397260274,0.010747420545270864
5,2.1835616438356165,0.016166354271541394
6,2.778082191780822,0.018989552674823527
7,3.1616438356164385,0.02045273551708932
8,3.2958904109589042,0.02130206728692689
9,3.775342465753425,0.020992868872479583
10,3.8520547945205488,0.023608495305511148
11,4.389041095890411,0.025218491890064976
12,4.772602739726027,0.02620754196821985
13,5.021917808219178,0.026722401946181508
14,6.095890410958903,0.029862440435817667
15,6.93972602739726,0.031905165532372465
16,6.997260273972603,0.03126880081297475
17,7.323287671232878,0.032315135150945515
18,8.282191780821918,0.03429762297979495
19,9.624657534246575,0.03660916441745702
20,9.912328767123286,0.025141920804076758
21,10.506849315068491,0.0378384010268617
22,11.945205479452055,0.03982146570928472
23,13.460273972602739,0.04257464457458615
24,14.591780821917805,0.043751434185427984
25,16.336986301369862,0.04616118446305227
26,19.44383561643836,0.046994733294384285
