,maturity,rates
0,0.6164383561643836,0.06344984732345038
1,1.498630136986301,0.0609453418642471
2,1.8438356164383565,0.06113503702604631
3,2.112328767123288,0.05347660870782192
4,2.1698630136986297,0.06130002608830484
5,2.7643835616438355,0.06159103351706557
6,3.1479452054794512,0.06211161360389999
7,3.2821917808219183,0.06180318585618612
8,3.761643835616439,0.057175331031390754
9,3.8383561643835615,0.06216392866883264
10,4.375342465753425,0.0624531532078004
11,4.758904109589041,0.06270939844879021
12,5.008219178082191,0.06252927105197514
13,6.082191780821918,0.06380502176230418
14,6.926027397260274,0.06420462100216126
15,6.983561643835618,0.0645063107125111
16,7.30958904109589,0.06417653979620115
17,8.26849315068493,0.06416842299924175
18,9.610958904109587,0.06486458070397007
19,10.493150684931509,0.06539912549145394
20,11.931506849315069,0.0667402393885461
21,13.446575342465751,0.06806656891454418
22,14.578082191780824,0.0683488457014728
23,16.323287671232876,0.07109611056806461
24,19.43013698630137,0.06802292466479927
