,maturity,rates
1,0.6520547945205479,0.03968718532671128
2,1.16986301369863,0.05296549028095191
3,1.7068493150684931,0.06339927462028787
4,2.416438356164384,0.07203530657553034
5,2.5698630136986296,0.07313176502228262
6,3.202739726027397,0.07763153428738606
7,3.32054794520548,0.07774537151918229
8,4.487671232876712,0.07347661205426534
9,5.523287671232877,0.08516739578912493
10,6.405479452054794,0.08631045116077365
11,7.019178082191781,0.08016748737173472
12,8.189041095890412,0.08905465038249392
13,8.668493150684931,0.08764860157739764
14,8.745205479452055,0.08692808816539059
15,12.216438356164383,0.08900693359741947
16,13.175342465753426,0.09141537063783878
17,21.23013698630137,0.09043536578641616
