,maturity,rates
1,1.1123287671232878,0.013414234055658008
2,1.5726027397260274,0.01782258396954283
3,2.4547945205479453,0.025009401138161802
4,2.8,0.02739998158226907
5,3.068493150684932,0.02296241110937013
6,3.1260273972602737,0.02920482840858655
7,3.72054794520548,0.03190114253673712
8,4.104109589041096,0.0336758926257893
9,4.238356164383561,0.034562389278414755
10,4.717808219178083,0.03446380142132513
11,4.794520547945205,0.03696544932373914
12,5.331506849315068,0.03973278589441246
13,5.964383561643835,0.04162769469990689
14,7.882191780821918,0.04610020371258791
15,8.265753424657534,0.04668906852832964
16,9.224657534246576,0.048896301863127316
17,10.567123287671233,0.051388835624702665
18,12.887671232876713,0.053886302653601344
19,14.402739726027393,0.05568934719842706
20,15.534246575342467,0.05679430680832352
21,17.279452054794525,0.05776004503711073
