,maturity,rates
0,0.5753424657534246,0.0609682322506236
1,0.8438356164383561,0.0591351750088581
2,0.9013698630136986,0.058606558808619674
3,1.3616438356164384,0.060095229714842255
4,1.476712328767123,0.060306205124547325
5,1.9945205479452053,0.04336113374589173
6,2.5315068493150683,0.06522674920075652
7,3.2410958904109592,0.06804384595131768
8,3.3945205479452056,0.06833848117675578
9,4.027397260273974,0.06943313326246243
10,4.145205479452055,0.06911041210032341
11,5.312328767123288,0.07258882549436337
12,5.887671232876714,0.0727828444762754
13,6.347945205479452,0.07435750231771678
14,7.230136986301369,0.07489245529413367
15,7.843835616438357,0.08043349060137044
16,8.495890410958904,0.07651525562118139
17,9.013698630136986,0.0768256143513601
18,9.493150684931509,0.06107714794505277
19,9.56986301369863,0.07920162825409738
20,13.041095890410961,0.08025745589099806
21,14.0,0.08146455929610388
22,22.054794520547944,0.08744439236833121
