,maturity,rates
1,1.4,0.04050516193296967
2,1.5534246575342463,0.042359000026878486
3,2.1863013698630143,0.05107752122512716
4,2.304109589041096,0.052138898812372006
5,2.7616438356164386,0.05128785383112792
6,3.4712328767123286,0.06127738744691316
7,4.046575342465753,0.06337901969269777
8,4.506849315068493,0.06546951920080503
9,5.389041095890411,0.06802041124530936
10,6.002739726027397,0.06586610036085637
11,6.654794520547945,0.07148505667008148
12,7.1726027397260275,0.07199322963766634
13,7.652054794520548,0.07006885000679121
14,7.728767123287669,0.07362893442918812
15,11.2,0.07592273118734226
16,12.158904109589045,0.07649622651025738
17,20.21369863013698,0.07882336146669519
