,maturity,rates
0,0.3589041095890411,0.0715392367227405
1,0.4164383561643836,0.004449236126780308
2,0.5698630136986301,0.007418562397601304
3,1.1452054794520548,0.013534070487572887
4,1.6054794520547946,0.01795677820838
5,2.4876712328767123,0.025200990949852318
6,2.832876712328768,0.02772889122298007
7,3.1013698630136988,0.02265564130320336
8,3.1589041095890407,0.029390634253270813
9,3.753424657534248,0.0323652081425087
10,4.136986301369864,0.03435297136871513
11,4.271232876712329,0.03480367375934013
12,4.750684931506847,0.034606609355498225
13,4.8273972602739725,0.03716219459585902
14,5.364383561643836,0.0398315070263985
15,5.997260273972603,0.04086955518112808
16,6.8410958904109584,0.026992469237661108
17,7.9150684931506845,0.04709459557052798
18,8.298630136986299,0.047722426324306434
19,9.257534246575343,0.0498268427140689
20,10.6,0.05178188181234546
21,12.920547945205481,0.05496657320568018
22,14.435616438356163,0.05704022919762605
23,15.567123287671233,0.05695176608100753
24,17.312328767123287,0.05853320050263144
