,maturity,rates
1,1.2410958904109588,0.013011630613406756
2,2.1232876712328768,0.02037129068018199
3,2.4684931506849317,0.023179570728123988
4,2.736986301369863,0.0187804593579856
5,2.794520547945205,0.02498827007261885
6,3.389041095890412,0.028475721792828833
7,3.7726027397260284,0.030294343790985882
8,3.906849315068493,0.031333067467254734
9,4.3863013698630136,0.03157993933470832
10,4.463013698630137,0.033804947313922785
11,5.0,0.03548936189088515
12,5.632876712328768,0.03719093310226839
13,7.550684931506847,0.041766999666036704
14,7.608219178082192,0.04254767611584046
15,7.934246575342466,0.0430088102014566
16,8.89315068493151,0.04537330554696202
17,10.235616438356164,0.048354822794439006
18,12.556164383561645,0.05043729986624956
19,14.07123287671233,0.05245704304217266
20,15.202739726027398,0.054524911887105065
21,16.947945205479453,0.056412270814874474
