,maturity,rates
0,0.0547945205479452,0.10707000483154608
1,0.16986301369863013,0.011584742135418135
2,0.6876712328767123,0.03124227083190537
3,0.9945205479452056,0.04384310769705546
4,1.2246575342465753,0.03379411286224688
5,1.2246585342465752,0.046676153207967495
6,1.9342465753424656,0.057027448282395726
7,2.0876712328767124,0.05856464758804024
8,2.7205479452054795,0.06614135252754967
9,2.838356164383561,0.06529134247362457
10,5.04109589041096,0.07857027267253533
11,5.923287671232878,0.0812698935842518
12,6.536986301369862,0.08306276699564967
13,7.189041095890411,0.08334712127125278
14,7.706849315068491,0.08327741797441199
15,8.186301369863013,0.09003971084894585
16,8.263013698630138,0.08334810971027126
17,11.734246575342464,0.0848287660897849
18,12.693150684931505,0.08788072082944659
19,20.747945205479454,0.09368793875927506
