,maturity,rates
0,0.3972602739726027,0.08987547088917587
1,0.5506849315068493,0.013534953637259184
2,1.1835616438356165,0.02418707113530982
3,1.3013698630136987,0.02553535232281436
4,1.7013698630136986,0.024098818758081682
5,1.7589041095890412,0.02896884593019827
6,2.2575342465753425,0.035093706073492964
7,2.3150684931506853,0.026316663655472
8,2.4684931506849317,0.037461740661387695
9,3.0438356164383564,0.040818292921656056
10,3.504109589041096,0.043672334639740136
11,4.3863013698630136,0.04773612172859158
12,4.7315068493150685,0.0492090214417814
13,5.0,0.046604950276652415
14,5.652054794520548,0.05260116724597165
15,6.16986301369863,0.05477580749773645
16,6.726027397260274,0.056133411294818934
17,9.813698630136988,0.060649797282809774
18,10.197260273972603,0.06134452159654714
19,11.156164383561645,0.06352496557894155
20,14.81917808219178,0.06715984310961215
21,19.21095890410959,0.07081763232743796
