,maturity,rates
0,0.07945205479452055,0.05862060841318813
1,0.9616438356164384,0.006604297293915656
2,1.3068493150684932,0.008557118328176544
3,1.5753424657534247,0.007642089597127947
4,1.6328767123287669,0.010329207550672664
5,2.2273972602739724,0.012800135640781928
6,2.6109589041095886,0.014343672332809091
7,2.7452054794520557,0.015126775859556222
8,3.2246575342465755,0.017112330733721526
9,3.3013698630136985,0.01700231699011349
10,3.4356164383561643,0.01786717495211946
11,3.8383561643835615,0.01909945613301528
12,4.221917808219178,0.019991812193387533
13,4.471232876712329,0.02088978511576833
14,5.315068493150685,-0.003249795074810784
15,5.545205479452053,0.023627274584668772
16,6.238356164383561,0.06242909271436965
17,6.389041095890411,0.025349476644153456
18,6.446575342465754,0.02544708516084853
19,6.772602739726027,0.02583820574824925
20,7.443835616438356,0.02828439310714325
21,7.7315068493150685,0.028240265748287783
22,9.073972602739726,0.03064802295648216
23,9.956164383561644,0.032260981357258064
24,11.394520547945206,0.03390889458830895
25,12.909589041095893,0.0359919244339808
26,14.041095890410961,0.03688042910195435
27,15.786301369863011,0.039775001632224236
28,18.893150684931506,0.040595857807165035
