,maturity,rates
1,1.2849315068493148,0.015275644251901931
2,1.86027397260274,0.019871495318685525
3,2.32054794520548,0.0230152714809251
4,3.202739726027397,0.02683774383110025
5,3.547945205479452,0.028711083228202743
6,3.816438356164384,0.02616047069521368
7,3.8739726027397263,0.030487645069879093
8,4.468493150684932,0.032769395171553584
9,4.852054794520548,0.03316534434461308
10,4.986301369863012,0.030314600907472632
11,5.465753424657534,0.034408025188888205
12,5.542465753424659,0.03578677213642647
13,6.712328767123287,0.039524148698328126
14,8.63013698630137,0.04292311324910035
15,9.013698630136986,0.04332835170108766
16,9.972602739726025,0.042530774073966084
17,13.635616438356163,0.050560991978255546
18,15.150684931506849,0.05296304633990093
19,18.02739726027397,0.05520093073063851
