,maturity,rates
1,1.4767123287671229,0.011773125858975796
2,1.8219178082191785,0.01363083591153143
3,2.0904109589041098,0.009907354258166851
4,2.147945205479452,0.015143473496745684
5,2.742465753424657,0.017933895388486137
6,3.1260273972602737,0.01923883670841391
7,3.2602739726027403,0.020003829410085543
8,3.73972602739726,0.01959171336020205
9,3.816438356164384,0.02207300218711088
10,4.353424657534247,0.023836230483144604
11,4.736986301369863,0.0248227383004371
12,4.986301369863012,0.022489860073281343
13,6.06027397260274,0.028238442559848274
14,6.904109589041097,0.030094155036555905
15,6.961643835616439,0.03034478337647894
16,7.287671232876713,0.03080789365655922
17,8.246575342465754,0.03277668688594948
18,9.58904109589041,0.03500696796810072
19,10.471232876712328,0.033670437652745015
20,11.909589041095893,0.038210389167719384
21,13.424657534246574,0.04043332187311557
22,14.556164383561645,0.04143391088032705
23,16.301369863013694,0.044844601842261966
24,19.40821917808219,0.04483813336978229
