,maturity,rates
1,1.3205479452054794,0.00900107612057346
2,1.5890410958904109,0.008168206237944453
3,1.6465753424657534,0.010514845846852632
4,2.2410958904109592,0.013286621784202724
5,2.6246575342465754,0.014756326150152488
6,2.7589041095890408,0.015433513316752431
7,3.238356164383561,0.015731234012147453
8,3.315068493150685,0.017559229714479874
9,3.4493150684931506,0.01818186817948117
10,3.8520547945205488,0.019397173078888424
11,4.235616438356163,0.02033148499670396
12,4.484931506849315,0.02136630950949181
13,5.558904109589042,0.023932850672027956
14,6.402739726027397,0.025903089843862317
15,6.4602739726027405,0.026075345128114852
16,6.786301369863014,0.026266052091205704
17,7.457534246575342,0.028808986546724338
18,7.745205479452053,0.02864694619134028
19,9.087671232876714,0.031063708779196886
20,9.96986301369863,0.032499254804259164
21,11.408219178082195,0.034296966021611884
22,12.923287671232874,0.03626213986506207
23,14.054794520547945,0.03723993837590056
24,15.8,0.03964081592352274
25,18.906849315068488,0.041150653731543946
