,maturity,rates
1,0.4958904109589041,0.020231007037701025
2,0.726027397260274,0.02640127650646374
3,0.726028397260274,0.027172877743949168
4,1.4356164383561645,0.041302406632847684
5,1.5890410958904109,0.04354127387340178
6,2.221917808219178,0.050686058769645485
7,2.33972602739726,0.05254420611746947
8,2.73972602739726,0.051417991322191235
9,2.797260273972603,0.05252645923266227
10,3.2958904109589042,0.05994426662495363
11,3.506849315068493,0.060918928853760865
12,4.082191780821918,0.06237039280799375
13,4.542465753424658,0.06536538340924443
14,5.424657534246576,0.06873328482228308
15,6.69041095890411,0.07151264104442813
16,7.208219178082192,0.07110396585046068
17,7.687671232876713,0.07328493193107125
18,7.764383561643838,0.0724059311188345
19,11.235616438356164,0.07525080923981431
20,12.194520547945206,0.0764931362736773
21,20.24931506849315,0.08197376372135103
