,maturity,rates
1,1.2684931506849315,0.01516971702154191
2,1.8438356164383565,0.019842675488523014
3,2.304109589041096,0.022847868818477148
4,3.186301369863014,0.027056195366297036
5,3.5315068493150683,0.028497847945865237
6,3.8,0.0262272942363027
7,3.857534246575343,0.030350166869461025
8,4.452054794520548,0.03248564563499718
9,4.8356164383561655,0.033583994902913535
10,4.96986301369863,0.034038917057437036
11,5.449315068493153,0.033573049130954866
12,5.526027397260274,0.035554199045219566
13,6.695890410958903,0.03924805081043836
14,8.613698630136986,0.04255641505185469
15,8.997260273972604,0.04294452537064753
16,9.956164383561644,0.04581336852435936
17,13.61917808219178,0.04976424836661402
18,15.134246575342464,0.052247765698494666
19,18.01095890410959,0.053902149826741526
