,maturity,rates
1,1.3232876712328767,0.015854649588775933
2,1.8986301369863008,0.02028058224701983
3,2.3589041095890413,0.023393770634343173
4,3.2410958904109592,0.027432056119376373
5,3.5863013698630137,0.02934087927373765
6,3.854794520547945,0.02803608754051506
7,3.912328767123288,0.03113025252405236
8,4.506849315068493,0.03280239930813248
9,4.890410958904108,0.034567687417318534
10,5.024657534246575,0.034624016577025025
11,5.504109589041097,0.034362471048315725
12,5.580821917808219,0.03634732901872991
13,6.750684931506847,0.04034670537437271
14,8.668493150684931,0.04462914536779465
15,9.052054794520547,0.044655394933688086
16,10.01095890410959,0.04717352204256741
17,13.673972602739726,0.05148156714164588
18,15.189041095890412,0.054362571718480086
19,18.06575342465753,0.05548323259307917
