,maturity,rates
1,0.5342465753424658,0.009295172932934862
2,0.9917808219178084,0.012476155527022609
3,1.7013698630136986,0.022769940785573668
4,2.2767123287671227,0.02733718902465796
5,2.736986301369863,0.030333011729709543
6,3.6191780821917807,0.03437826091717965
7,3.9643835616438365,0.03642511848722168
8,4.232876712328768,0.03416481303001289
9,4.884931506849315,0.03938844440908651
10,5.2684931506849315,0.040856919376022385
11,5.402739726027397,0.04191125499577118
12,5.882191780821918,0.043235844331740464
13,5.958904109589041,0.0427004457910369
14,7.128767123287673,0.045722889573889945
15,9.046575342465754,0.04880321464362808
16,9.43013698630137,0.0493076208758914
17,10.389041095890413,0.0504323570345625
18,14.052054794520547,0.05429945643930725
19,15.567123287671233,0.057141867537069874
20,18.44383561643836,0.06149898776556629
