,maturity,rates
1,1.1945205479452057,0.0128163297078281
2,2.0767123287671234,0.019799273926210826
3,2.4219178082191783,0.02261485044824136
4,2.6904109589041094,0.01827890713642588
5,2.7479452054794518,0.02430878848025406
6,3.3424657534246576,0.028015168163213828
7,3.7260273972602738,0.029487735091011193
8,3.8602739726027404,0.030467941107858543
9,4.339726027397258,0.031356595980859395
10,4.416438356164384,0.03285453451953275
11,4.953424657534247,0.035135307398597035
12,5.586301369863015,0.03650498684111913
13,7.504109589041097,0.041006250420993456
14,7.561643835616437,0.04214943486612385
15,7.887671232876714,0.0421547760522132
16,8.846575342465753,0.04460456925726864
17,10.189041095890412,0.047630621330162604
18,12.509589041095893,0.05001557716638294
19,14.024657534246574,0.051948893198674885
20,15.156164383561645,0.05406035094280257
21,16.9013698630137,0.056147330705153334
