,maturity,rates
1,0.13972602739726028,0.009755694035648807
2,0.6575342465753424,0.031205685264822938
3,0.9643835616438357,0.03908504413155204
4,1.1945205479452057,0.03491784279991466
5,1.1945215479452056,0.04553355611242738
6,1.904109589041096,0.05688061943035454
7,2.0575342465753423,0.0584022187747832
8,2.6904109589041094,0.06522791453617377
9,2.808219178082192,0.06583792912372581
10,3.208219178082192,0.06791527762764023
11,4.550684931506848,0.07244365135665005
12,6.506849315068492,0.08045607547605031
13,7.676712328767122,0.08126446797879258
14,8.156164383561642,0.09056390957703267
15,8.232876712328768,0.0819613031168097
16,11.704109589041094,0.0843953069184968
17,12.663013698630134,0.08572334298354463
18,20.717808219178078,0.09500228544326604
