,maturity,rates
1,1.1643835616438356,0.01283819137820555
2,2.0465753424657533,0.01972299951571517
3,2.3917808219178083,0.022368783788779
4,2.66027397260274,0.01786542812957975
5,2.7178082191780817,0.024286804116115755
6,3.3123287671232875,0.02777162721924905
7,3.695890410958904,0.029477220494806926
8,3.8301369863013695,0.030228001573060975
9,4.30958904109589,0.03002445237457499
10,4.3863013698630136,0.03242741471935475
11,4.923287671232877,0.03499912875364513
12,5.306849315068493,0.03619627437563474
13,5.556164383561644,0.036266264823912216
14,7.473972602739726,0.0415345904987733
15,7.531506849315067,0.04170222675698529
16,7.857534246575343,0.042039785079462766
17,8.816438356164383,0.04435880682803299
18,10.158904109589043,0.04738333942404965
19,12.47945205479452,0.04970998865584318
20,13.994520547945205,0.05214131431578256
21,15.126027397260273,0.05395347344952952
22,16.87123287671233,0.05496206657174937
